-- MySQL dump 10.13  Distrib 5.6.14, for Linux (i686)
--
-- Host: localhost    Database: admission
-- ------------------------------------------------------
-- Server version	5.6.14-debug-log

/*!40101 SET @OLD_CHARACTER_SET_CLIENT=@@CHARACTER_SET_CLIENT */;
/*!40101 SET @OLD_CHARACTER_SET_RESULTS=@@CHARACTER_SET_RESULTS */;
/*!40101 SET @OLD_COLLATION_CONNECTION=@@COLLATION_CONNECTION */;
/*!40101 SET NAMES utf8 */;
/*!40103 SET @OLD_TIME_ZONE=@@TIME_ZONE */;
/*!40103 SET TIME_ZONE='+00:00' */;
/*!40014 SET @OLD_UNIQUE_CHECKS=@@UNIQUE_CHECKS, UNIQUE_CHECKS=0 */;
/*!40014 SET @OLD_FOREIGN_KEY_CHECKS=@@FOREIGN_KEY_CHECKS, FOREIGN_KEY_CHECKS=0 */;
/*!40101 SET @OLD_SQL_MODE=@@SQL_MODE, SQL_MODE='NO_AUTO_VALUE_ON_ZERO' */;
/*!40111 SET @OLD_SQL_NOTES=@@SQL_NOTES, SQL_NOTES=0 */;

--
-- Table structure for table `catalogs`
--

DROP TABLE IF EXISTS `catalogs`;
/*!40101 SET @saved_cs_client     = @@character_set_client */;
/*!40101 SET character_set_client = utf8 */;
CREATE TABLE `catalogs` (
  `id` int(4) NOT NULL AUTO_INCREMENT,
  `specialty` int(4) unsigned NOT NULL,
  `baseedu` int(2) NOT NULL,
  `term` double NOT NULL,
  `termm` int(2) unsigned DEFAULT NULL COMMENT 'месяцев',
  `start_semestr` int(2) unsigned NOT NULL DEFAULT '1' COMMENT 'Начальный семестр',
  `internet` tinyint(1) NOT NULL DEFAULT '0' COMMENT 'Возможно интернет-обучение',
  `base_id` int(4) unsigned NOT NULL COMMENT 'ЕдШифрПлана в базе',
  `archive` tinyint(1) NOT NULL DEFAULT '0' COMMENT 'Находится в архиве',
  `applicable` tinyint(1) NOT NULL DEFAULT '0' COMMENT 'Ведется ли прием на данную специальность',
  `basicsemestr` int(2) NOT NULL DEFAULT '1' COMMENT 'Минимальный семестр зачисления',
  `viewable` tinyint(1) NOT NULL DEFAULT '1',
  PRIMARY KEY (`id`),
  KEY `specialty` (`specialty`),
  KEY `baseedu` (`baseedu`),
  CONSTRAINT `catalogs_ibfk_3` FOREIGN KEY (`specialty`) REFERENCES `specialties` (`id`) ON DELETE CASCADE ON UPDATE CASCADE,
  CONSTRAINT `catalogs_ibfk_4` FOREIGN KEY (`baseedu`) REFERENCES `education_type` (`id`) ON DELETE CASCADE ON UPDATE CASCADE
) ENGINE=InnoDB AUTO_INCREMENT=62 DEFAULT CHARSET=utf8 COMMENT='Список учебных планов';
/*!40101 SET character_set_client = @saved_cs_client */;

--
-- Dumping data for table `catalogs`
--

LOCK TABLES `catalogs` WRITE;
/*!40000 ALTER TABLE `catalogs` DISABLE KEYS */;
INSERT INTO `catalogs` VALUES (1,3,1,6,NULL,1,0,218,0,0,7,1),(2,3,2,5,NULL,1,0,262,0,0,7,1),(3,4,1,6,NULL,1,0,172,0,0,7,1),(4,6,1,6,NULL,1,1,232,0,0,7,1),(5,6,2,4,NULL,1,1,233,0,0,7,1),(6,6,3,3,NULL,6,1,234,0,0,7,1),(7,8,1,4.5,NULL,1,1,231,0,0,7,1),(8,24,1,6,NULL,1,1,235,0,0,7,1),(9,24,2,4.5,NULL,1,1,246,0,0,7,1),(10,24,3,3.5,NULL,6,1,247,0,0,7,1),(11,25,1,6,NULL,1,1,249,0,0,7,1),(12,25,2,4,NULL,1,1,144,0,0,7,1),(13,25,3,3.5,NULL,5,1,149,0,0,7,1),(14,26,1,6,NULL,1,0,250,0,0,7,1),(15,26,2,4,NULL,1,0,146,0,0,7,1),(16,26,3,3.5,NULL,5,0,158,0,0,7,1),(17,27,1,5.5,NULL,1,0,230,0,0,7,1),(18,28,1,5.5,NULL,1,0,228,0,0,7,1),(19,32,1,5,NULL,1,0,248,0,0,7,1),(20,25,1,5.5,NULL,1,0,138,1,0,7,1),(21,26,1,5.5,NULL,1,0,139,1,0,7,1),(22,24,1,5.5,NULL,1,0,140,1,0,7,1),(23,24,2,4,NULL,1,0,150,1,0,7,1),(24,24,3,3.5,NULL,1,0,151,1,0,7,1),(25,33,1,6,NULL,1,0,254,0,0,7,1),(26,33,3,3.5,NULL,1,0,253,0,0,7,1),(27,34,1,5,NULL,1,0,255,0,0,7,1),(28,34,3,3,NULL,1,0,256,0,0,7,1),(31,36,1,6,NULL,1,0,237,0,0,7,1),(32,36,2,3.5,NULL,1,0,242,0,0,7,1),(33,36,3,3,NULL,1,0,243,0,0,7,1),(34,37,1,6,NULL,1,0,236,0,0,7,1),(35,37,2,3.5,NULL,1,0,240,0,0,7,1),(36,37,3,3,NULL,1,0,241,0,0,7,1),(37,38,1,6,NULL,1,0,238,0,0,7,1),(38,38,2,4,NULL,1,0,244,0,0,7,1),(39,38,3,3.5,NULL,1,0,245,1,0,7,1),(40,38,3,3.5,NULL,1,0,252,0,0,7,1),(41,39,1,2.8333333,NULL,5,0,132,1,0,7,1),(42,39,1,2.8333333,NULL,5,0,263,0,0,7,1),(43,40,1,2.8333333,NULL,5,0,174,0,0,7,1),(44,33,2,4,NULL,1,0,267,0,0,7,1),(45,42,1,4,6,1,1,0,0,1,1,1),(46,42,2,3,6,1,1,0,0,0,1,1),(47,43,1,4,6,1,1,0,0,1,1,1),(48,43,2,3,6,1,1,0,0,0,1,1),(50,44,1,4,6,1,1,0,0,1,1,1),(51,44,2,3,6,1,1,0,0,0,1,1),(53,46,1,5,NULL,1,0,0,0,1,1,1),(54,46,2,4,NULL,1,0,0,0,0,1,1),(55,45,1,5,NULL,1,0,0,0,0,1,1),(56,47,1,5,NULL,1,0,0,0,0,1,1),(57,47,2,4,NULL,1,0,0,0,0,1,1),(58,48,1,5,NULL,1,0,0,0,1,1,1),(59,49,1,4,6,1,1,0,0,0,1,0),(60,50,1,4,6,1,1,0,0,1,1,1),(61,51,1,5,NULL,1,0,0,0,1,1,1);
/*!40000 ALTER TABLE `catalogs` ENABLE KEYS */;
UNLOCK TABLES;

--
-- Table structure for table `catalogs_profiles`
--

DROP TABLE IF EXISTS `catalogs_profiles`;
/*!40101 SET @saved_cs_client     = @@character_set_client */;
/*!40101 SET character_set_client = utf8 */;
CREATE TABLE `catalogs_profiles` (
  `catalog` int(4) NOT NULL,
  `profile` int(2) NOT NULL,
  `base_id` int(4) NOT NULL,
  `applicable` tinyint(1) unsigned NOT NULL DEFAULT '1',
  `internet` tinyint(1) unsigned NOT NULL DEFAULT '1'
) ENGINE=InnoDB DEFAULT CHARSET=utf8 COMMENT='Соотношение профилей в базе';
/*!40101 SET character_set_client = @saved_cs_client */;

--
-- Dumping data for table `catalogs_profiles`
--

LOCK TABLES `catalogs_profiles` WRITE;
/*!40000 ALTER TABLE `catalogs_profiles` DISABLE KEYS */;
INSERT INTO `catalogs_profiles` VALUES (50,1,285,1,1),(51,1,286,0,1),(50,2,305,1,1),(51,2,306,0,1),(53,14,288,1,1),(54,14,289,0,0),(45,12,270,1,1),(46,12,271,0,1),(48,5,287,0,1),(47,5,299,0,1),(48,4,277,0,1),(47,4,298,0,1),(48,9,274,0,1),(47,9,294,0,1),(48,3,284,0,1),(47,3,297,0,1),(47,7,295,1,1),(48,7,276,0,1),(47,8,301,0,1),(48,8,290,0,1),(47,11,302,0,1),(48,11,304,0,1),(47,6,300,0,1),(48,6,303,0,1),(47,10,272,0,1),(48,10,273,0,1),(59,18,278,0,0),(60,18,280,1,0),(56,15,282,0,0),(57,15,283,0,0),(50,19,342,1,1),(51,19,359,0,1),(50,21,0,1,1),(50,22,0,1,1),(50,23,0,1,1),(61,20,0,1,0),(58,16,0,1,0);
/*!40000 ALTER TABLE `catalogs_profiles` ENABLE KEYS */;
UNLOCK TABLES;

--
-- Table structure for table `country`
--

DROP TABLE IF EXISTS `country`;
/*!40101 SET @saved_cs_client     = @@character_set_client */;
/*!40101 SET character_set_client = utf8 */;
CREATE TABLE `country` (
  `id` int(2) unsigned NOT NULL AUTO_INCREMENT,
  `name` varchar(70) DEFAULT NULL,
  `phone_code` int(3) unsigned NOT NULL DEFAULT '0',
  KEY `Индекс 1` (`id`)
) ENGINE=InnoDB AUTO_INCREMENT=4 DEFAULT CHARSET=utf8 COMMENT='Список стран';
/*!40101 SET character_set_client = @saved_cs_client */;

--
-- Dumping data for table `country`
--

LOCK TABLES `country` WRITE;
/*!40000 ALTER TABLE `country` DISABLE KEYS */;
INSERT INTO `country` VALUES (1,'Российская Федерация',7),(2,'Республика Беларусь',375),(3,'Узбекистан',998);
/*!40000 ALTER TABLE `country` ENABLE KEYS */;
UNLOCK TABLES;

--
-- Table structure for table `education_type`
--

DROP TABLE IF EXISTS `education_type`;
/*!40101 SET @saved_cs_client     = @@character_set_client */;
/*!40101 SET character_set_client = utf8 */;
CREATE TABLE `education_type` (
  `id` int(2) NOT NULL AUTO_INCREMENT,
  `name` char(50) NOT NULL DEFAULT 'Среднее (полное) общее образование',
  `short` varchar(5) NOT NULL COMMENT 'Короткое название типа образования',
  PRIMARY KEY (`id`)
) ENGINE=InnoDB AUTO_INCREMENT=4 DEFAULT CHARSET=utf8 COMMENT='Базовое образование';
/*!40101 SET character_set_client = @saved_cs_client */;

--
-- Dumping data for table `education_type`
--

LOCK TABLES `education_type` WRITE;
/*!40000 ALTER TABLE `education_type` DISABLE KEYS */;
INSERT INTO `education_type` VALUES (1,'Среднее (полное) общее образование','СО'),(2,'Среднее профессиональное образование','СПО'),(3,'Высшее образование','ВПО');
/*!40000 ALTER TABLE `education_type` ENABLE KEYS */;
UNLOCK TABLES;

--
-- Table structure for table `old_price_groups`
--

DROP TABLE IF EXISTS `old_price_groups`;
/*!40101 SET @saved_cs_client     = @@character_set_client */;
/*!40101 SET character_set_client = utf8 */;
CREATE TABLE `old_price_groups` (
  `id` int(2) unsigned NOT NULL COMMENT 'Идентификатор группы',
  `catalog` int(4) NOT NULL COMMENT 'Учебный план',
  `price` double NOT NULL,
  `percent` float NOT NULL DEFAULT '0',
  `start` date NOT NULL DEFAULT '2012-09-01',
  `end` date NOT NULL DEFAULT '2013-08-31',
  `applicant` tinyint(1) NOT NULL DEFAULT '0',
  UNIQUE KEY `id` (`id`,`catalog`,`start`,`applicant`),
  KEY `catalog` (`catalog`),
  CONSTRAINT `old_price_groups_ibfk_3` FOREIGN KEY (`id`) REFERENCES `price_groups_remark` (`id`) ON DELETE CASCADE ON UPDATE CASCADE,
  CONSTRAINT `old_price_groups_ibfk_4` FOREIGN KEY (`id`) REFERENCES `price_groups_remark` (`id`) ON DELETE CASCADE ON UPDATE CASCADE,
  CONSTRAINT `old_price_groups_ibfk_5` FOREIGN KEY (`catalog`) REFERENCES `catalogs` (`id`) ON DELETE CASCADE ON UPDATE CASCADE
) ENGINE=InnoDB DEFAULT CHARSET=utf8 COMMENT='Ценовые группы';
/*!40101 SET character_set_client = @saved_cs_client */;

--
-- Dumping data for table `old_price_groups`
--

LOCK TABLES `old_price_groups` WRITE;
/*!40000 ALTER TABLE `old_price_groups` DISABLE KEYS */;
INSERT INTO `old_price_groups` VALUES (1,1,12700,0,'2010-01-01','2011-02-28',0),(1,1,13900,0,'2011-03-01','2012-08-31',0),(1,1,14740,0,'2012-09-01','2013-08-31',0),(1,1,15700,0,'2013-09-01','2014-08-31',0),(1,1,17050,0,'2013-09-01','2014-08-31',1),(1,2,15600,0,'2010-01-01','2011-02-28',0),(1,2,17100,0,'2011-03-01','2012-08-31',0),(1,2,18140,0,'2012-09-01','2013-08-31',0),(1,2,19340,0,'2013-09-01','2014-08-31',0),(1,3,12700,0,'2010-01-01','2011-02-28',0),(1,3,13900,0,'2011-03-01','2012-08-31',0),(1,3,14740,0,'2012-09-01','2013-08-31',0),(1,3,15700,0,'2013-09-01','2014-08-31',0),(1,4,11300,0,'2010-01-01','2011-02-28',0),(1,4,12400,0,'2011-03-01','2012-08-31',0),(1,4,13140,0,'2012-09-01','2013-08-31',0),(1,4,14000,0,'2013-09-01','2014-08-31',0),(1,5,15600,0,'2010-01-01','2011-02-28',0),(1,5,17100,0,'2011-03-01','2012-08-31',0),(1,5,18100,0,'2012-09-01','2013-08-31',0),(1,5,19300,0,'2013-09-01','2014-08-31',0),(1,6,16200,0,'2010-01-01','2011-02-28',0),(1,6,17800,0,'2011-03-01','2012-08-31',0),(1,6,18860,0,'2012-09-01','2013-08-31',0),(1,6,20100,0,'2013-09-01','2014-08-31',0),(1,7,10800,0,'2010-01-01','2011-02-28',0),(1,7,12000,0,'2011-03-01','2012-08-31',0),(1,7,12700,0,'2012-09-01','2013-08-31',0),(1,7,13550,0,'2013-09-01','2014-08-31',0),(1,8,9100,0,'2010-01-01','2011-02-28',0),(1,8,10100,0,'2011-03-01','2012-08-31',0),(1,8,10700,0,'2012-09-01','2013-08-31',0),(1,8,11400,0,'2013-09-01','2014-08-31',0),(1,9,11100,0,'2010-01-01','2011-02-28',0),(1,9,12200,0,'2011-03-01','2012-08-31',0),(1,9,12940,0,'2012-09-01','2013-08-31',0),(1,9,13800,0,'2013-09-01','2014-08-31',0),(1,10,11800,0,'2010-01-01','2011-02-28',0),(1,10,13000,0,'2011-03-01','2012-08-31',0),(1,10,13780,0,'2012-09-01','2013-08-31',0),(1,10,14700,0,'2013-09-01','2014-08-31',0),(1,11,9100,0,'2010-01-01','2011-02-28',0),(1,11,10100,0,'2011-03-01','2012-08-31',0),(1,11,10700,0,'2012-09-01','2013-08-31',0),(1,11,11400,0,'2013-09-01','2014-08-31',0),(1,12,11100,0,'2010-01-01','2011-02-28',0),(1,12,12200,0,'2011-03-01','2012-08-31',0),(1,12,12940,0,'2012-09-01','2013-08-31',0),(1,12,13800,0,'2013-09-01','2014-08-31',0),(1,13,11800,0,'2010-01-01','2011-02-28',0),(1,13,13000,0,'2011-03-01','2012-08-31',0),(1,13,13780,0,'2012-09-01','2013-08-31',0),(1,13,14700,0,'2013-09-01','2014-08-31',0),(1,14,9100,0,'2010-01-01','2011-02-28',0),(1,14,10100,0,'2011-03-01','2012-08-31',0),(1,14,10700,0,'2012-09-01','2013-08-31',0),(1,14,11400,0,'2013-09-01','2014-08-31',0),(1,15,11100,0,'2010-01-01','2011-02-28',0),(1,15,12200,0,'2011-03-01','2012-08-31',0),(1,15,12940,0,'2012-09-01','2013-08-31',0),(1,15,13800,0,'2013-09-01','2014-08-31',0),(1,16,11800,0,'2010-01-01','2011-02-28',0),(1,16,13000,0,'2011-03-01','2012-08-31',0),(1,16,13780,0,'2012-09-01','2013-08-31',0),(1,16,14700,0,'2013-09-01','2014-08-31',0),(1,17,9100,0,'2010-01-01','2011-02-28',0),(1,17,10100,0,'2011-03-01','2012-08-31',0),(1,17,10700,0,'2012-09-01','2013-08-31',0),(1,17,11400,0,'2013-09-01','2014-08-31',0),(1,18,10100,0,'2010-01-01','2011-02-28',0),(1,18,11200,0,'2011-03-01','2012-08-31',0),(1,18,11860,0,'2012-09-01','2013-08-31',0),(1,18,12640,0,'2013-09-01','2014-08-31',0),(1,19,9100,0,'2010-01-01','2011-02-28',0),(1,19,10100,0,'2011-03-01','2012-08-31',0),(1,45,12000,0,'2011-03-01','2012-08-31',0),(1,45,12700,0,'2012-09-01','2013-08-31',0),(1,45,19600,0,'2012-09-01','2013-08-31',1),(1,45,13550,0,'2013-09-01','2014-08-31',0),(1,45,19600,0,'2013-09-01','2014-08-31',1),(1,46,17100,0,'2011-03-01','2012-08-31',0),(1,46,18100,0,'2012-09-01','2013-08-31',0),(1,46,23200,0,'2012-09-01','2013-08-31',1),(1,46,19300,0,'2013-09-01','2014-08-31',0),(1,46,23200,0,'2013-09-01','2014-08-31',1),(1,47,10100,0,'2011-03-01','2012-08-31',0),(1,47,10700,0,'2012-09-01','2013-08-31',0),(1,47,13100,0,'2012-09-01','2013-08-31',1),(1,47,11400,0,'2013-09-01','2014-08-31',0),(1,47,13430,0,'2013-09-01','2014-08-31',1),(1,48,12200,0,'2011-03-01','2012-08-31',0),(1,48,12940,0,'2012-09-01','2013-08-31',0),(1,48,14600,0,'2012-09-01','2013-08-31',1),(1,48,13800,0,'2013-09-01','2014-08-31',0),(1,48,14930,0,'2013-09-01','2014-08-31',1),(1,50,10100,0,'2011-03-01','2012-08-31',0),(1,50,10700,0,'2012-09-01','2013-08-31',0),(1,50,13100,0,'2012-09-01','2013-08-31',1),(1,50,11400,0,'2013-09-01','2014-08-31',0),(1,50,13430,0,'2013-09-01','2014-08-31',1),(1,51,12200,0,'2011-03-01','2012-08-31',0),(1,51,12940,0,'2012-09-01','2013-08-31',0),(1,51,14600,0,'2012-09-01','2013-08-31',1),(1,51,13800,0,'2013-09-01','2014-08-31',0),(1,51,14930,0,'2013-09-01','2014-08-31',1),(1,53,13900,0,'2011-03-01','2012-08-31',0),(1,53,14740,0,'2012-09-01','2013-08-31',0),(1,53,21500,0,'2012-09-01','2013-08-31',1),(1,53,15700,0,'2013-09-01','2014-08-31',0),(1,53,21500,0,'2013-09-01','2014-08-31',1),(1,54,17100,0,'2011-03-01','2012-08-31',0),(1,54,18140,0,'2012-09-01','2013-08-31',0),(1,54,23200,0,'2012-09-01','2013-08-31',1),(1,54,19340,0,'2013-09-01','2014-08-31',0),(1,54,23200,0,'2013-09-01','2014-08-31',1),(1,55,14740,0,'2012-09-01','2013-08-31',0),(1,55,15700,0,'2013-09-01','2014-08-31',0),(1,56,14740,0,'2012-09-01','2013-08-31',0),(1,56,16700,0,'2012-09-01','2013-08-31',1),(1,56,15700,0,'2013-09-01','2014-08-31',0),(1,56,17050,0,'2013-09-01','2014-08-31',1),(1,57,18140,0,'2012-09-01','2013-08-31',0),(1,57,18400,0,'2012-09-01','2013-08-31',1),(1,57,19340,0,'2013-09-01','2014-08-31',0),(1,57,18750,0,'2013-09-01','2014-08-31',1),(1,58,14740,0,'2012-09-01','2013-08-31',0),(1,58,16100,0,'2012-09-01','2013-08-31',1),(1,58,15700,0,'2013-09-01','2014-08-31',0),(1,58,17050,0,'2013-09-01','2014-08-31',1),(1,59,11860,0,'2012-09-01','2013-08-31',0),(1,59,13900,0,'2012-09-01','2013-08-31',1),(1,59,12640,0,'2013-09-01','2014-08-31',0),(1,59,14230,0,'2013-09-01','2014-08-31',1),(1,60,11860,0,'2012-09-01','2013-08-31',0),(1,60,13900,0,'2012-09-01','2013-08-31',1),(1,60,12640,0,'2013-09-01','2014-08-31',0),(1,60,14230,0,'2013-09-01','2014-08-31',1),(2,1,15200,0,'2010-01-01','2011-02-28',0),(2,1,16700,0,'2011-03-01','2012-08-31',0),(2,1,17700,0,'2012-09-01','2013-08-31',0),(2,1,18900,0,'2013-09-01','2014-08-31',0),(2,1,19850,0,'2013-09-01','2014-08-31',1),(2,2,19500,0,'2010-01-01','2011-02-28',0),(2,2,21500,0,'2011-03-01','2012-08-31',0),(2,2,22800,0,'2012-09-01','2013-08-31',0),(2,2,24300,0,'2013-09-01','2014-08-31',0),(2,3,15200,0,'2010-01-01','2011-02-28',0),(2,3,16700,0,'2011-03-01','2012-08-31',0),(2,3,17700,0,'2012-09-01','2013-08-31',0),(2,3,18900,0,'2013-09-01','2014-08-31',0),(2,4,15200,0,'2010-01-01','2011-02-28',0),(2,4,16700,0,'2011-03-01','2012-08-31',0),(2,4,17700,0,'2012-09-01','2013-08-31',0),(2,4,18900,0,'2013-09-01','2014-08-31',0),(2,5,19500,0,'2010-01-01','2011-02-28',0),(2,5,21400,0,'2011-03-01','2012-08-31',0),(2,5,22700,0,'2012-09-01','2013-08-31',0),(2,5,24200,0,'2013-09-01','2014-08-31',0),(2,6,20200,0,'2010-01-01','2011-02-28',0),(2,6,22200,0,'2011-03-01','2012-08-31',0),(2,6,23520,0,'2012-09-01','2013-08-31',0),(2,6,25100,0,'2013-09-01','2014-08-31',0),(2,7,13900,0,'2010-01-01','2011-02-28',0),(2,7,15300,0,'2011-03-01','2012-08-31',0),(2,7,16240,0,'2012-09-01','2013-08-31',0),(2,7,17300,0,'2013-09-01','2014-08-31',0),(2,8,11300,0,'2010-01-01','2011-02-28',0),(2,8,12400,0,'2011-03-01','2012-08-31',0),(2,8,13200,0,'2012-09-01','2013-08-31',0),(2,8,14100,0,'2013-09-01','2014-08-31',0),(2,9,13900,0,'2010-01-01','2011-02-28',0),(2,9,15300,0,'2011-03-01','2012-08-31',0),(2,9,16240,0,'2012-09-01','2013-08-31',0),(2,9,17300,0,'2013-09-01','2014-08-31',0),(2,10,14800,0,'2010-01-01','2011-02-28',0),(2,10,16300,0,'2011-03-01','2012-08-31',0),(2,10,17300,0,'2012-09-01','2013-08-31',0),(2,10,18460,0,'2013-09-01','2014-08-31',0),(2,11,11300,0,'2010-01-01','2011-02-28',0),(2,11,12400,0,'2011-03-01','2012-08-31',0),(2,11,13200,0,'2012-09-01','2013-08-31',0),(2,11,14100,0,'2013-09-01','2014-08-31',0),(2,12,13900,0,'2010-01-01','2011-02-28',0),(2,12,15300,0,'2011-03-01','2012-08-31',0),(2,12,16240,0,'2012-09-01','2013-08-31',0),(2,12,17300,0,'2013-09-01','2014-08-31',0),(2,13,14800,0,'2010-01-01','2011-02-28',0),(2,13,16300,0,'2011-03-01','2012-08-31',0),(2,13,17300,0,'2012-09-01','2013-08-31',0),(2,13,18460,0,'2013-09-01','2014-08-31',0),(2,14,11300,0,'2010-01-01','2011-02-28',0),(2,14,12400,0,'2011-03-01','2012-08-31',0),(2,14,13200,0,'2012-09-01','2013-08-31',0),(2,14,14100,0,'2013-09-01','2014-08-31',0),(2,15,13900,0,'2010-01-01','2011-02-28',0),(2,15,15300,0,'2011-03-01','2012-08-31',0),(2,15,16240,0,'2012-09-01','2013-08-31',0),(2,15,17300,0,'2013-09-01','2014-08-31',0),(2,16,14800,0,'2010-01-01','2011-02-28',0),(2,16,16300,0,'2011-03-01','2012-08-31',0),(2,16,17300,0,'2012-09-01','2013-08-31',0),(2,16,18460,0,'2013-09-01','2014-08-31',0),(2,17,11300,0,'2010-01-01','2011-02-28',0),(2,17,12400,0,'2011-03-01','2012-08-31',0),(2,17,13200,0,'2012-09-01','2013-08-31',0),(2,17,14100,0,'2013-09-01','2014-08-31',0),(2,18,12700,0,'2010-01-01','2011-02-28',0),(2,18,13900,0,'2011-03-01','2012-08-31',0),(2,18,14740,0,'2012-09-01','2013-08-31',0),(2,18,15700,0,'2013-09-01','2014-08-31',0),(2,19,11300,0,'2010-01-01','2011-02-28',0),(2,19,12400,0,'2011-03-01','2012-08-31',0),(2,45,15300,0,'2011-03-01','2012-08-31',0),(2,45,16240,0,'2012-09-01','2013-08-31',0),(2,45,22900,0,'2012-09-01','2013-08-31',1),(2,45,17300,0,'2013-09-01','2014-08-31',0),(2,45,22900,0,'2013-09-01','2014-08-31',1),(2,46,21400,0,'2011-03-01','2012-08-31',0),(2,46,22700,0,'2012-09-01','2013-08-31',0),(2,46,27500,0,'2012-09-01','2013-08-31',1),(2,46,24200,0,'2013-09-01','2014-08-31',0),(2,46,27500,0,'2013-09-01','2014-08-31',1),(2,47,12400,0,'2011-03-01','2012-08-31',0),(2,47,13200,0,'2012-09-01','2013-08-31',0),(2,47,15400,0,'2012-09-01','2013-08-31',1),(2,47,14100,0,'2013-09-01','2014-08-31',0),(2,47,15730,0,'2013-09-01','2014-08-31',1),(2,48,15300,0,'2011-03-01','2012-08-31',0),(2,48,16240,0,'2012-09-01','2013-08-31',0),(2,48,17700,0,'2012-09-01','2013-08-31',1),(2,48,17300,0,'2013-09-01','2014-08-31',0),(2,48,18030,0,'2013-09-01','2014-08-31',1),(2,50,12400,0,'2011-03-01','2012-08-31',0),(2,50,13200,0,'2012-09-01','2013-08-31',0),(2,50,15400,0,'2012-09-01','2013-08-31',1),(2,50,14100,0,'2013-09-01','2014-08-31',0),(2,50,15730,0,'2013-09-01','2014-08-31',1),(2,51,15300,0,'2011-03-01','2012-08-31',0),(2,51,16240,0,'2012-09-01','2013-08-31',0),(2,51,17700,0,'2012-09-01','2013-08-31',1),(2,51,17300,0,'2013-09-01','2014-08-31',0),(2,51,18030,0,'2013-09-01','2014-08-31',1),(2,53,16700,0,'2011-03-01','2012-08-31',0),(2,53,17700,0,'2012-09-01','2013-08-31',0),(2,53,24300,0,'2012-09-01','2013-08-31',1),(2,53,18900,0,'2013-09-01','2014-08-31',0),(2,53,24300,0,'2013-09-01','2014-08-31',1),(2,54,21500,0,'2011-03-01','2012-08-31',0),(2,54,22800,0,'2012-09-01','2013-08-31',0),(2,54,27600,0,'2012-09-01','2013-08-31',1),(2,54,24300,0,'2013-09-01','2014-08-31',0),(2,54,27600,0,'2013-09-01','2014-08-31',1),(2,55,17700,0,'2012-09-01','2013-08-31',0),(2,55,18900,0,'2013-09-01','2014-08-31',0),(2,56,17700,0,'2012-09-01','2013-08-31',0),(2,56,19500,0,'2012-09-01','2013-08-31',1),(2,56,18900,0,'2013-09-01','2014-08-31',0),(2,56,19850,0,'2013-09-01','2014-08-31',1),(2,57,22800,0,'2012-09-01','2013-08-31',0),(2,57,22800,0,'2012-09-01','2013-08-31',1),(2,57,24300,0,'2013-09-01','2014-08-31',0),(2,57,23150,0,'2013-09-01','2014-08-31',1),(2,58,17700,0,'2012-09-01','2013-08-31',0),(2,58,18900,0,'2012-09-01','2013-08-31',1),(2,58,18900,0,'2013-09-01','2014-08-31',0),(2,58,19850,0,'2013-09-01','2014-08-31',1),(2,59,14740,0,'2012-09-01','2013-08-31',0),(2,59,16600,0,'2012-09-01','2013-08-31',1),(2,59,15700,0,'2013-09-01','2014-08-31',0),(2,59,16930,0,'2013-09-01','2014-08-31',1),(2,60,14740,0,'2012-09-01','2013-08-31',0),(2,60,16600,0,'2012-09-01','2013-08-31',1),(2,60,15700,0,'2013-09-01','2014-08-31',0),(2,60,16930,0,'2013-09-01','2014-08-31',1),(3,1,20400,0,'2010-01-01','2011-02-28',0),(3,1,22500,0,'2011-03-01','2012-08-31',0),(3,1,23800,0,'2012-09-01','2013-08-31',0),(3,1,25400,0,'2013-09-01','2014-08-31',0),(3,2,26200,0,'2010-01-01','2011-02-28',0),(3,2,28900,0,'2011-03-01','2012-08-31',0),(3,2,30600,0,'2012-09-01','2013-08-31',0),(3,2,32620,0,'2013-09-01','2014-08-31',0),(3,3,20400,0,'2010-01-01','2011-02-28',0),(3,3,22500,0,'2011-03-01','2012-08-31',0),(3,3,23800,0,'2012-09-01','2013-08-31',0),(3,3,25400,0,'2013-09-01','2014-08-31',0),(3,4,20400,0,'2010-01-01','2011-02-28',0),(3,4,22500,0,'2011-03-01','2012-08-31',0),(3,4,23800,0,'2012-09-01','2013-08-31',0),(3,4,25400,0,'2013-09-01','2014-08-31',0),(3,5,26200,0,'2010-01-01','2011-02-28',0),(3,5,28900,0,'2011-03-01','2012-08-31',0),(3,5,30600,0,'2012-09-01','2013-08-31',0),(3,5,32620,0,'2013-09-01','2014-08-31',0),(3,6,27120,0,'2010-01-01','2011-02-28',0),(3,6,29900,0,'2011-03-01','2012-08-31',0),(3,6,31600,0,'2012-09-01','2013-08-31',0),(3,6,33700,0,'2013-09-01','2014-08-31',0),(3,7,18700,0,'2010-01-01','2011-02-28',0),(3,7,20600,0,'2011-03-01','2012-08-31',0),(3,7,21800,0,'2012-09-01','2013-08-31',0),(3,7,23250,0,'2013-09-01','2014-08-31',0),(3,8,15400,0,'2010-01-01','2011-02-28',0),(3,8,16900,0,'2011-03-01','2012-08-31',0),(3,8,17900,0,'2012-09-01','2013-08-31',0),(3,8,19100,0,'2013-09-01','2014-08-31',0),(3,9,18700,0,'2010-01-01','2011-02-28',0),(3,9,20600,0,'2011-03-01','2012-08-31',0),(3,9,21800,0,'2012-09-01','2013-08-31',0),(3,9,23250,0,'2013-09-01','2014-08-31',0),(3,10,19900,0,'2010-01-01','2011-02-28',0),(3,10,21900,0,'2011-03-01','2012-08-31',0),(3,10,23200,0,'2012-09-01','2013-08-31',0),(3,10,24750,0,'2013-09-01','2014-08-31',0),(3,11,15400,0,'2010-01-01','2011-02-28',0),(3,11,16900,0,'2011-03-01','2012-08-31',0),(3,11,17900,0,'2012-09-01','2013-08-31',0),(3,11,19100,0,'2013-09-01','2014-08-31',0),(3,12,18700,0,'2010-01-01','2011-02-28',0),(3,12,20600,0,'2011-03-01','2012-08-31',0),(3,12,21800,0,'2012-09-01','2013-08-31',0),(3,12,23250,0,'2013-09-01','2014-08-31',0),(3,13,19900,0,'2010-01-01','2011-02-28',0),(3,13,21900,0,'2011-03-01','2012-08-31',0),(3,13,23200,0,'2012-09-01','2013-08-31',0),(3,13,24750,0,'2013-09-01','2014-08-31',0),(3,14,15400,0,'2010-01-01','2011-02-28',0),(3,14,16900,0,'2011-03-01','2012-08-31',0),(3,14,17900,0,'2012-09-01','2013-08-31',0),(3,14,19100,0,'2013-09-01','2014-08-31',0),(3,15,18700,0,'2010-01-01','2011-02-28',0),(3,15,20600,0,'2011-03-01','2012-08-31',0),(3,15,21800,0,'2012-09-01','2013-08-31',0),(3,15,23250,0,'2013-09-01','2014-08-31',0),(3,16,19900,0,'2010-01-01','2011-02-28',0),(3,16,21900,0,'2011-03-01','2012-08-31',0),(3,16,23200,0,'2012-09-01','2013-08-31',0),(3,16,24750,0,'2013-09-01','2014-08-31',0),(3,17,15400,0,'2010-01-01','2011-02-28',0),(3,17,16900,0,'2011-03-01','2012-08-31',0),(3,17,17900,0,'2012-09-01','2013-08-31',0),(3,17,19100,0,'2013-09-01','2014-08-31',0),(3,18,17200,0,'2010-01-01','2011-02-28',0),(3,18,19000,0,'2011-03-01','2012-08-31',0),(3,18,20100,0,'2012-09-01','2013-08-31',0),(3,18,21460,0,'2013-09-01','2014-08-31',0),(3,19,15400,0,'2010-01-01','2011-02-28',0),(3,19,16900,0,'2011-03-01','2012-08-31',0),(3,45,20600,0,'2011-03-01','2012-08-31',0),(3,45,21800,0,'2012-09-01','2013-08-31',0),(3,45,23250,0,'2013-09-01','2014-08-31',0),(3,46,28900,0,'2011-03-01','2012-08-31',0),(3,46,30600,0,'2012-09-01','2013-08-31',0),(3,46,32620,0,'2013-09-01','2014-08-31',0),(3,47,17900,0,'2012-09-01','2013-08-31',0),(3,47,19100,0,'2013-09-01','2014-08-31',0),(3,48,21800,0,'2012-09-01','2013-08-31',0),(3,48,23250,0,'2013-09-01','2014-08-31',0),(3,50,17900,0,'2012-09-01','2013-08-31',0),(3,50,19100,0,'2013-09-01','2014-08-31',0),(3,51,21800,0,'2012-09-01','2013-08-31',0),(3,51,23250,0,'2013-09-01','2014-08-31',0),(3,53,23800,0,'2012-09-01','2013-08-31',0),(3,53,25400,0,'2013-09-01','2014-08-31',0),(3,54,30600,0,'2012-09-01','2013-08-31',0),(3,54,32620,0,'2013-09-01','2014-08-31',0),(3,55,23800,0,'2012-09-01','2013-08-31',0),(3,55,25400,0,'2013-09-01','2014-08-31',0),(3,56,23800,0,'2012-09-01','2013-08-31',0),(3,56,25400,0,'2013-09-01','2014-08-31',0),(3,57,30600,0,'2012-09-01','2013-08-31',0),(3,57,32620,0,'2013-09-01','2014-08-31',0),(3,58,23800,0,'2012-09-01','2013-08-31',0),(3,58,25400,0,'2013-09-01','2014-08-31',0),(3,59,20100,0,'2012-09-01','2013-08-31',0),(3,59,21460,0,'2013-09-01','2014-08-31',0),(3,60,20100,0,'2012-09-01','2013-08-31',0),(3,60,21460,0,'2013-09-01','2014-08-31',0),(4,1,12700,40,'2010-01-01','2011-02-28',0),(4,1,13900,40,'2011-03-01','2012-08-31',0),(4,1,14740,40,'2012-09-01','2013-08-31',0),(4,1,15700,40,'2013-09-01','2014-08-31',0),(4,2,15600,40,'2010-01-01','2011-02-28',0),(4,2,17100,40,'2011-03-01','2012-08-31',0),(4,2,18140,40,'2012-09-01','2013-08-31',0),(4,2,19340,40,'2013-09-01','2014-08-31',0),(4,3,12700,40,'2010-01-01','2011-02-28',0),(4,3,13900,40,'2011-03-01','2012-08-31',0),(4,3,14740,40,'2012-09-01','2013-08-31',0),(4,3,15700,40,'2013-09-01','2014-08-31',0),(4,4,11300,40,'2010-01-01','2011-02-28',0),(4,4,12400,40,'2011-03-01','2012-08-31',0),(4,4,13140,40,'2012-09-01','2013-08-31',0),(4,4,14000,40,'2013-09-01','2014-08-31',0),(4,5,15600,40,'2010-01-01','2011-02-28',0),(4,5,17100,40,'2011-03-01','2012-08-31',0),(4,5,18100,40,'2012-09-01','2013-08-31',0),(4,5,19300,40,'2013-09-01','2014-08-31',0),(4,6,16200,40,'2010-01-01','2011-02-28',0),(4,6,17800,40,'2011-03-01','2012-08-31',0),(4,6,18860,40,'2012-09-01','2013-08-31',0),(4,6,20100,40,'2013-09-01','2014-08-31',0),(4,7,10800,40,'2010-01-01','2011-02-28',0),(4,7,12000,40,'2011-03-01','2012-08-31',0),(4,7,12700,40,'2012-09-01','2013-08-31',0),(4,7,13550,40,'2013-09-01','2014-08-31',0),(4,8,9100,45,'2010-01-01','2011-02-28',0),(4,8,10100,45,'2011-03-01','2012-08-31',0),(4,8,10700,45,'2012-09-01','2013-08-31',0),(4,8,11400,45,'2013-09-01','2014-08-31',0),(4,9,11100,45,'2010-01-01','2011-02-28',0),(4,9,12200,45,'2011-03-01','2012-08-31',0),(4,9,12940,45,'2012-09-01','2013-08-31',0),(4,9,13800,45,'2013-09-01','2014-08-31',0),(4,10,11800,45,'2010-01-01','2011-02-28',0),(4,10,13000,45,'2011-03-01','2012-08-31',0),(4,10,13780,45,'2012-09-01','2013-08-31',0),(4,10,14700,45,'2013-09-01','2014-08-31',0),(4,11,9100,45,'2010-01-01','2011-02-28',0),(4,11,10100,45,'2011-03-01','2012-08-31',0),(4,11,10700,45,'2012-09-01','2013-08-31',0),(4,11,11400,45,'2013-09-01','2014-08-31',0),(4,12,11100,45,'2010-01-01','2011-02-28',0),(4,12,12200,45,'2011-03-01','2012-08-31',0),(4,12,12940,45,'2012-09-01','2013-08-31',0),(4,12,13800,45,'2013-09-01','2014-08-31',0),(4,13,11800,45,'2010-01-01','2011-02-28',0),(4,13,13000,45,'2011-03-01','2012-08-31',0),(4,13,13780,45,'2012-09-01','2013-08-31',0),(4,13,14700,45,'2013-09-01','2014-08-31',0),(4,14,9100,45,'2010-01-01','2011-02-28',0),(4,14,10100,45,'2011-03-01','2012-08-31',0),(4,14,10700,45,'2012-09-01','2013-08-31',0),(4,14,11400,45,'2013-09-01','2014-08-31',0),(4,15,11100,45,'2010-01-01','2011-02-28',0),(4,15,12200,45,'2011-03-01','2012-08-31',0),(4,15,12940,45,'2012-09-01','2013-08-31',0),(4,15,13800,45,'2013-09-01','2014-08-31',0),(4,16,11800,45,'2010-01-01','2011-02-28',0),(4,16,13000,45,'2011-03-01','2012-08-31',0),(4,16,13780,45,'2012-09-01','2013-08-31',0),(4,16,14700,45,'2013-09-01','2014-08-31',0),(4,17,9100,45,'2010-01-01','2011-02-28',0),(4,17,10100,45,'2011-03-01','2012-08-31',0),(4,17,10700,45,'2012-09-01','2013-08-31',0),(4,17,11400,45,'2013-09-01','2014-08-31',0),(4,18,10100,45,'2010-01-01','2011-02-28',0),(4,18,11200,45,'2011-03-01','2012-08-31',0),(4,18,11860,45,'2012-09-01','2013-08-31',0),(4,18,12640,45,'2013-09-01','2014-08-31',0),(4,19,9100,45,'2010-01-01','2011-02-28',0),(4,19,10100,45,'2011-03-01','2012-08-31',0),(4,45,12000,40,'2011-03-01','2012-08-31',0),(4,45,12700,40,'2012-09-01','2013-08-31',0),(4,45,19600,24.4898,'2012-09-01','2013-08-31',1),(4,45,13550,40,'2013-09-01','2014-08-31',0),(4,45,19600,24.4898,'2013-09-01','2014-08-31',1),(4,46,17100,40,'2011-03-01','2012-08-31',0),(4,46,18100,40,'2012-09-01','2013-08-31',0),(4,46,23200,29.5259,'2012-09-01','2013-08-31',1),(4,46,19300,40,'2013-09-01','2014-08-31',0),(4,46,23200,29.5259,'2013-09-01','2014-08-31',1),(4,47,10100,45,'2011-03-01','2012-08-31',0),(4,47,10700,45,'2012-09-01','2013-08-31',0),(4,47,13100,34.7328,'2012-09-01','2013-08-31',1),(4,47,11400,45,'2013-09-01','2014-08-31',0),(4,47,13430,33.9538,'2013-09-01','2014-08-31',1),(4,48,12200,45,'2011-03-01','2012-08-31',0),(4,48,12940,45,'2012-09-01','2013-08-31',0),(4,48,14600,37.6712,'2012-09-01','2013-08-31',1),(4,48,13800,45,'2013-09-01','2014-08-31',0),(4,48,14930,36.9056,'2013-09-01','2014-08-31',1),(4,50,10100,45,'2011-03-01','2012-08-31',0),(4,50,10700,45,'2012-09-01','2013-08-31',0),(4,50,13100,34.7328,'2012-09-01','2013-08-31',1),(4,50,11400,45,'2013-09-01','2014-08-31',0),(4,50,13430,33.9538,'2013-09-01','2014-08-31',1),(4,51,12200,45,'2011-03-01','2012-08-31',0),(4,51,12940,45,'2012-09-01','2013-08-31',0),(4,51,14600,37.6712,'2012-09-01','2013-08-31',1),(4,51,13800,45,'2013-09-01','2014-08-31',0),(4,51,14930,36.9056,'2013-09-01','2014-08-31',1),(4,53,13900,40,'2011-03-01','2012-08-31',0),(4,53,14740,40,'2012-09-01','2013-08-31',0),(4,53,21500,25.8605,'2012-09-01','2013-08-31',1),(4,53,15700,40,'2013-09-01','2014-08-31',0),(4,53,21500,25.8605,'2013-09-01','2014-08-31',1),(4,54,17100,40,'2011-03-01','2012-08-31',0),(4,54,18140,40,'2012-09-01','2013-08-31',0),(4,54,23200,29.5259,'2012-09-01','2013-08-31',1),(4,54,19340,40,'2013-09-01','2014-08-31',0),(4,54,23200,29.5259,'2013-09-01','2014-08-31',1),(4,55,14740,40,'2012-09-01','2013-08-31',0),(4,55,15700,40,'2013-09-01','2014-08-31',0),(4,56,14740,40,'2012-09-01','2013-08-31',0),(4,56,16700,33.4132,'2012-09-01','2013-08-31',1),(4,56,15700,40,'2013-09-01','2014-08-31',0),(4,56,17050,32.7859,'2013-09-01','2014-08-31',1),(4,57,18140,40,'2012-09-01','2013-08-31',0),(4,57,18400,37.337,'2012-09-01','2013-08-31',1),(4,57,19340,40,'2013-09-01','2014-08-31',0),(4,57,18750,36.6933,'2013-09-01','2014-08-31',1),(4,58,14740,40,'2012-09-01','2013-08-31',0),(4,58,16100,34.472,'2012-09-01','2013-08-31',1),(4,58,15700,40,'2013-09-01','2014-08-31',0),(4,58,17050,32.7859,'2013-09-01','2014-08-31',1),(4,59,11860,45,'2012-09-01','2013-08-31',0),(4,59,13900,36.4029,'2012-09-01','2013-08-31',1),(4,59,12640,45,'2013-09-01','2014-08-31',0),(4,59,14230,35.629,'2013-09-01','2014-08-31',1),(4,60,11860,45,'2012-09-01','2013-08-31',0),(4,60,13900,36.4029,'2012-09-01','2013-08-31',1),(4,60,12640,45,'2013-09-01','2014-08-31',0),(4,60,14230,35.629,'2013-09-01','2014-08-31',1),(5,1,15200,40,'2010-01-01','2011-02-28',0),(5,1,14740,40,'2012-09-01','2013-08-31',0),(5,1,15700,40,'2013-09-01','2014-08-31',0),(5,2,19500,40,'2010-01-01','2011-02-28',0),(5,2,18140,40,'2012-09-01','2013-08-31',0),(5,2,19340,40,'2013-09-01','2014-08-31',0),(5,3,15200,40,'2010-01-01','2011-02-28',0),(5,3,14740,40,'2012-09-01','2013-08-31',0),(5,3,15700,40,'2013-09-01','2014-08-31',0),(5,4,15200,40,'2010-01-01','2011-02-28',0),(5,4,13140,40,'2012-09-01','2013-08-31',0),(5,5,19500,40,'2010-01-01','2011-02-28',0),(5,5,18100,40,'2012-09-01','2013-08-31',0),(5,6,20200,40,'2010-01-01','2011-02-28',0),(5,6,18860,40,'2012-09-01','2013-08-31',0),(5,7,13900,40,'2010-01-01','2011-02-28',0),(5,7,12700,40,'2012-09-01','2013-08-31',0),(5,8,11300,45,'2010-01-01','2011-02-28',0),(5,8,10700,40,'2012-09-01','2013-08-31',0),(5,8,11400,40,'2013-09-01','2014-08-31',0),(5,9,13900,45,'2010-01-01','2011-02-28',0),(5,9,12940,40,'2012-09-01','2013-08-31',0),(5,9,13800,40,'2013-09-01','2014-08-31',0),(5,10,14800,45,'2010-01-01','2011-02-28',0),(5,10,13780,40,'2012-09-01','2013-08-31',0),(5,10,14700,40,'2013-09-01','2014-08-31',0),(5,11,11300,45,'2010-01-01','2011-02-28',0),(5,11,10700,40,'2012-09-01','2013-08-31',0),(5,11,11400,40,'2013-09-01','2014-08-31',0),(5,12,13900,45,'2010-01-01','2011-02-28',0),(5,12,12940,40,'2012-09-01','2013-08-31',0),(5,12,13800,40,'2013-09-01','2014-08-31',0),(5,13,14800,45,'2010-01-01','2011-02-28',0),(5,13,13780,40,'2012-09-01','2013-08-31',0),(5,13,14700,40,'2013-09-01','2014-08-31',0),(5,14,11300,45,'2010-01-01','2011-02-28',0),(5,14,10700,40,'2012-09-01','2013-08-31',0),(5,14,11400,40,'2013-09-01','2014-08-31',0),(5,15,13900,45,'2010-01-01','2011-02-28',0),(5,15,12940,40,'2012-09-01','2013-08-31',0),(5,15,13800,40,'2013-09-01','2014-08-31',0),(5,16,14800,45,'2010-01-01','2011-02-28',0),(5,16,13780,40,'2012-09-01','2013-08-31',0),(5,16,14700,40,'2013-09-01','2014-08-31',0),(5,17,11300,45,'2010-01-01','2011-02-28',0),(5,17,10700,40,'2012-09-01','2013-08-31',0),(5,17,11400,40,'2013-09-01','2014-08-31',0),(5,18,12700,45,'2010-01-01','2011-02-28',0),(5,18,11860,40,'2012-09-01','2013-08-31',0),(5,18,12640,40,'2013-09-01','2014-08-31',0),(5,19,11300,45,'2010-01-01','2011-02-28',0),(5,45,12700,40,'2012-09-01','2013-08-31',0),(5,46,18100,40,'2012-09-01','2013-08-31',0),(5,47,10700,40,'2012-09-01','2013-08-31',0),(5,47,11400,40,'2013-09-01','2014-08-31',0),(5,48,12940,40,'2012-09-01','2013-08-31',0),(5,48,13800,40,'2013-09-01','2014-08-31',0),(5,50,10700,40,'2012-09-01','2013-08-31',0),(5,50,11400,40,'2013-09-01','2014-08-31',0),(5,51,12940,40,'2012-09-01','2013-08-31',0),(5,51,13800,40,'2013-09-01','2014-08-31',0),(5,53,14740,40,'2012-09-01','2013-08-31',0),(5,53,15700,40,'2013-09-01','2014-08-31',0),(5,54,18140,40,'2012-09-01','2013-08-31',0),(5,54,19340,40,'2013-09-01','2014-08-31',0),(5,55,14740,40,'2012-09-01','2013-08-31',0),(5,55,15700,40,'2013-09-01','2014-08-31',0),(5,56,14740,40,'2012-09-01','2013-08-31',0),(5,56,15700,40,'2013-09-01','2014-08-31',0),(5,57,18140,40,'2012-09-01','2013-08-31',0),(5,57,19340,40,'2013-09-01','2014-08-31',0),(5,58,14740,40,'2012-09-01','2013-08-31',0),(5,58,15700,40,'2013-09-01','2014-08-31',0),(5,59,11860,40,'2012-09-01','2013-08-31',0),(5,59,12640,40,'2013-09-01','2014-08-31',0),(5,60,11860,40,'2012-09-01','2013-08-31',0),(5,60,12640,40,'2013-09-01','2014-08-31',0),(6,1,15200,40,'2010-01-01','2011-02-28',0),(6,1,17700,40,'2012-09-01','2013-08-31',0),(6,1,18900,40,'2013-09-01','2014-08-31',0),(6,2,19500,40,'2010-01-01','2011-02-28',0),(6,2,22800,40,'2012-09-01','2013-08-31',0),(6,2,24300,40,'2013-09-01','2014-08-31',0),(6,3,15200,40,'2010-01-01','2011-02-28',0),(6,3,17700,40,'2012-09-01','2013-08-31',0),(6,3,18900,40,'2013-09-01','2014-08-31',0),(6,4,15200,40,'2010-01-01','2011-02-28',0),(6,4,17700,40,'2012-09-01','2013-08-31',0),(6,4,18900,40,'2013-09-01','2014-08-31',0),(6,5,19500,40,'2010-01-01','2011-02-28',0),(6,5,22700,40,'2012-09-01','2013-08-31',0),(6,5,24200,40,'2013-09-01','2014-08-31',0),(6,6,20200,40,'2010-01-01','2011-02-28',0),(6,6,23520,40,'2012-09-01','2013-08-31',0),(6,6,25100,40,'2013-09-01','2014-08-31',0),(6,7,13900,40,'2010-01-01','2011-02-28',0),(6,7,16240,40,'2012-09-01','2013-08-31',0),(6,7,17300,40,'2013-09-01','2014-08-31',0),(6,8,11300,45,'2010-01-01','2011-02-28',0),(6,8,13200,40,'2012-09-01','2013-08-31',0),(6,8,14100,40,'2013-09-01','2014-08-31',0),(6,9,13900,45,'2010-01-01','2011-02-28',0),(6,9,16240,40,'2012-09-01','2013-08-31',0),(6,9,17300,40,'2013-09-01','2014-08-31',0),(6,10,14800,45,'2010-01-01','2011-02-28',0),(6,10,17300,40,'2012-09-01','2013-08-31',0),(6,10,18460,40,'2013-09-01','2014-08-31',0),(6,11,11300,45,'2010-01-01','2011-02-28',0),(6,11,13200,40,'2012-09-01','2013-08-31',0),(6,11,14100,40,'2013-09-01','2014-08-31',0),(6,12,13900,45,'2010-01-01','2011-02-28',0),(6,12,16240,40,'2012-09-01','2013-08-31',0),(6,12,17300,40,'2013-09-01','2014-08-31',0),(6,13,14800,45,'2010-01-01','2011-02-28',0),(6,13,17300,40,'2012-09-01','2013-08-31',0),(6,13,18460,40,'2013-09-01','2014-08-31',0),(6,14,11300,45,'2010-01-01','2011-02-28',0),(6,14,13200,40,'2012-09-01','2013-08-31',0),(6,14,14100,40,'2013-09-01','2014-08-31',0),(6,15,13900,45,'2010-01-01','2011-02-28',0),(6,15,16240,40,'2012-09-01','2013-08-31',0),(6,15,17300,40,'2013-09-01','2014-08-31',0),(6,16,14800,45,'2010-01-01','2011-02-28',0),(6,16,17300,40,'2012-09-01','2013-08-31',0),(6,16,18460,40,'2013-09-01','2014-08-31',0),(6,17,11300,45,'2010-01-01','2011-02-28',0),(6,17,13200,40,'2012-09-01','2013-08-31',0),(6,17,14100,40,'2013-09-01','2014-08-31',0),(6,18,12700,45,'2010-01-01','2011-02-28',0),(6,18,14740,40,'2012-09-01','2013-08-31',0),(6,18,15700,40,'2013-09-01','2014-08-31',0),(6,19,11300,45,'2010-01-01','2011-02-28',0),(6,45,16240,40,'2012-09-01','2013-08-31',0),(6,45,22900,26.7249,'2012-09-01','2013-08-31',1),(6,45,17300,40,'2013-09-01','2014-08-31',0),(6,46,22700,40,'2012-09-01','2013-08-31',0),(6,46,27500,31.1636,'2012-09-01','2013-08-31',1),(6,46,24200,40,'2013-09-01','2014-08-31',0),(6,47,13200,40,'2012-09-01','2013-08-31',0),(6,47,15400,32.2078,'2012-09-01','2013-08-31',1),(6,47,14100,40,'2013-09-01','2014-08-31',0),(6,47,15730,31.5957,'2013-09-01','2014-08-31',1),(6,48,16240,40,'2012-09-01','2013-08-31',0),(6,48,17700,34.6893,'2012-09-01','2013-08-31',1),(6,48,17300,40,'2013-09-01','2014-08-31',0),(6,48,18030,34.1098,'2013-09-01','2014-08-31',1),(6,50,13200,40,'2012-09-01','2013-08-31',0),(6,50,15400,32.2078,'2012-09-01','2013-08-31',1),(6,50,14100,40,'2013-09-01','2014-08-31',0),(6,50,15730,31.5957,'2013-09-01','2014-08-31',1),(6,51,16240,40,'2012-09-01','2013-08-31',0),(6,51,17700,34.6893,'2012-09-01','2013-08-31',1),(6,51,17300,40,'2013-09-01','2014-08-31',0),(6,51,18030,34.1098,'2013-09-01','2014-08-31',1),(6,53,17700,40,'2012-09-01','2013-08-31',0),(6,53,24300,27.4897,'2012-09-01','2013-08-31',1),(6,53,18900,40,'2013-09-01','2014-08-31',0),(6,54,22800,40,'2012-09-01','2013-08-31',0),(6,54,27600,31.1957,'2012-09-01','2013-08-31',1),(6,54,24300,40,'2013-09-01','2014-08-31',0),(6,55,17700,40,'2012-09-01','2013-08-31',0),(6,55,18900,40,'2013-09-01','2014-08-31',0),(6,56,17700,40,'2012-09-01','2013-08-31',0),(6,56,19500,34.2564,'2012-09-01','2013-08-31',1),(6,56,18900,40,'2013-09-01','2014-08-31',0),(6,56,19850,33.7028,'2013-09-01','2014-08-31',1),(6,57,22800,40,'2012-09-01','2013-08-31',0),(6,57,22800,37.807,'2012-09-01','2013-08-31',1),(6,57,24300,40,'2013-09-01','2014-08-31',0),(6,57,23150,37.2786,'2013-09-01','2014-08-31',1),(6,58,17700,40,'2012-09-01','2013-08-31',0),(6,58,18900,35.291,'2012-09-01','2013-08-31',1),(6,58,18900,40,'2013-09-01','2014-08-31',0),(6,58,19850,33.7028,'2013-09-01','2014-08-31',1),(6,59,14740,40,'2012-09-01','2013-08-31',0),(6,59,16600,33.6145,'2012-09-01','2013-08-31',1),(6,59,15700,40,'2013-09-01','2014-08-31',0),(6,59,16930,33.0183,'2013-09-01','2014-08-31',1),(6,60,14740,40,'2012-09-01','2013-08-31',0),(6,60,16600,33.6145,'2012-09-01','2013-08-31',1),(6,60,15700,40,'2013-09-01','2014-08-31',0),(6,60,16930,33.0183,'2013-09-01','2014-08-31',1),(7,1,17700,40,'2012-09-01','2013-08-31',0),(7,1,18900,40,'2013-09-01','2014-08-31',0),(7,2,22800,40,'2012-09-01','2013-08-31',0),(7,2,24300,40,'2013-09-01','2014-08-31',0),(7,3,17700,40,'2012-09-01','2013-08-31',0),(7,3,18900,40,'2013-09-01','2014-08-31',0),(7,4,17700,40,'2012-09-01','2013-08-31',0),(7,4,18900,40,'2013-09-01','2014-08-31',0),(7,5,22700,40,'2012-09-01','2013-08-31',0),(7,5,24200,40,'2013-09-01','2014-08-31',0),(7,6,23520,40,'2012-09-01','2013-08-31',0),(7,6,25100,40,'2013-09-01','2014-08-31',0),(7,7,16240,40,'2012-09-01','2013-08-31',0),(7,7,17300,40,'2013-09-01','2014-08-31',0),(7,8,13200,45,'2012-09-01','2013-08-31',0),(7,8,14100,45,'2013-09-01','2014-08-31',0),(7,9,16240,45,'2012-09-01','2013-08-31',0),(7,9,17300,45,'2013-09-01','2014-08-31',0),(7,10,17300,45,'2012-09-01','2013-08-31',0),(7,10,18460,45,'2013-09-01','2014-08-31',0),(7,11,13200,45,'2012-09-01','2013-08-31',0),(7,11,14100,45,'2013-09-01','2014-08-31',0),(7,12,16240,45,'2012-09-01','2013-08-31',0),(7,12,17300,45,'2013-09-01','2014-08-31',0),(7,13,17300,45,'2012-09-01','2013-08-31',0),(7,13,18460,45,'2013-09-01','2014-08-31',0),(7,14,13200,45,'2012-09-01','2013-08-31',0),(7,14,14100,45,'2013-09-01','2014-08-31',0),(7,15,16240,45,'2012-09-01','2013-08-31',0),(7,15,17300,45,'2013-09-01','2014-08-31',0),(7,16,17300,45,'2012-09-01','2013-08-31',0),(7,16,18460,45,'2013-09-01','2014-08-31',0),(7,17,13200,45,'2012-09-01','2013-08-31',0),(7,17,14100,45,'2013-09-01','2014-08-31',0),(7,18,14740,45,'2012-09-01','2013-08-31',0),(7,18,15700,45,'2013-09-01','2014-08-31',0),(7,45,16240,40,'2012-09-01','2013-08-31',0),(7,45,22900,26.7249,'2012-09-01','2013-08-31',1),(7,45,17300,40,'2013-09-01','2014-08-31',0),(7,45,22900,26.7249,'2013-09-01','2014-08-31',1),(7,46,22700,40,'2012-09-01','2013-08-31',0),(7,46,27500,31.1636,'2012-09-01','2013-08-31',1),(7,46,24200,40,'2013-09-01','2014-08-31',0),(7,46,27500,31.1636,'2013-09-01','2014-08-31',1),(7,47,13200,45,'2012-09-01','2013-08-31',0),(7,47,15400,36.2338,'2012-09-01','2013-08-31',1),(7,47,14100,45,'2013-09-01','2014-08-31',0),(7,47,15730,35.5372,'2013-09-01','2014-08-31',1),(7,48,16240,45,'2012-09-01','2013-08-31',0),(7,48,17700,38.9831,'2012-09-01','2013-08-31',1),(7,48,17300,45,'2013-09-01','2014-08-31',0),(7,48,18030,38.325,'2013-09-01','2014-08-31',1),(7,50,13200,45,'2012-09-01','2013-08-31',0),(7,50,15400,36.2338,'2012-09-01','2013-08-31',1),(7,50,14100,45,'2013-09-01','2014-08-31',0),(7,50,15730,35.5372,'2013-09-01','2014-08-31',1),(7,51,16240,45,'2012-09-01','2013-08-31',0),(7,51,17700,38.9831,'2012-09-01','2013-08-31',1),(7,51,17300,45,'2013-09-01','2014-08-31',0),(7,51,18030,38.325,'2013-09-01','2014-08-31',1),(7,53,17700,40,'2012-09-01','2013-08-31',0),(7,53,24300,27.4897,'2012-09-01','2013-08-31',1),(7,53,18900,40,'2013-09-01','2014-08-31',0),(7,53,24300,27.4897,'2013-09-01','2014-08-31',1),(7,54,22800,40,'2012-09-01','2013-08-31',0),(7,54,27600,31.1957,'2012-09-01','2013-08-31',1),(7,54,24300,40,'2013-09-01','2014-08-31',0),(7,54,27600,31.1957,'2013-09-01','2014-08-31',1),(7,55,17700,40,'2012-09-01','2013-08-31',0),(7,55,18900,40,'2013-09-01','2014-08-31',0),(7,56,17700,40,'2012-09-01','2013-08-31',0),(7,56,19500,34.2564,'2012-09-01','2013-08-31',1),(7,56,18900,40,'2013-09-01','2014-08-31',0),(7,56,19850,33.7028,'2013-09-01','2014-08-31',1),(7,57,22800,40,'2012-09-01','2013-08-31',0),(7,57,22800,37.807,'2012-09-01','2013-08-31',1),(7,57,24300,40,'2013-09-01','2014-08-31',0),(7,57,23150,37.2786,'2013-09-01','2014-08-31',1),(7,58,17700,40,'2012-09-01','2013-08-31',0),(7,58,18900,35.291,'2012-09-01','2013-08-31',1),(7,58,18900,40,'2013-09-01','2014-08-31',0),(7,58,19850,33.7028,'2013-09-01','2014-08-31',1),(7,59,14740,45,'2012-09-01','2013-08-31',0),(7,59,16600,37.7711,'2012-09-01','2013-08-31',1),(7,59,15700,45,'2013-09-01','2014-08-31',0),(7,59,16930,37.0939,'2013-09-01','2014-08-31',1),(7,60,14740,45,'2012-09-01','2013-08-31',0),(7,60,16600,37.7711,'2012-09-01','2013-08-31',1),(7,60,15700,45,'2013-09-01','2014-08-31',0),(7,60,16930,37.0939,'2013-09-01','2014-08-31',1),(8,1,12720,40,'2012-09-01','2013-08-31',0),(8,1,13600,40,'2013-09-01','2014-08-31',0),(8,3,12720,40,'2012-09-01','2013-08-31',0),(8,3,13600,40,'2013-09-01','2014-08-31',0),(8,8,12720,45,'2012-09-01','2013-08-31',0),(8,8,13600,45,'2013-09-01','2014-08-31',0),(9,1,18900,40,'2013-09-01','2014-08-31',0),(9,2,24300,40,'2013-09-01','2014-08-31',0),(9,3,18900,40,'2013-09-01','2014-08-31',0),(9,4,18900,40,'2013-09-01','2014-08-31',0),(9,5,24200,40,'2013-09-01','2014-08-31',0),(9,6,25100,40,'2013-09-01','2014-08-31',0),(9,7,17300,40,'2013-09-01','2014-08-31',0),(9,8,14100,40,'2013-09-01','2014-08-31',0),(9,9,17300,40,'2013-09-01','2014-08-31',0),(9,10,18460,40,'2013-09-01','2014-08-31',0),(9,11,14100,40,'2013-09-01','2014-08-31',0),(9,12,17300,40,'2013-09-01','2014-08-31',0),(9,13,18460,40,'2013-09-01','2014-08-31',0),(9,14,14100,40,'2013-09-01','2014-08-31',0),(9,15,17300,40,'2013-09-01','2014-08-31',0),(9,16,18460,40,'2013-09-01','2014-08-31',0),(9,17,14100,40,'2013-09-01','2014-08-31',0),(9,18,15700,40,'2013-09-01','2014-08-31',0),(9,45,22900,26.7249,'2012-09-01','2013-08-31',1),(9,45,17300,40,'2013-09-01','2014-08-31',0),(9,45,23300,27.8798,'2013-09-01','2014-08-31',1),(9,46,27500,31.1636,'2012-09-01','2013-08-31',1),(9,46,24200,40,'2013-09-01','2014-08-31',0),(9,46,28010,32.417,'2013-09-01','2014-08-31',1),(9,47,15400,32.2078,'2012-09-01','2013-08-31',1),(9,47,14100,40,'2013-09-01','2014-08-31',0),(9,47,16050,32.9595,'2013-09-01','2014-08-31',1),(9,48,17700,34.6893,'2012-09-01','2013-08-31',1),(9,48,17300,40,'2013-09-01','2014-08-31',0),(9,48,18380,35.3645,'2013-09-01','2014-08-31',1),(9,50,15400,32.2078,'2012-09-01','2013-08-31',1),(9,50,14100,40,'2013-09-01','2014-08-31',0),(9,50,16050,32.9595,'2013-09-01','2014-08-31',1),(9,51,17700,34.6893,'2012-09-01','2013-08-31',1),(9,51,17300,40,'2013-09-01','2014-08-31',0),(9,51,18380,35.3645,'2013-09-01','2014-08-31',1),(9,53,24300,27.4897,'2012-09-01','2013-08-31',1),(9,53,18900,40,'2013-09-01','2014-08-31',0),(9,53,24700,28.664,'2013-09-01','2014-08-31',1),(9,54,27600,31.1957,'2012-09-01','2013-08-31',1),(9,54,24300,40,'2013-09-01','2014-08-31',0),(9,54,28110,32.444,'2013-09-01','2014-08-31',1),(9,55,18900,40,'2013-09-01','2014-08-31',0),(9,56,19500,34.2564,'2012-09-01','2013-08-31',1),(9,56,18900,40,'2013-09-01','2014-08-31',0),(9,56,20230,34.9975,'2013-09-01','2014-08-31',1),(9,57,22800,37.807,'2012-09-01','2013-08-31',1),(9,57,24300,40,'2013-09-01','2014-08-31',0),(9,57,23630,38.595,'2013-09-01','2014-08-31',1),(9,58,18900,35.291,'2012-09-01','2013-08-31',1),(9,58,18900,40,'2013-09-01','2014-08-31',0),(9,58,20230,34.9975,'2013-09-01','2014-08-31',1),(9,59,16600,33.6145,'2012-09-01','2013-08-31',1),(9,59,15700,40,'2013-09-01','2014-08-31',0),(9,59,17240,34.2227,'2013-09-01','2014-08-31',1),(9,60,16600,33.6145,'2012-09-01','2013-08-31',1),(9,60,15700,40,'2013-09-01','2014-08-31',0),(9,60,17240,34.2227,'2013-09-01','2014-08-31',1);
/*!40000 ALTER TABLE `old_price_groups` ENABLE KEYS */;
UNLOCK TABLES;

--
-- Table structure for table `partner_agreement`
--

DROP TABLE IF EXISTS `partner_agreement`;
/*!40101 SET @saved_cs_client     = @@character_set_client */;
/*!40101 SET character_set_client = utf8 */;
CREATE TABLE `partner_agreement` (
  `region` int(3) unsigned NOT NULL COMMENT 'Регион',
  `date` timestamp NOT NULL DEFAULT CURRENT_TIMESTAMP COMMENT 'Дата',
  `ip` int(10) unsigned NOT NULL COMMENT 'IP',
  `remarks` text NOT NULL COMMENT 'Замечания',
  `used` tinyint(1) NOT NULL DEFAULT '0' COMMENT 'Устранены',
  KEY `index` (`region`),
  CONSTRAINT `partner_agreement_ibfk_1` FOREIGN KEY (`region`) REFERENCES `partner_regions` (`id`) ON DELETE CASCADE ON UPDATE CASCADE
) ENGINE=InnoDB DEFAULT CHARSET=utf8 COMMENT='Соглашение данных региона';
/*!40101 SET character_set_client = @saved_cs_client */;

--
-- Dumping data for table `partner_agreement`
--

LOCK TABLES `partner_agreement` WRITE;
/*!40000 ALTER TABLE `partner_agreement` DISABLE KEYS */;
INSERT INTO `partner_agreement` VALUES (169,'2010-10-27 10:09:46',1540870120,'директор',1),(190,'2010-10-27 12:08:27',3256634135,'В лице директора',1),(180,'2010-10-27 14:43:55',3158886928,'директор',1),(42,'2010-10-28 07:17:44',3000637697,'в лице: директора Смирновой Е.Б.; юр. и факт адрес: 141600, Московская обл., г. Клин, Волоколамское ш., д. 44, стр. 28; БИК 044525225; кор.сч.: 30101810400000000225; расч.сч.: 40702810040190100518; банк: Сбербанк России ОАО г. Москва Клинское ОСБ 2563; ИИН/КПП: 5020008198/502001001; эл.почта infoklin@mail.ru',1),(191,'2010-11-01 08:56:48',1402276231,'Генеральный директор Смирнова Ольг Геннадьевна; \r\nБИК 044599132; \r\nк/c30101810400000000132;    \r\nЦентральный филиал АБ \"РОССИЯ\" п. Газопровод Московской обл; \r\nдополнительная электронная почта Servallinka@mail.ru',1),(187,'2011-01-13 10:35:02',1600729864,'Генеральный директор',1),(115,'2011-02-03 12:40:39',1402285530,'Лазарева И.В. - Генеральный директор ,\r\ne-mail №2:     polar-info@yandex.ru',1),(171,'2011-02-25 07:29:00',1571963550,'директор',1),(43,'2011-05-25 07:48:41',1579755893,'председатель правления ОО \"Общество\" РБ ,к.с.наук,профессор',1),(175,'2014-02-27 16:03:26',1602965388,'директор',1),(202,'2014-08-05 12:21:34',3000636886,'ИНН 6914007754 /КПП 691401001 АНО НДПО \"Региональный учебный центр\"\r\nв лице директора Климовой Ольги Алексеевны, действующей на основании Устава.\r\nЮридический адрес: 172380 Тверская область г. Ржев, ул. Ленина д. 20/89\r\nФактический адрес: 172380, тверская область, г. Ржев Советская пл.,д.16, 3 этаж.\r\nБИК 042809679, Кор. сч. 30101810700000000679\r\nРасчетный счет: 40703810463224000453\r\nБанк: Отделение № 8607 Сбербанка России г. Тверь\r\nэл. почта: ruc.rzhev@gmail.com\r\nПрошу внести наши реквизиты в квитанции на оплату региона. Спасибо!\r\n С уважением, О.А. Климова.',1),(177,'2014-08-07 09:51:36',1503854609,'',1);
/*!40000 ALTER TABLE `partner_agreement` ENABLE KEYS */;
UNLOCK TABLES;

--
-- Table structure for table `partner_applicant`
--

DROP TABLE IF EXISTS `partner_applicant`;
/*!40101 SET @saved_cs_client     = @@character_set_client */;
/*!40101 SET character_set_client = utf8 */;
CREATE TABLE `partner_applicant` (
  `id` int(6) unsigned NOT NULL AUTO_INCREMENT,
  `num` int(5) unsigned NOT NULL DEFAULT '0' COMMENT 'номер личного дела',
  `region` int(3) unsigned NOT NULL COMMENT 'Код региона',
  `agent` int(1) unsigned NOT NULL DEFAULT '2',
  `surname` varchar(30) NOT NULL DEFAULT '' COMMENT 'фамилия',
  `name` varchar(30) NOT NULL DEFAULT '' COMMENT 'имя',
  `second_name` varchar(30) NOT NULL DEFAULT '' COMMENT 'отчество',
  `birthday` date NOT NULL DEFAULT '0000-00-00' COMMENT 'дата рождения',
  `sex` char(1) NOT NULL DEFAULT '' COMMENT 'пол',
  `citizenry` varchar(40) NOT NULL DEFAULT '1' COMMENT 'Гражданство',
  `doc_type` int(2) NOT NULL DEFAULT '1' COMMENT 'тип документа',
  `doc_serie` varchar(5) NOT NULL DEFAULT '' COMMENT 'серия',
  `doc_number` varchar(12) NOT NULL COMMENT 'номер',
  `doc_issued` varchar(100) NOT NULL DEFAULT '' COMMENT 'выдан',
  `doc_date` date NOT NULL DEFAULT '0000-00-00' COMMENT 'когда',
  `doc_code` varchar(10) NOT NULL COMMENT 'код подразделения',
  `e-mail` varchar(50) NOT NULL DEFAULT '' COMMENT 'электронная почта',
  `language` int(2) unsigned NOT NULL COMMENT 'изучаемый иностранный язык',
  `internet` tinyint(1) NOT NULL DEFAULT '0',
  `create_date` timestamp NOT NULL DEFAULT CURRENT_TIMESTAMP COMMENT 'дата создания',
  `edit_date` timestamp NOT NULL DEFAULT '0000-00-00 00:00:00' COMMENT 'Дата правки',
  `edu_base` int(2) unsigned NOT NULL COMMENT 'Идентификатор образования',
  `birthplace` varchar(60) NOT NULL DEFAULT '' COMMENT 'место рождения',
  `homephone_code` int(6) NOT NULL COMMENT 'Код домашнего телефона',
  `homephone` varchar(15) DEFAULT NULL COMMENT 'домашний телефон',
  `mobile_code` int(3) NOT NULL COMMENT 'Код мобильного телефона',
  `mobile` varchar(15) DEFAULT NULL COMMENT 'мобильный телефон',
  `edu_doc` int(2) unsigned NOT NULL,
  `edu_serie` varchar(6) NOT NULL,
  `edu_number` varchar(15) NOT NULL,
  `edu_institution` varchar(200) NOT NULL,
  `edu_city` varchar(200) NOT NULL,
  `edu_specialty` varchar(70) NOT NULL,
  `edu_date` date NOT NULL DEFAULT '0000-00-00',
  `catalog` int(4) unsigned NOT NULL COMMENT 'Учебный план',
  `profile` int(2) unsigned NOT NULL COMMENT 'Профиль',
  `semestr` int(2) NOT NULL,
  `pay` int(2) NOT NULL DEFAULT '0' COMMENT 'Количество платных досдач',
  `traditional_form` tinyint(1) NOT NULL DEFAULT '0',
  `highedu` tinyint(1) NOT NULL DEFAULT '0' COMMENT 'высшее образование впервые\\нет',
  `type` int(1) NOT NULL,
  `ip` int(10) unsigned NOT NULL COMMENT 'IP адрес',
  `spo` int(11) NOT NULL,
  PRIMARY KEY (`id`),
  KEY `region` (`region`),
  KEY `doc_type` (`doc_type`),
  CONSTRAINT `partner_applicant_ibfk_1` FOREIGN KEY (`region`) REFERENCES `partner_regions` (`id`) ON DELETE CASCADE ON UPDATE CASCADE
) ENGINE=InnoDB AUTO_INCREMENT=141 DEFAULT CHARSET=utf8 COMMENT='Общие сведения об абитуриенте';
/*!40101 SET character_set_client = @saved_cs_client */;

--
-- Dumping data for table `partner_applicant`
--

LOCK TABLES `partner_applicant` WRITE;
/*!40000 ALTER TABLE `partner_applicant` DISABLE KEYS */;
INSERT INTO `partner_applicant` VALUES (26,0,190,1,'Филенкова','','','0000-00-00','M','Российская Федерация',1,'','','','0000-00-00','','',1,0,'2010-12-06 11:45:13','0000-00-00 00:00:00',1,'',0,'',0,'',1,'','0','','','','0000-00-00',1,0,1,0,1,0,0,3588155231,0),(27,0,190,1,'Филенкова','Анна','Викторовна','1991-03-27','F','Российская Федерация',1,'8305','723963','Прохладненским РОВД КБР','2005-12-26','072013','',1,0,'2010-12-06 11:54:00','0000-00-00 00:00:00',2,'КБССР, пос.Граничный',0,'',928,'7131822',3,'90 БО','128131','Терский СХ техникум, филиал ФГОУ ВПО \"КБГСХА\"','','Государственное и муниципальное управление','2024-06-20',12,0,1,0,1,0,0,3588155231,0),(28,0,182,1,'Иванов','Иван','Иванович','1972-01-01','M','Российская Федерация',1,'4703','802000','ОВД г. Мурманска','2000-01-15','512-001','britrus@yandex.ru',1,0,'2010-12-06 11:54:20','0000-00-00 00:00:00',1,'г. Мурманск',8152,'267283',921,'169887',1,'5100','123456','МОУ СОШ № 62 г. Мурманска','','','2015-06-20',1,0,1,0,1,0,0,1402274582,0),(30,0,169,1,'Архипов','Дмитрий','Владимирович','1991-09-17','M','Российская Федерация',1,'1905','358686','Кирилловским РОВД Вологодской обл.','2006-06-01','352-016','',1,0,'0000-00-00 00:00:00','0000-00-00 00:00:00',3,'г. Кириллов Вологодской обл.',81757,'31047',965,'7424266',2,'35НН','14116','ГОУ \"ПУ №59\"','','','2009-06-20',8,0,1,0,1,0,0,1540870120,0),(31,0,190,1,'Ткач','Андрей','Иванович','1984-06-17','M','Российская Федерация',1,'4510','824604','ОВД по р-ну Восточное Дегунино ОУФМС по г.Москве','2010-10-01','770-017','',1,0,'0000-00-00 00:00:00','0000-00-00 00:00:00',1,'МССР, п. Теленешты',928,'0826566',928,'0826566',1,'ACG','149178','Республика Молдова, СОШ с.Вережень, р-на Орхей','','','2020-06-20',45,0,1,0,1,0,0,3588155037,0),(32,0,182,1,'Басова','Ольга','Владимировна','1972-11-12','F','Российская Федерация',1,'4705','995633','ОВД Печенгского района Мурманской области','2007-07-14','512-012','besova_911@mail.ru',1,0,'2011-01-26 09:29:19','0000-00-00 00:00:00',1,'пос. Никель Печенгского района Мурманской обл.',81554,'40549',953,'3055282',3,'СБ','3212304','Кооперативный техникум Мурманского облпотребсоюза','','Экономика, бухгалтерский учет и контроль','2030-05-20',17,0,1,0,1,0,0,1402274649,0),(33,0,182,1,'Басова','Ольга','Владимировна','1972-11-12','F','Российская Федерация',1,'4705','995633','ОВД Печенгского района Мурманской области','2007-07-14','512-012','besova_911@mail.ru',1,0,'2011-01-26 09:34:00','0000-00-00 00:00:00',1,'пос. Никель Печенгского района Мурманской обл.',81554,'40549',953,'3055282',3,'СБ','3212304','Кооперативный техникум Мурманского облпотребсоюза','','Экономика, бухгалтерский учет и контроль','2030-05-20',17,0,1,0,1,0,0,1402274649,0),(34,0,182,1,'Басова','Ольга','Владимировна','1972-11-12','F','Российская Федерация',1,'4705','995633','ОВД Печенгского района Мурманской области','2007-07-14','512-012','besova_911@mail.ru',1,0,'2011-01-26 09:35:11','0000-00-00 00:00:00',1,'пос. Никель Печенгского района Мурманской обл.',81554,'40549',953,'3055282',3,'СБ','3212304','Кооперативный техникум Мурманского облпотребсоюза','','Экономика, бухгалтерский учет и контроль','2030-05-20',17,0,1,0,1,0,0,1402274649,0),(35,0,182,1,'Басова','Ольга','Владимировна','1972-11-12','F','Российская Федерация',1,'4705','995633','ОВД Печенгского района Мурманской области','2007-07-14','512-012','besova_911@mail.ru',1,0,'2011-01-26 09:37:52','0000-00-00 00:00:00',1,'пос. Никель Печенгского района Мурманской обл.',81554,'40549',953,'3055282',3,'СБ','3212304','Кооперативный техникум Мурманского облпотребсоюза','','Экономика, бухгалтерский учет и контроль','2030-05-20',17,0,1,0,1,0,0,1402274649,0),(36,0,182,1,'Братцев','Владимир','Григорьевич','1973-09-09','M','Российская Федерация',1,'4700','179796','ОВД Кольского района Мурманской области','2001-09-22','512-009','',1,0,'2011-01-27 10:32:47','0000-00-00 00:00:00',3,'пос. Молодежный Молодежного р-на Карагандинской обл.',81553,'91089',921,'2830639',2,'В','947761','СПТУ № 21','','машинист экскаваторов одноковшовых','0000-00-00',1,0,1,0,1,0,0,1402274675,0),(37,0,182,1,'Братцев','Владимир','Григорьевич','1973-09-09','M','Российская Федерация',1,'4700','179796','ОВД Кольского района Мурманской области','2001-09-22','512-009','',1,0,'2011-01-27 10:42:01','0000-00-00 00:00:00',3,'пос. Молодежный Молодежного р-на Карагандинской обл.',81553,'91089',921,'2830639',2,'В','947761','СПТУ № 21','','машинист экскаваторов одноковшовых','0000-00-00',1,0,1,0,1,0,0,1402274675,0),(40,0,168,1,'Васильев','Сергей','Алексеевич','1981-10-10','M','Российская Федерация',1,'4903','575126','Старорусским ГОВД Новгородской обл.','2003-10-02','532-004','',1,0,'2011-04-12 06:02:44','0000-00-00 00:00:00',1,'г. Старая Русса',81652,'51521',905,'2396160',1,'А','3676854','МОУ СОШ №10','','','0000-00-00',1,0,6,5,1,0,0,1360026530,0),(41,0,182,1,'Куваев','Ян','Владимирович','1991-09-03','M','Российская Федерация',1,'4705','996271','ОВД Печенгского района Мурманской области','2005-10-07','512-012','',1,0,'0000-00-00 00:00:00','0000-00-00 00:00:00',1,'пос. Никель Печенгского р-на Мурманской области',81554,'52291',921,'0465237',1,'51 АА','15899','МОУ СОШ №1 пос. Никеля Печенгского р-на Мурманской области','','','2008-06-19',3,0,1,0,1,0,0,1402274640,0),(42,0,168,1,'Смирнов','Валентин','Андреевич','1993-11-10','M','Российская Федерация',1,'4907','834612','ОУФМС России по Новгородской обл. в Старорусском р-не','2007-11-17','530-004','',1,0,'2011-07-05 09:20:35','0000-00-00 00:00:00',1,'г. Старая Русса',81652,'33925',952,'4813607',1,'53АБ','5706','МАОУ СОШ №5 г. Старая Русса','','','2024-06-20',45,0,1,0,0,0,0,1360026530,0),(43,0,168,1,'Смирнов','Валентин','Андреевич','1993-11-10','M','Российская Федерация',1,'4907','834612','ОУФМС России по Новгородской обл. в Старорусском р-не','2007-11-17','530-004','',1,0,'2011-07-05 09:24:34','0000-00-00 00:00:00',1,'г. Старая Русса',81652,'33925',952,'4813607',1,'53АБ','5706','МАОУ СОШ №5 г. Старая Русса','','','2024-06-20',45,0,1,0,0,0,0,1360026530,0),(44,0,42,1,'Миронов','Евгений','Викторович','1981-12-29','M','Российская Федерация',1,'4606','180582','УПРАВЛЕНИЕ ВНУТРЕННИХ ДЕЛ КЛИНСКОГО РАЙОНА МОСКОВСКОЙ ОБЛАСТИ','2004-12-21','502-044','evgeniimironov81@mail.ru',1,0,'0000-00-00 00:00:00','0000-00-00 00:00:00',2,'г. Клин',49624,'34355',905,'5754114',3,'СБ','2807921','Государственный профессиональный лицей № 62 г. Клин Московской области','','Техническое обслуживание и ремонт автомобильного транспорта','2001-06-29',1,0,1,0,1,0,0,1332706149,0),(45,0,191,1,'Ригов','Павел','Валерьевич','1968-01-10','M','Российская Федерация',1,'4343','433322','отделением 1 ОВД Питер','2009-01-23','111-222','',1,1,'0000-00-00 00:00:00','0000-00-00 00:00:00',1,'г.Москва',914,'45332432',323,'3223233',1,'443','43432','','','','2010-01-20',51,1,0,0,1,0,0,1399235237,0),(47,0,191,1,'Малов','Иван','Федорович','1980-01-09','M','Российская Федерация',1,'4343','323322','паспортный стол 3','2001-01-24','111-222','',1,1,'2012-11-19 12:44:43','0000-00-00 00:00:00',1,'г.Кольск',4344,'43',434,'43434',1,'4','43','','','','2016-01-20',45,12,0,1,1,0,0,1399235237,0),(48,0,195,1,'Климов','Денис','Юрьевич','1992-05-26','M','Российская Федерация',1,'4607','276018','Хотьковским ОМ Сергиево-Посадского р-на МО','2006-05-26','503-101','',1,0,'2013-01-14 12:27:40','0000-00-00 00:00:00',1,'пос. Заречный',903,'2859461',903,'2859461',1,'50 АБ','16423','МОУ \"Лицей №24 имени А.В.Корявина\" Сергиево-Посадского муниципального р-на Московской обл.','','','2024-06-20',53,14,0,0,1,0,0,2997308470,0),(61,0,3,1,'Сыров','Александр','Витальевич','1995-03-01','M','Российская Федерация',1,'4608','543232','ТП в г.Краснозаводске ОУФМС России по Московской обл. в Сергиево-Посадском р-не','2009-06-19','500-150','',1,1,'0000-00-00 00:00:00','0000-00-00 00:00:00',1,'Сергиев-Посад-14 Сергиево-Посадского р-на Московской обл.',0,'0000000',915,'2520878',1,'50 АБ','106172','МБОУ \"СОШ №4\" г.Сергиев Посад Московской обл.','','','2021-06-20',45,12,1,0,0,0,0,3277584890,0),(63,0,3,1,'Исаев','Егор','Александрович','1985-08-22','M','Российская Федерация',1,'8905','915204','ОВД Ичалковского района Респ.Мордовия','2006-05-26','132-013','audist_egor@mail.ru',1,1,'2013-07-26 08:17:16','0000-00-00 00:00:00',4,'г.Лиепая Латвийской ССР',0,'',903,'2762876',2,'Д','114747','Профессиональное училище №112','г. Москва','Столяр-сборщик','2004-06-24',47,7,0,0,0,0,0,3277584890,0),(65,7827,3,1,'Мельников','Роман','Юрьевич','1988-04-28','M','Российская Федерация',1,'4510','124266','ОУФМС России по г. Москве','2009-03-10','770-085','roman.melnikov2013@gmail.com',1,1,'2013-08-15 10:43:18','0000-00-00 00:00:00',1,'гор. Красноярск',0,'',916,'0155050',1,'Б','6961181','шк. № 264','г. Москва','','2011-06-20',47,6,2,6,0,0,0,3277584890,0),(66,0,3,1,'Сыров','Александр','Витальевич','1995-03-01','M','Российская Федерация',1,'4608','543232','ТП В Г.КРАСНОЗАВОДСКЕ ОУФМС РОССИИ ПО МОСКОВСКОЙ ОБЛ. В СЕРГИЕВО-ПОСАДСКОМ Р-НЕ','2009-06-19','500-150','',2,1,'0000-00-00 00:00:00','0000-00-00 00:00:00',1,'СЕРГИЕВ-ПОСАД-14 СЕРГИЕВО-ПОСАДСКОГО Р-НА МОСКОВСКОЙ ОБЛ.',0,'',916,'0246151',1,'50АБ','106172','СОШ №4 ','СЕРГИЕВ ПОСАД','','2013-06-20',45,12,1,0,0,0,0,3277584890,0),(67,0,179,1,'Ворожбит','Ирина','Ивановна','1985-12-03','F','Российская Федерация',1,'6609','479130','ТП МОУФМС России по Смоленской области в городе Рославль','2009-05-26','670-004','berkut1711@rambler.ru',1,1,'0000-00-00 00:00:00','0000-00-00 00:00:00',1,'посёлок Екимовичи Рославльского района Смоленской области',0,'',950,'7091844',3,'АК','1420961','МГИМ им. А.Г. Шнитке','Город Москва','Вокальное искусство','2026-06-20',50,1,1,0,0,0,0,1604251329,0),(68,7900,3,1,'Агапова ','Любовь','Алексеевна','1989-12-30','F','Российская Федерация',1,'4510','628492','Отделением по району Печатники ОУФМС России по гор. Москве в ЮВАО','2010-01-21','770-110','luba89-89@list.ru',1,1,'0000-00-00 00:00:00','0000-00-00 00:00:00',2,'Г.Москва',499,'357-55-08',915,'2536566',3,'77ПА','7330','Педагогический колледж №5','Москва','Преподавание в начальных классах','2010-06-25',47,6,1,5,0,0,0,3277584890,0),(69,0,3,1,'Матиенко','Сергей','Андреевич','1970-01-01','M','Российская Федерация',1,'8313','165333','Отделом № 2 УфМС России г. Нальчик','2013-07-08','070-012','666gagarin777@mail.ru',1,0,'0000-00-00 00:00:00','0000-00-00 00:00:00',1,'г. Нальчик ',0,'',915,'4038694',1,'07АА','21609','МОУ СОШ № 4','г. Нальчик','','2025-06-20',53,14,1,0,0,0,0,3277584890,0),(70,0,3,1,'Дружинина','Ольга','Владимировна','1986-05-15','F','Российская Федерация',1,'4509','847583','Отделением по району Кунцево ОУФМС России по г. Москве в ЗАО','2008-10-07','770-064','helga1505@mail.ru',1,1,'0000-00-00 00:00:00','0000-00-00 00:00:00',1,'Г.Москва',0,'',926,'4365616',1,'Б','944524','ГОУ СОШ № 808','г. Москва','','2003-06-25',47,9,1,0,0,0,0,3277584890,0),(71,0,179,1,'Лоханков','Максим','Геннадьевич','1979-05-01','M','Российская Федерация',1,'6612','684187','ТП в г.Десногорск МО УФМС Рооссии по Смоленской области в г.Рославле','2013-04-04','670-004','info-ruz@yandex.ru',1,1,'2013-09-16 19:29:23','0000-00-00 00:00:00',1,'г.Рыбное Рязанской обл.',8,'34 65 77',891,'0789426',1,'А','483196','Профессиональное училище №32 г.Десногорск','г.Десногорск','Тракторист-машенист','0000-00-00',50,1,1,0,0,0,0,3579281648,0),(72,0,183,1,'Соловьева','Ольга','Александровна','1986-01-07','F','Российская Федерация',1,'6706','666757','ОВД город Радужный','2007-01-14','','solovevachulakova@mail.ru',1,0,'2013-09-28 17:29:29','0000-00-00 00:00:00',1,'с.Трюхино Мокушинская обл.Курганский р-он.',0,'',909,'0444375',1,'','0','','','','0000-00-00',45,12,1,0,0,0,0,3103999096,0),(73,0,3,1,'Лазарев ','Антон','Викторович','1986-04-04','M','Российская Федерация',1,'4508','574500','ОВД Бутырского р-на, гор. Москвы','2006-06-08','772-062','undertaker00@yandex.ru',1,0,'0000-00-00 00:00:00','0000-00-00 00:00:00',1,'Россия, гор.Москва, ул. Бутырская, д.86А, кв. 33',499,'7609409',967,'2748314',1,'Б','938290','Общеобразовательная школа № 304','Москва','','2003-06-24',53,14,1,0,0,0,0,3277584890,0),(74,0,3,1,'Сибаев','Ильшат','Закиевич','1975-01-21','M','Российская Федерация',1,'4509','792146','отделением по району митино ОУФМС России по гор. Москве в СЗАО','2008-09-01','770-093','21ilshat@gmail.com',1,0,'0000-00-00 00:00:00','0000-00-00 00:00:00',1,'С. Кушнаренково, Кушнаренковского р-на, респ. Башкортостан',495,'7521193',967,'0335072',1,'А','727714','Кушнаренсковская средняя школа № 1','Кушнаренковский район, С. Кушнаренково, респ. Башкортостан','','1992-06-19',53,14,1,0,0,0,0,3277584890,0),(75,0,4,1,'Месропян','Анна','Михайловна','1986-02-21','F','Российская Федерация',1,'4508','442228','ОВД Района северное Тушино','2006-07-06','772-023','limka86@inbox.ru',1,1,'0000-00-00 00:00:00','0000-00-00 00:00:00',1,' г. Москва',495,'3987989',905,'5156879',1,'Б','895920','Общеобразовательная школа № 896','г. Москва','','2003-06-21',47,9,0,0,0,0,0,3277584890,0),(76,0,3,1,'Хмаренко','Николай','Михайлович','1992-12-19','M','Российская Федерация',1,'4513','072752','Отделом УФМС России по гор.Москве по району Измайлово','2013-03-25','770-051','pincho01rus@mail.ru',1,1,'0000-00-00 00:00:00','0000-00-00 00:00:00',1,'Респ.Адыгея',0,'',929,'9883036',1,'01АБ','001391','','Майкоп','','2010-06-23',1,0,7,2,0,0,0,3277584890,0),(77,0,3,1,'Попов','Вадим','Витальевич','1991-08-27','M','Российская Федерация',1,'4611','492387','тп №2 межрайонного оуфмс России по московской обл. в городском поселении Щелково','2011-09-02','500-185','popov-vadik@mail.ru',1,0,'0000-00-00 00:00:00','0000-00-00 00:00:00',1,'Московская обл. Щёлковской р- он, д. Долгое Лёдово, ул. Акад',0,'',906,'7091406',1,'50 АА','0120449','','г. Балашиха','','2009-06-20',53,14,3,6,0,0,0,3277584890,0),(78,0,3,1,'Коржеманов','Андрей','Владимирович','1977-11-04','M','Российская Федерация',1,'5205','125309','УВД Ленинского АО г. Омска','2005-04-12','552-002','',1,0,'2013-10-10 14:13:13','0000-00-00 00:00:00',2,'г. Омск',0,'',985,'3683068',4,'УТ','769240','Омский колледж транспортного строительства им. Ленинского комсомола','г. Омск','Строительство железных дорог, путь и путевое хозяйство','1997-04-23',47,8,1,0,0,0,0,3277584890,0),(79,0,179,1,'Гришанова','Юлия ','Леонидовна','1985-01-15','F','Российская Федерация',1,'6611','610603','ТП в г.Десногорске МО УФМС России по Смоленской области в г.Рославле','2011-08-08','670-004','',2,0,'2013-10-14 12:32:38','0000-00-00 00:00:00',1,'дер.Чижовка Трубчинского р-на Брянской обл.',481,'5377659',891,'0452827',4,'Д','943785','ГПЛ №92 Агролицей \"Медвежьи Озера\" Щелковского района','Московская область','Продоовощевод-3 кл.','2006-10-18',1,0,0,0,0,0,0,1604245577,0),(80,0,179,1,'Гришанова','Юлия','Леонидовна','1985-01-15','F','Российская Федерация',1,'6611','610603','ТП в г.Десногорске МО УФМС России по Смоленской области в г.Рославле','2011-08-08','670-004','yuleshka-grichanova@mail.ru',2,0,'2013-10-15 07:02:09','0000-00-00 00:00:00',1,'дер.Чижовка Трубчевского р-на Брянской обл.',481,'5377659',891,'0452827',2,'Д','943785','Государственный профессиональный лицей 92 Агролицей \"Медвежьи Озера\" Щелковского района Московской области','Московская обл.','\"Хозяйка усадьбы\"','2006-01-10',50,1,1,0,0,0,0,1604246946,0),(81,0,3,1,'Кузьмин','Алексей','Александрович','1987-01-30','M','Российская Федерация',1,'4508','946349','ОВД Зябликово г. Москвы','2007-02-12','772-011','Alex30011987@yandex.ru',1,0,'0000-00-00 00:00:00','0000-00-00 00:00:00',2,'Г.Москва',495,'3953360',915,'2395621',3,'СБ','5007597','ГОУСПО Электромеханический колледж №55','Москва','Техническая эксплуатация и обслуживание электрического и электромехани','2007-06-29',53,14,1,0,0,0,0,3277584890,0),(82,0,179,1,'Лоханков','Максим','Геннадьевич','1979-05-01','M','Российская Федерация',1,'6612','684187','ТП в г.Десногорск МО УФМС Рооссии по Смоленской области в г.Рославле','0000-00-00','670-004','info-ruz@yandex.ru',1,0,'2013-10-16 22:24:59','0000-00-00 00:00:00',1,'г.Рыбное Рязанской обл.',8,'5-79-99',910,'0789426',2,'А','483196','Профессиональное училище №32 г.Десногорск','г.Десногорск','','1997-06-20',50,1,1,0,0,0,0,1604242723,0),(83,0,3,1,'Барабашина','Джульета','Рафаеловна','1967-06-30','F','Российская Федерация',1,'4712','370649','тп в гор. Заозерске межрайонного отдела УФМС Росси по Мурманской обл. в гор. Североморске','2012-07-26','510-023','',1,1,'0000-00-00 00:00:00','0000-00-00 00:00:00',2,'гор. Ахалцихе ГССР',0,'',916,'9114802',3,'','','','','','2013-07-01',47,6,1,0,0,0,0,3277584890,0),(84,0,3,1,'Эльмурзаев ','Эльмутдин','Эльдарович','1992-02-02','M','Российская Федерация',1,'1212','461111','ОУФМС России по Астраханской обл. в Ахтубинском районе','2012-12-25','300-005','',1,1,'0000-00-00 00:00:00','0000-00-00 00:00:00',1,'гор.Хтубинск Астраханская область',0,'',917,'5179307',1,'','','','','','1970-01-01',47,6,1,0,0,0,0,3277584890,0),(85,0,3,1,'Пивоваров','Антон','Викторович','1987-05-07','M','Российская Федерация',1,'4509','016576','Отделением по району Северное Бутово ОУФМС России по гор. Москве в ЮЗАО','2007-07-26','770-121','',1,0,'2013-10-18 07:30:47','0000-00-00 00:00:00',3,'г. Днепродзержинск. Днепропетровской обл.',495,'712 14 55',926,'8013337',2,'Е','405058','Электромеханический колледж № 55','г. Москва','электромеханик по лифтам','2005-06-30',47,6,1,0,0,0,0,3277584890,0),(86,0,205,1,'Кислов','Михаил','Алексеевич','1986-12-24','M','Российская Федерация',1,'4607','048641','ОВД Лотошинского района Московской области','2007-04-04','502-010','minskfedor@yandex.ru',1,1,'0000-00-00 00:00:00','0000-00-00 00:00:00',1,'дер. Ушаково',49636,'2879195',926,'5218638',1,'А','7158688','МОУ \"Ушаковская средняя школа\"','дер.Ушаково Лотошинского р-на Московской обл.','','2003-06-19',50,1,1,0,0,0,0,1347185494,0),(87,0,3,1,'Галямшина ','Альгиза','Камиловна','1985-01-30','F','Российская Федерация',1,'5712','892280','Отделом УФМС Росии по пермскому краю в кировском районе города Перми','2012-04-19','590-004','algiza.galyamshina@gmail.com',1,1,'2013-10-31 06:46:49','0000-00-00 00:00:00',1,'с.Агафонково Суксунского р-на Пермской обл.',0,'',985,'9133710',1,'АБ','0159029','ГОУ СОШ № 919','Москва','','2013-06-23',47,7,1,0,0,0,0,3277584890,0),(88,0,179,1,'Пахоменк','Денис','Павлович','1987-04-12','M','Российская Федерация',1,'3120','487715','ПАРТИЗАНСКОЕ РУВД Г,МИНСКА','2012-04-26','307-304','info-ruz@yandex.ru',1,0,'2013-11-08 09:18:20','0000-00-00 00:00:00',1,'Республика Беларусь, Могилевская обл.,ПГТ Хотимск',481,'3466577',8,'9104266',1,'','','','','','0000-00-00',45,12,1,0,0,0,0,3557007131,0),(89,0,179,1,'Охотенко','Андрей','Аркадьевич','1996-06-20','M','Республика Беларусь',1,'3200','696025','Житковичский РОВД Гомельской области','2012-10-03','252-944','info-ruz@yandex.ru',2,0,'2013-11-11 19:05:17','0000-00-00 00:00:00',1,'Республика Беларусь, Гомельская область, г.Житковичи',375,'235321829',375,'2923160',1,'А','1578510','ГУО ','г.Житкович','','2013-06-12',47,9,1,0,0,0,0,3557007167,0),(90,0,179,1,'Пахоменко','Денис','Павлович','1987-04-12','M','Республика Беларусь',1,'3120','487715','Партизанское РУВД г. Минска','2012-04-26','307-304','info-ruz@yandex.ru',1,0,'2013-11-12 04:38:11','0000-00-00 00:00:00',1,'Республика Беларусь, Могилевская обл., ПГТ Хотимск',8,'34 665 77',910,'7894266',2,'Д','0422875','УО \"Хотимское государственное ПТУ№125 сельскохозяйственного производства\"','Республика Беларусь г. Хотимск','','2005-06-30',45,12,1,0,0,0,0,1604243336,0),(91,0,179,1,'Пахоменко','Денис','Павлович','1987-04-12','M','Российская Федерация',1,'6612','456745','партизанское РУВД г.Минска','2012-04-26','876-576','info-ruz@yandex.ru',1,0,'2013-11-12 20:05:38','0000-00-00 00:00:00',1,'Республика Беларусь. Могилевская обасть ПГТ Хотимск',8,'66577',910,'7894266',2,'Д','04228875','УО\"Хотимское государственное ПТУ','Хотимск','Техническое обеспечение Сельскохозяйственных работ','2005-06-30',47,9,1,0,0,0,0,3556999287,0),(92,0,179,1,'Ковалева','Наталья','Викторовна','1980-08-19','F','Российская Федерация',1,'6600','235080','Десногорским ГОВД Смоленской области','2001-08-23','672-004','',1,1,'2013-12-04 12:53:27','0000-00-00 00:00:00',1,'п. Екимовичи',0,'',0,'',1,'','','','','','0000-00-00',45,12,0,0,0,0,0,3556999269,0),(93,0,179,1,'Ковалева','Наталья','Викторовна','1979-08-19','F','Российская Федерация',1,'6600','235080','Десногорским ГОВД Смоленской области','2001-08-23','670-004','natali-kovaleva@mail.ru',1,0,'2013-12-04 13:11:43','0000-00-00 00:00:00',1,'посёлок Екимовичи Рославльского района Смоленской области',8481,'5374605',891,'0117723',3,'67СПА','0007290','Смоленское областное ГБОУ СПО \"Ельнинский сельскохозяйственный техникум\"','Ельня','Экономика и бухгалтерский учет','2013-06-04',50,1,1,0,0,0,0,3556999269,0),(94,0,179,1,'Ковалева','Наталия','Викторовна','1979-08-19','F','Российская Федерация',1,'6600','235080','Десногорским ГОВД Смоленской области','2001-08-23','672-004','natali-kovaleva-@mail.ru',1,0,'2013-12-04 13:28:34','0000-00-00 00:00:00',1,'п.Екимовичи',8481,'5374605',910,'1177230',3,'67СПА','0007290','Смоленское областное ГБОУ СПО \"Ельнинский сельскохозяйственный техникум\"','Ельня','','2013-06-04',50,1,1,0,0,0,0,3556999269,0),(95,0,3,1,'Рыфальский','Павел','Андреевич','1988-12-27','M','Российская Федерация',1,'4509','670567','отделением по району Крылатское оуфмс России по г. Москве в зао','2009-01-26','770-063','rflskpvl88@rambler.ru',1,1,'0000-00-00 00:00:00','0000-00-00 00:00:00',1,'Г.Москва',495,'4138376',903,'7822046',1,'Б','4354165','ГОУ СОШ №81','Москва','','2006-06-23',45,12,3,2,0,0,0,3277563850,0),(96,0,183,1,'Галимова','Гюзель','Данисовна','1985-03-08','F','Российская Федерация',1,'6708','860321','Отделением УФМС России по Ханты-Мансийскому автоном.окр.-Югре в гор. Радужный','2008-11-25','860-026','guzel.galim@mail.ru',2,0,'2014-04-21 08:34:34','0000-00-00 00:00:00',1,'д.Подлубово Караидельского р-на Башкирской АССР',0,'',912,'5333833',1,'A','9762452','','','','2002-06-22',45,12,0,0,0,0,0,1580384645,0),(97,0,179,1,'Ковалева','Наталья','Викторовна','1979-08-19','F','Российская Федерация',1,'6600','235080','Десногорским ГОВД Смоленской области','2001-08-23','672-004','natali-kovaleva@mail.ru',1,0,'2014-04-21 13:26:40','0000-00-00 00:00:00',2,'п.Екимовичи Рославльвкого района Смоленской облсти',8481,'5374605',910,'1177230',3,'67СПА','0007290','Ельнинский сельскохозяйственный техникум','г. Ельня','Экономика и бухгалтерский учет','2013-06-04',50,1,0,0,0,0,0,3575152602,0),(102,0,191,1,'Еке','Еккек','','1980-01-16','M','Российская Федерация',1,'4344','434334','fddggf','2002-01-16','555-444','ddd@sss.ru',1,0,'2014-07-15 09:16:00','0000-00-00 00:00:00',1,'г.Кустайнаймк',4323,'3232323',324,'3232323',1,'3','232323','','','','2002-01-23',58,16,1,0,0,0,0,3277563850,0),(103,0,179,1,'Козлова','Наталия','Викторовна','1979-08-19','F','Российская Федерация',1,'6600','235080','Десногорским ГОВД Смоленской обл.','2001-08-23','672-004','info-ruz@yandex.ru',2,0,'2014-07-15 11:28:43','0000-00-00 00:00:00',1,'п. Ершечи Смоленской обл.',8481,'74605',89,'9101177',3,'67 СПА','0007290','\"Ельнинский сельскохозяйственный техникум\"','г. Ельня','Экономика и бухгалтерский учет. Бухгалтер','2003-06-04',50,1,1,0,0,0,0,3575152214,0),(104,0,179,1,'Козлова','Анна','Викторовна','1984-05-03','F','Российская Федерация',1,'2904','970484','ОВД Кировского района Колужской области','2004-09-07','402-013','',1,0,'2014-07-15 12:05:22','0000-00-00 00:00:00',2,'г. Киров Калужской обл.',0,'',8,'9107633',1,'СБ-46','4694207','','','','2004-06-30',50,1,1,0,0,0,0,3575152214,0),(105,0,179,1,'Козлова','Анна','Викторовна','1984-05-03','F','Российская Федерация',1,'2904','970484','ОВД Кировского района Колужской области','2004-09-07','402-013','',1,1,'2014-07-15 12:37:28','0000-00-00 00:00:00',1,'г. Киров Калужской обл.',0,'',891,'0763174',3,'СБ-46','4694207','Сельскохозяйственный колледж','г.Рославль','','2004-06-30',50,1,1,0,0,0,0,3575152214,0),(106,0,179,1,'Охотенко','Андрей','Аркадьевич','1996-06-20','M','other',1,'3200','696025','Житковичский РОВД Гомельской области','2002-10-03','252-944','info-ruz@yandex.ru',2,0,'2014-07-21 07:45:49','0000-00-00 00:00:00',1,'Республика Беларусь, Гомельская обл. г.Житковичи',8481,'6-65-77',375,'2923160',1,'А','1578510','ГУО \"Средняя школа №1 г.Житковичи\" Гомельской области','г.Житковичи','нет','2013-06-12',45,12,1,0,0,0,0,3575152448,0),(107,0,179,1,'Охотенко','Андрей','Аркадьевич','1996-06-20','M','other',1,'3200','696025','Житковичский РОВД Гомельской области','2002-10-03','252-944','info-ruz@yandex.ru',2,1,'2014-07-21 07:48:23','0000-00-00 00:00:00',1,'Республика Беларусь, Гомельская обл. г.Житковичи',8481,'6-65-77',375,'2923160',1,'А','1578510','ГУО \"Средняя школа №1 г.Житковичи\" Гомельской области','г.Житковичи','нет','2013-06-12',47,7,1,0,0,0,0,3575152448,0),(108,0,179,1,'Охотенко','Андрей','Аркадьевич','1996-06-20','M','other',1,'3200','696025','Житковичский РОВД Гомельской области','2012-10-03','252-944','info-ruz@yandex.ru',2,1,'2014-07-21 07:53:06','0000-00-00 00:00:00',1,'Республика Беларусь, Гомельская обл. г.Житковичи',8481,'6-65-77',375,'2923160',1,'А','1578510','ГУО \"Средняя школа №1 г.Житковичи\" Гомельской области','г.Житковичи','нет','2013-06-12',47,12,1,0,0,0,0,3575152448,0),(109,0,179,1,'Охотенко','Андрей','Аркадьевич','1996-06-20','M','other',1,'3200','696025','Житковичский РОВД Гомельской области','2012-10-03','252-944','info-ruz@yandex.ru',2,1,'2014-07-21 07:57:31','0000-00-00 00:00:00',1,'Республика Беларусь, Гомельская обл. г.Житковичи',8481,'6-65-77',375,'2923160',1,'А','1578510','ГУО \"Средняя школа №1 г.Житковичи\" Гомельской области','г.Житковичи','нет','2013-06-12',47,12,1,0,0,0,0,3575152448,0),(110,0,179,1,'Охотенко','Андрей','Аркадьевич','1996-06-20','M','other',1,'3200','696025','Житковичский РОВД Гомельской области','2012-10-03','252-944','info-ruz@yandex.ru',2,1,'2014-07-21 07:57:39','0000-00-00 00:00:00',1,'Республика Беларусь, Гомельская обл. г.Житковичи',8481,'6-65-77',375,'2923160',1,'А','1578510','ГУО \"Средняя школа №1 г.Житковичи\" Гомельской области','г.Житковичи','нет','2013-06-12',47,12,1,0,0,0,0,3575152448,0),(111,0,3,1,'Цатурян','Роман','Эдуардович','1997-01-30','M','Российская Федерация',1,'4510','970641','Отделом УФМС России по г. Москве по р-ну Перово','2011-02-17','770-056','boogieman186@gmail.com',1,1,'2014-06-27 06:31:00','0000-00-00 00:00:00',1,'г. Москва',0,'',916,'4953836',1,'','','ГБОУ Гимназия № 1504','г. Москва','','2014-06-20',50,1,1,0,0,0,0,3277563850,0),(113,8036,3,1,'Месропян','Анна','Михайловна','1986-02-21','F','Российская Федерация',1,'4508','442228','ОВД района Северное Тушино Города Москвы','2006-07-06','772-023','limka86@inbox.ru',1,1,'2014-07-30 12:40:54','0000-00-00 00:00:00',1,'г. Москва',495,'3987989',905,'5156879',1,'Б','0895920','общеобразовательная школа №896','г. Москва','','2003-06-21',47,7,1,0,0,0,0,3277563850,0),(114,0,3,1,'Абышов','Родион','Яшар Оглы','1989-11-18','M','Российская Федерация',1,'4510','692068','Россия Москва СЗАО Покровское-Стрешнево ОУФМС ','2010-03-18','770-094','AbyshovR@yandex.ru',1,1,'0000-00-00 00:00:00','0000-00-00 00:00:00',1,'г. Москва',0,'',929,'5708478',1,'0770','4000047207','ГБОУ Москвы №90 СЗАО','г. Москва','','2014-06-20',45,12,1,0,0,0,0,3277563850,0),(115,0,3,1,'Яковлев','Дмитрий','Сергеевич','1983-06-26','M','Российская Федерация',1,'4506','960618','2-м паспортным столом ОВД \"Можайский\" г. Москвы','2003-10-01','772-020','',1,1,'2014-08-08 08:29:13','0000-00-00 00:00:00',3,'г. Череповец Вологодской обл.',495,'4470928',903,'1021604',2,'Г','013219','ПУ № 143 г. Москвы','Москва','Автомеханик','2001-06-26',50,1,1,0,0,0,0,3277563850,0),(116,0,177,1,'Носова','Ольга','Станиславовна','1980-04-14','F','Российская Федерация',1,'4102','450569','Сосновоборским ГОВД Ленинградской области','2002-04-12','472-017','',1,0,'2014-08-08 10:31:21','0000-00-00 00:00:00',2,'гор. Сосновый Бор Ленинградской области',0,'',921,'8820083',3,'СБ','2374690','','','','2000-06-29',47,7,1,0,0,0,0,1503854609,0),(117,0,177,1,'Афанасьев','Александр','Сергеевич','1987-08-10','M','Российская Федерация',1,'4007','286137','ТП №30 Отдела УФМС России по Санкт-Петербургу и Л.О. в Колпинском районе гор.СПб','2007-09-28','780-030','',1,0,'2014-08-08 13:04:24','0000-00-00 00:00:00',3,'гор.Ленинград',0,'',952,'2271979',2,'Д','443057','','','','2005-06-30',47,7,1,0,0,0,0,1503854609,0),(118,0,3,1,'Синцовский','Константин','Анатольевич','1988-10-03','M','Российская Федерация',1,'4510','120533','Отделением по району Бутырский ОУФМС России по гор.Москве в СВАО','2009-04-20','770-079','',1,0,'2014-08-19 13:20:46','0000-00-00 00:00:00',1,'гор. Москва',0,'',985,'3681946',2,'107724','0460290','Российский государственный университет физической культуры, спорта, молодежи и туризма','Москва','Физическая культура и спорт','2014-06-18',53,14,1,0,0,1,0,3277563850,0),(119,0,183,1,'Шумилов','Пётр','Юрьевич','1978-07-12','M','Российская Федерация',1,'6704','168673','2 ГОМ УВД г. Нижневартовска   ХМАО Тюменской области','2003-09-30','863-005','petr1978@bk.ru',2,0,'2014-08-22 09:53:35','0000-00-00 00:00:00',1,'пос. Луговской Ханты-Мансийский район Тюменская область',3466,'446155',912,'5307491',1,'А','0985057','Кирзаводская средняя школа','п. Кирпичный Ханты-Мансийский район Тюменская область','','1995-06-17',53,14,1,0,0,0,0,774314167,0),(120,0,177,1,'Белимова','Екатерина','Геннадьевна','1985-04-28','F','Российская Федерация',1,'4012','594993','ТП №52 отдела УФМС России по Санкт-Петербургу и Ленинградской области ','2012-12-05','780-052','',1,1,'2014-08-27 09:35:21','0000-00-00 00:00:00',2,'гор. Камышин Волгоградской обл.',0,'',981,'7123414',3,'66 БА','0004154','','','','2008-06-06',50,1,1,0,0,0,0,1503854609,0),(121,0,179,1,'Козлова','Наталия','Викторовна','1979-08-19','F','Российская Федерация',1,'6600','235080','Десногорским ГОВД Смоленской обл.','2001-08-23','672-004','info-ruz@yandex.ru',2,1,'2014-08-29 10:49:24','0000-00-00 00:00:00',2,'',8481,'74605',89,'9101177',3,'67 СПА','0007290','Смоленское областное ГБОУ СПО \"Ельнинский сельскохозяйственный техникум\" г.Ельня ','г.Ельня','Бухгалтер','2013-06-04',50,1,1,0,0,0,0,3575152244,0),(122,0,177,1,'Шувалова','Евгения','Константиновна','1988-11-02','F','Российская Федерация',1,'4111','441440','Отделением УФМС России по Санкт-Петербургу и Ленинградской области в гор. Сосновый Бор','2012-08-08','470-055','',1,0,'0000-00-00 00:00:00','0000-00-00 00:00:00',1,'гор. Сосновый Бор Ленинградской обл.',0,'',0,'',4,'90 БА','0194670','ФГОУ СПО Санкт-Петербургский архитектурно-строительный колледж','гор. Санкт-Петербург','Архитектура','2008-06-28',50,1,1,0,0,0,0,1503854609,0),(123,0,3,1,'Горячева','Яна','Викторовна','1983-12-05','F','Российская Федерация',1,'4205','263496','ОВД Данковского р-на Липецкой обл.','2006-03-30','482-013','',1,0,'2014-09-05 09:13:27','0000-00-00 00:00:00',1,'г. Кагул Республики Молдова',0,'',968,'0825514',1,'А','7405120','МОУ СОШ № 5','г. Новый Уренгой','','2001-06-12',11,0,9,1,0,0,0,3277563850,0),(124,0,3,1,'Таджибаева','Елена','Рустамовна','1987-08-04','F','Российская Федерация',1,'7009','020918','отделением УФМС России по Тульской области в Суворовском районе','2008-07-17','710-036','89208813620@mail.ru',1,0,'2014-09-05 12:18:41','0000-00-00 00:00:00',1,'гор. Небит-даг Туркменской ССР',0,'',916,'0556850',1,'332','3232','','','','2014-09-01',53,14,2,0,0,0,0,3277563850,0),(125,0,177,1,'Ларионова','Маргарита','Яковлевна','1992-12-09','F','Российская Федерация',1,'4112','452993','ТП №106 отдела УФМС России по Санкт-Петербургу и ленинградской обл. в Гатчинском районе','2012-12-15','470-022','',1,0,'2014-09-09 09:43:51','0000-00-00 00:00:00',1,'дер. Каушта Гатчинского р-на Ленинградской обл. ',0,'',981,'8142457',3,'90 СПА','0392111','','','','2012-06-28',50,1,1,0,0,0,0,1503854609,0),(126,0,3,1,'Дьяков','Сергей','Сергеевич','1987-05-29','M','Российская Федерация',1,'4509','297011','Отделением по району Бирюлево Восточное ОУФМС России по гор. Москве в ЮАО','2007-09-04','770-029','refauto@rambler.ru',1,1,'2014-09-09 10:53:59','0000-00-00 00:00:00',1,'г. Москва',495,'3276328',964,'5780842',1,'Б','0988532','','','','2004-06-25',50,1,1,0,0,0,0,3277563850,0),(127,0,3,1,'Алексеева','Анастасия','Наильевна','1993-07-01','F','Российская Федерация',1,'6813','777973','Отделом УФМС России по Тамбовской области в Октябрьском р-не гор.Тамбова','2013-07-11','680-003','alekseyevaan@gmail.com',1,1,'2014-09-16 08:14:41','0000-00-00 00:00:00',1,'гор. Тамбов',0,'',926,'6963409',1,'68АБ','0000456','','г. Тамбов','','2010-06-23',45,12,4,0,0,0,0,3277563850,0),(128,0,177,1,'Кузьмин','Владимир','Анатольевич','1989-07-30','M','Российская Федерация',1,'4009','868703','ТП №14 отдела УФМС России по Санкт-Петербургу и Ленинградской обл. в Выборгском районе гор. Санкт-Пе','2009-11-06','780-014','',1,0,'2014-09-17 13:07:05','0000-00-00 00:00:00',1,'30.07.1989',0,'',0,'',1,'0780','4000002161','','','','2014-06-27',47,7,1,0,0,0,0,1503854609,0),(129,0,3,1,'Кремлева','Марина','Валерьевна','1981-03-30','F','Российская Федерация',1,'2211','902605','УФМС России по Нижегородской области','2012-05-05','520-064','kulikov_mmm@mail.ru',1,1,'2014-10-07 10:46:24','0000-00-00 00:00:00',3,'гор. Николаев',0,'',964,'7007004',2,'А','205665','Профессиональное училище 35 г.Выксы Нижегородской области','','','1999-06-30',47,7,1,0,0,0,0,3277563850,0),(130,0,3,1,'Баринов','Михаил','Иванович','1993-07-03','M','Российская Федерация',1,'4513','406458','Отделением УФМС России по гор. Москве по району Алексеевский','2014-01-08','770-075','',1,0,'2014-10-07 13:30:51','0000-00-00 00:00:00',1,'г. Москва',0,'',915,'0937403',1,'1','1','','','','2014-10-01',50,1,3,2,0,0,0,3277563850,0),(131,0,3,1,'Удалов','Егор','Александрович','1996-10-31','M','Российская Федерация',1,'4611','225883','ТП в гор. Щелково ОУФМС России по Московской обл. в Щелковском р-не','2010-12-09','500-179','',1,1,'2014-10-09 08:07:27','0000-00-00 00:00:00',1,'гор. Щелково Московской обл.',0,'',926,'3924575',1,'1','1','','','','2014-10-08',47,7,1,0,0,0,0,3277563850,0),(132,0,3,1,'Фефилов','Илья','Денисович','1991-07-02','M','Российская Федерация',1,'4511','342671','отделением УФМС России по г. Москве по р-ну Нагатино-Садовники','2011-08-03','770-037','',1,1,'2014-10-09 11:41:21','0000-00-00 00:00:00',1,'г. Москва',0,'',965,'2115318',1,'77 АА','0106245','ГОУ СОШ № 574 Южного окружного управления образования Департамента образования г. Москвы','г. Москва','','2008-06-23',47,7,1,0,0,0,0,3277563850,0),(133,0,3,1,'Никитина','Людмила','Сергеевна','1986-08-10','F','Российская Федерация',1,'4513','233272','Отдел УФМС России по г. Москве по р-ну Строгино','2013-08-05','770-096','n.lyusia@qmail.com',1,1,'0000-00-00 00:00:00','0000-00-00 00:00:00',4,'г. Москва',903,'1273367',0,'',5,'ВСГ','5519310','НЧОУ ВПО Московская академия образования Натальи Нестеровой','г. Москва','Социально-культурный сервис и туризм','2010-07-26',50,1,1,0,0,1,0,3277563850,0),(135,0,5,1,'Фефилов','Илья','Денисович','1991-07-02','M','Российская Федерация',1,'4511','342671','отделением УФМС России по г. Москве по р-ну Нагатино-Садовники','2011-08-03','770-037','',1,1,'2014-10-09 11:41:21','0000-00-00 00:00:00',1,'г. Москва',0,'',965,'2115318',1,'77 АА','0106245','ГОУ СОШ № 574 Южного окружного управления образования Департамента образования г. Москвы','г. Москва','','2008-06-23',47,7,1,0,0,0,0,3277563850,0),(136,0,3,1,'Никитин','Михаил','Андреевич','1983-11-03','M','Российская Федерация',1,'4507','384513','ОВД р-на Строгино г. Москвы','2004-05-12','772-090','bokser-at@mail.ru',1,1,'0000-00-00 00:00:00','0000-00-00 00:00:00',4,'г. Москва',0,'',926,'3206938',5,'ВСВ','1819023','Московский автомобильно-дорожный институт (государственный технический университет)','г. Москва','Автомобили и автомобильное хозяйство','2006-07-01',50,1,1,0,0,1,0,3277563850,0),(137,0,3,1,'Баканин','Алексей ','Викторович','1992-01-15','M','Российская Федерация',1,'4511','402777','Отдел УФМС России по г. Москве по р-ну Раменки','2012-03-15','770-070','avbakanin@gmail.com',1,1,'0000-00-00 00:00:00','0000-00-00 00:00:00',4,'г. Москва',0,'',916,'2124262',5,'137805','0227668','Образовательное учреждение ВО \"Санкт-Петербурсгкий институ внешенэкономичесаких связей, экономики и права','Санкт-Петербург','Менеджмент организации','2014-06-10',45,12,1,0,0,1,0,3277563850,0),(138,0,177,1,'Виноградова  ','Яна','Юрьевна ','1995-11-10','F','Российская Федерация',1,'4011','435123','ТП №18 Отдела УФМС России по Санкт-Петербургу и Ленинградской обл. в Калининском р-не гор.Санкт-Пете','2012-03-29','780-018','',1,0,'2014-10-24 07:34:18','0000-00-00 00:00:00',1,'гор.Санкт-Петербург',0,'',0,'',1,'78АБ','0049041','ГБОУ средняя общеобразовательная школа №89 Калининского района Санкт-Петербурга','гор. Санкт-Петербург','','2013-06-20',45,12,1,0,0,0,0,1503854609,0),(139,0,177,1,'Степанов','Павел','Владимирович','1987-10-03','M','Российская Федерация',1,'4008','561150','ТП №83 Отдела УФМС России по санкт-Петербургу и Ленинградской области в центральном районе гор.Санкт','2008-07-07','780-083','',1,0,'2014-10-28 11:38:09','0000-00-00 00:00:00',2,'',0,'',0,'',3,'107824','0132370','','','','2014-06-30',45,12,1,0,0,0,0,1503854609,0);
/*!40000 ALTER TABLE `partner_applicant` ENABLE KEYS */;
UNLOCK TABLES;

--
-- Table structure for table `partner_applicant_address`
--

DROP TABLE IF EXISTS `partner_applicant_address`;
/*!40101 SET @saved_cs_client     = @@character_set_client */;
/*!40101 SET character_set_client = utf8 */;
CREATE TABLE `partner_applicant_address` (
  `applicant_id` int(11) NOT NULL,
  `type` int(1) NOT NULL DEFAULT '1' COMMENT 'Тип адреса (регистрации\\проживания)',
  `index` varchar(7) NOT NULL,
  `country` int(2) unsigned DEFAULT '1',
  `region` int(2) unsigned zerofill NOT NULL,
  `city` varchar(70) NOT NULL,
  `street` varchar(70) NOT NULL,
  `home` varchar(5) NOT NULL,
  `building` varchar(3) NOT NULL,
  `flat` varchar(6) NOT NULL,
  UNIQUE KEY `applicant_id` (`applicant_id`,`type`),
  KEY `FK_partner_applicant_address_country` (`country`),
  CONSTRAINT `FK_partner_applicant_address_country` FOREIGN KEY (`country`) REFERENCES `country` (`id`)
) ENGINE=InnoDB DEFAULT CHARSET=utf8 COMMENT='Адреса абитуриента';
/*!40101 SET character_set_client = @saved_cs_client */;

--
-- Dumping data for table `partner_applicant_address`
--

LOCK TABLES `partner_applicant_address` WRITE;
/*!40000 ALTER TABLE `partner_applicant_address` DISABLE KEYS */;
INSERT INTO `partner_applicant_address` VALUES (47,1,'112211',1,50,'Ракетск','Новая','22','99','29'),(49,1,'123456',1,50,'Наро-фоминск','Володарского ','3','2','109'),(50,1,'453118',1,02,'г. Стерлитамак','Коммунистическая','21','','12'),(50,2,'453118',1,02,'г. Стерлитамак','Коммунистическая','21','','12'),(51,1,'453120',1,02,'г. Стерлитамак','Проспект Октября','','','0'),(51,2,'453120',1,02,'г. Стерлитамак','Проспект Октября','51','-','12'),(52,1,'111222',1,37,'г. Иваново','Ивановская','5','1','13'),(52,2,'111222',1,37,'г. Иваново','Ивановская','5','1','13'),(53,1,'216400',1,67,'Десногорск','3 мкр','8','','10'),(53,2,'216400',1,67,'Десногорск','3 мкр','8','','10'),(54,1,'216400',1,67,'Десногорск','3 мкр','8','','10'),(54,2,'216400',1,67,'Десногорск','3 мкр','8','','10'),(61,1,'000000',1,50,'г.Сергиев Посад','','4','','42'),(61,2,'000000',1,50,'г.Сергиев Посад','','4','','42'),(62,1,'',1,67,'','','','','0'),(62,2,'',1,67,'','','','','0'),(63,1,'',1,13,'с.Баево','1-е Мая','22','','0'),(63,2,'',1,77,'Москва','Ставропольская','58','2','32'),(65,1,'127273',1,77,'','Березовая аллея','7','В','25'),(65,2,'127273',1,77,'','Березовая аллея','7','В','25'),(66,1,'141300',1,50,'СЕРГИЕВ-ПОСАД-14','','4','','42'),(66,2,'141300',1,50,'СЕРГИЕВ-ПОСАД-14','','4','','42'),(67,1,'216400',1,67,'город Десногорск','3 мкр','20','-','175'),(67,2,'216400',1,67,'город Десногорск','3 мкр','20','-','175'),(68,1,'109235',1,77,'Москва',' з-я Курьяновская','4','','12'),(68,2,'109235',1,77,'Москва',' з-я Курьяновская','4','','12'),(69,1,'',1,07,'г. Нальчик','Тарханова','13','','0'),(69,2,'',1,07,'г. Нальчик','Тарханова','13','','0'),(70,1,'121351',1,77,'Москва','Ек. Будановой','8','2','64'),(70,2,'121351',1,77,'Москва','Ек. Будановой','8','2','64'),(71,1,'216400',1,67,'г.Десногорск','3-й МКР','16','','101'),(71,2,'216400',1,67,'г.Десногорск','3-й МКР','16','','101'),(72,1,'628462',1,86,'г.Радужный','2 микрорайон','10','','63'),(72,2,'628462',1,86,'г.Радужный','2 микрорайон','10','','63'),(73,1,'127015',1,77,'Москва','Бутырская','86А','','33'),(73,2,'127015',1,77,'Москва','Бутырская','86А','','33'),(74,1,'125310',1,77,'Москва','Пятницкое шоссе','47','','282'),(74,2,'125310',1,77,'Москва','Пятницкое шоссе','47','','282'),(75,1,'',1,77,'','Героев Панфиловцев','22','3','972'),(75,2,'',1,77,'','Героев Панфиловцев','22','3','972'),(76,1,'',1,01,'Майкоп','Михайлова','6а','','3'),(76,2,'',1,01,'Майкоп','Михайлова','6а','','3'),(77,1,'141143',1,50,'д. Долгое Лёдово','Академическая','4','','2'),(77,2,'141143',1,50,'д. Долгое Лёдово','Академическая','4','','2'),(78,1,'',1,55,'г. Омск','Вострецова','7/3','','66'),(78,2,'111401',1,77,'г. Москва','1-я Владимирская','33','1','29'),(79,1,'216400',1,67,'город Десногорск','2мкр','1','','51'),(79,2,'216400',1,67,'город Десногорск','2мкр','1','','51'),(80,1,'216400',1,67,'город Десногорск','2 мкр','1','','51'),(80,2,'216400',1,67,'город Десногорск','2 мкр','1','','51'),(81,1,'115573',1,77,'Москва','Шипиловская','43','','38'),(81,2,'115573',1,77,'Москва','Шипиловская','43','','38'),(82,1,'216400',1,67,'г.Десногорск','','16','','101'),(82,2,'216400',1,67,'г.Десногорск','3-й МКР','16','','101'),(83,1,'',1,51,'гор. Заозерск','ул. Колышкина','10','-','30'),(83,2,'',1,51,'гор. Заозерск','ул. Колышкина','10','-','30'),(84,1,'',1,30,'г.Ахтубинск','Пролетарская','130','-','0'),(84,2,'',1,30,'г.Ахтубинск','Пролетарская','130','-','0'),(85,1,'',1,77,'Москва','Феодосийская','2','','15'),(85,2,'',1,77,'Москва','Феодосийская','2','','15'),(86,1,'143825',1,50,'дер. Ушаково Лотошинского р-на','','21','','25'),(86,2,'143825',1,50,'дер. Ушаково Лотошинского р-на','','21','','25'),(87,1,'614042',1,59,'Пермь','Ардатовская ','38','','78'),(87,2,'119285',1,77,'г. Москва','Мосфильмовская','4','а','67'),(88,1,'216500',1,67,'г. Рославль','Советская','157','','0'),(88,2,'216500',1,67,'г. Рославль','Советская','157','','0'),(89,1,'216500',1,67,'Житковичи','Техническая','12а','','0'),(89,2,'216500',1,67,'Житковичи','Техническая','12а','','0'),(90,1,'216500',1,67,'г.Рославль','Советская','157','','0'),(90,2,'216500',1,67,'г. Рославль','Советская','157','','0'),(91,1,'216500',1,67,'г.Рославль','Советская ','157','','0'),(91,2,'216500',1,67,'г.Рославль','Советская ','157','','0'),(92,1,'216',1,67,'','','','','0'),(92,2,'216400',1,67,'Десногорск','1-й мкр','5','145','0'),(93,1,'216400',1,67,'город Десногорск','1 мкр','5','145','0'),(93,2,'216400',1,67,'город Десногорск','1 мкр','5','145','0'),(94,1,'216400',1,67,'Десногорск','1 мкр','5','','145'),(94,2,'216400',1,67,'Десногорск','1 мкр','5','','145'),(95,1,'121614',1,77,'Москва','Крылатские холмы','30','4','695'),(95,2,'121614',1,77,'Москва','Крылатские холмы','30','4','695'),(96,1,'628464',1,86,'РАДУЖНЫЙ','6','5','','52'),(96,2,'628464',1,86,'РАДУЖНЫЙ','6','5','','52'),(97,1,'216400',1,67,'Десногорск','1 мкр','5','','145'),(97,2,'216400',1,67,'Десногорск','1 мкр','5','','145'),(102,1,'113231',1,50,'32','32322','232','22','22'),(102,2,'112311',1,50,'под','','2','','0'),(103,1,'216530',1,67,'г. Десногорск','1 мкр','5','','145'),(103,2,'216530',1,67,'г. Десногорск','1 мкр','5','','145'),(104,1,'216540',1,67,'Смоленская обл., Рославльский район, д. Петрово','','5','','0'),(104,2,'216540',1,67,'Смоленская обл., Рославльский район, д. Петрово','','5','','0'),(105,1,'216540',1,67,'Смоленская обл., Рославльский район, д. Петрово','','5','','0'),(105,2,'216540',1,67,'Смоленская обл., Рославльский район, д. Петрово','','5','','0'),(106,1,'216500',1,67,'г.Рославль','Пролетарская','157','','0'),(106,2,'216500',1,67,'г.Рославль','Пролетарская ','157','','0'),(107,1,'216500',1,67,'г.Рославль','Пролетарская','157','','0'),(107,2,'216500',1,67,'г.Рославль','Пролетарская ','157','','0'),(108,1,'216500',1,67,'г.Рославль','Пролетарская','157','','0'),(108,2,'216500',1,67,'г.Рославль','Пролетарская ','157','','0'),(109,1,'216500',1,67,'г.Рославль','Пролетарская','157','','0'),(109,2,'216500',1,67,'г.Рославль','Пролетарская ','157','','0'),(110,1,'216500',1,67,'г.Рославль','Пролетарская','157','','0'),(110,2,'216500',1,67,'г.Рославль','Пролетарская ','157','','0'),(111,1,'111397',1,77,'г. Москва','Новогиреевская','34','','29'),(111,2,'111397',1,77,'г. Москва','Новогиреевская','34','','29'),(113,1,'',1,77,'г. Москва','Героев Панфиловцев','22','3','972'),(113,2,'115597',1,77,'','Воронежская','34','2','99'),(114,1,'125362',1,77,'г. Москва','Свободы','17','','63'),(114,2,'125362',1,77,'г. Москва','Свободы','17','','63'),(115,1,'',1,77,'','Беловежская','41','','57'),(115,2,'',1,77,'','Беловежская','41','','57'),(116,1,'',1,47,'гор. Сосновый Бор ','Высотная','9','','7'),(116,2,'',1,47,'гор. Сосновый Бор ','Высотная','9','','7'),(117,1,'',1,78,'г. Санкт-Петербург Колпинский район, пос.Понтонный','Южная','23','','55'),(117,2,'',1,78,'г. Санкт-Петербург Колпинский район, пос.Понтонный','Южная','23','','55'),(118,1,'127015',1,77,'г. Москва','Бутырская','86','','18'),(119,1,'628600',1,86,'Нижневартовск','Дзержинского','19','в','33'),(119,2,'628600',1,86,'Нижневартовск','Дзержинского','19','в','33'),(120,1,'198332',1,78,'Санкт-Петербург','Ивановская','19','','17'),(120,2,'198332',1,78,'Санкт-Петербург','Ивановская','19','','17'),(121,1,'',1,67,'Десногорск','мкр','5','','145'),(121,2,'',1,67,'','','','','0'),(122,1,'',1,47,'гор. Сосновый Бор','пр. Героев','22','','67'),(122,2,'',1,47,'гор. Сосновый Бор','пр. Героев','22','','67'),(123,1,'',1,77,'','Мастеровая','17/1','2','9'),(123,2,'',1,89,'г. Новый Уренгой','Южная','8','','3'),(124,1,'143900',1,50,'Балашиха, мкр 1-го Мая','','17','','0'),(124,2,'301420',1,71,'Ханинское лесничество','','1','','0'),(125,1,'',1,47,'дер. Каушта Гатчинского р-на Ленинградской обл. ','','27','','0'),(125,2,'195276',1,78,'гор. Санкт-Петербург','пр. Просвещения','72','1','69'),(126,1,'115404',1,77,'г. Москва','Бирюлевская','14','1','164'),(126,2,'115404',1,77,'г. Москва','Бирюлевская','14','1','164'),(127,1,'392032',1,68,'г. Тамбов','Мичуринская','114','','2'),(127,2,'105022',1,77,'г. Москва','Сиреневый бульвар ','3','5','94'),(128,1,'',1,78,'','','','','0'),(128,2,'',1,78,'Санкт-Петербург','Хошимина','11','1','49'),(129,1,'607060',1,52,'гор. Выкса','Центральный мкр.','9','','73'),(129,2,'607060',1,52,'гор. Выкса','Центральный мкр.','9','','73'),(130,1,'128129',1,77,'г. Москва','Ярославская','21','3','2'),(130,2,'128129',1,77,'г. Москва','Ярославская','21','3','2'),(131,1,'',1,50,'г. Щелково','Некрасова','14','','0'),(131,2,'',1,77,'','','','','0'),(132,1,'117452',1,77,'','Ялтинская','10','1','244'),(132,2,'115533',1,77,'','Нагатинская наб.','60','1','61'),(133,1,'123592',1,77,'','Строгинский бульвар','4','1','143а'),(133,2,'123592',1,77,'','Неманский пр-д','7','1','152'),(136,1,'123592',1,77,'','Неманский пр-д','7','1','152'),(136,2,'123592',1,77,'','Неманский пр-д','7','1','152'),(137,1,'119607',1,77,'','Раменки','11','3','744'),(137,2,'119607',1,77,'','Раменки','11','3','744'),(138,1,'',1,78,'гор. Санкт-Петербург','пр. Луначарского','106','','224'),(138,2,'',1,78,'гор. Санкт-Петербург','пр. Луначарского','106','','224'),(139,1,'',1,78,'','','','',''),(139,2,'',1,78,'г. Санкт-Петербург','ул. Афонская',' 24','1','67');
/*!40000 ALTER TABLE `partner_applicant_address` ENABLE KEYS */;
UNLOCK TABLES;

--
-- Table structure for table `partner_applicant_scores`
--

DROP TABLE IF EXISTS `partner_applicant_scores`;
/*!40101 SET @saved_cs_client     = @@character_set_client */;
/*!40101 SET character_set_client = utf8 */;
CREATE TABLE `partner_applicant_scores` (
  `applicant_id` int(6) unsigned NOT NULL,
  `subject` int(2) unsigned NOT NULL,
  `exam_number` int(2) unsigned DEFAULT NULL,
  `score` int(3) unsigned NOT NULL,
  `document` varchar(15) NOT NULL,
  `ege` tinyint(1) NOT NULL DEFAULT '0',
  `year` int(2) unsigned NOT NULL,
  KEY `subject` (`subject`),
  KEY `applicant_id` (`applicant_id`)
) ENGINE=MyISAM DEFAULT CHARSET=utf8 COMMENT='Баллы за экзамены';
/*!40101 SET character_set_client = @saved_cs_client */;

--
-- Dumping data for table `partner_applicant_scores`
--

LOCK TABLES `partner_applicant_scores` WRITE;
/*!40000 ALTER TABLE `partner_applicant_scores` DISABLE KEYS */;
INSERT INTO `partner_applicant_scores` VALUES (43,8,NULL,64,'53-000002902-11',1,0),(43,1,NULL,50,'53-000002902-11',1,0),(43,2,NULL,60,'53-000002902-11',1,0),(42,8,NULL,64,'53-000002902-11',1,0),(42,1,NULL,50,'53-000002902-11',1,0),(42,2,NULL,60,'53-000002902-11',1,0),(30,7,NULL,39,'35-000000263-09',1,0),(30,1,NULL,27,'35-000000263-09',1,0),(30,2,NULL,48,'35-000000263-09',1,0),(87,7,NULL,43,'77-000009540-13',1,0),(87,1,NULL,50,'77-000009540-13',1,0),(87,2,NULL,24,'77-000009540-13',1,0),(69,2,NULL,28,'07-000003328-12',1,0),(69,1,NULL,49,'07-000003328-12',1,0),(69,4,NULL,58,'07-000003328-12',1,0),(114,8,NULL,62,'',1,14),(114,2,NULL,64,'',1,14),(114,1,NULL,58,'',1,14),(111,2,NULL,56,'',1,14),(111,1,NULL,82,'',1,14),(111,7,NULL,66,'',1,14),(138,2,NULL,56,'',1,13),(138,1,NULL,70,'',1,13),(138,8,NULL,58,'',1,13);
/*!40000 ALTER TABLE `partner_applicant_scores` ENABLE KEYS */;
UNLOCK TABLES;

--
-- Table structure for table `partner_contract`
--

DROP TABLE IF EXISTS `partner_contract`;
/*!40101 SET @saved_cs_client     = @@character_set_client */;
/*!40101 SET character_set_client = utf8 */;
CREATE TABLE `partner_contract` (
  `id` int(3) unsigned DEFAULT NULL,
  `agent` int(1) unsigned DEFAULT NULL COMMENT '1 - ЦКТ, 2 - ИИТ',
  `num` varchar(11) DEFAULT NULL,
  `date` date DEFAULT NULL,
  KEY `FK_partner_contract_partner_regions` (`id`),
  CONSTRAINT `FK_partner_contract_partner_regions` FOREIGN KEY (`id`) REFERENCES `partner_regions` (`id`)
) ENGINE=InnoDB DEFAULT CHARSET=utf8;
/*!40101 SET character_set_client = @saved_cs_client */;

--
-- Dumping data for table `partner_contract`
--

LOCK TABLES `partner_contract` WRITE;
/*!40000 ALTER TABLE `partner_contract` DISABLE KEYS */;
INSERT INTO `partner_contract` VALUES (38,1,'004-РП/2008','2008-12-01'),(42,1,'008-РП/2008','2008-12-01'),(43,1,'017-РП/2010','2008-12-01'),(87,1,'014-РП/2008','2008-12-01'),(91,1,'055-РП/2013','2013-07-02'),(96,1,'012-РП/2008','2008-12-01'),(101,1,'011-РП/2008','2008-12-01'),(110,1,'018-РП/2008','2008-12-01'),(115,1,'013-РП/2008','2008-12-01'),(124,1,'005-РП/2008','2008-12-01'),(168,1,'003-РП/2008','2008-12-01'),(171,1,'019-РП/2008','2008-12-01'),(175,1,'022-РП/2008','2008-12-01'),(177,1,'023-РП/2008','2008-12-01'),(178,1,'016-РП/2008','2008-12-01'),(179,1,'025-РП/2008','2008-12-01'),(180,1,'031-РП/2008','2008-12-01'),(181,1,'027-РП/2008','2008-12-01'),(183,1,'001-РП/2008','2008-12-19'),(184,1,'015-РП/2008','2008-12-01'),(185,1,'002-РП/2008','2008-12-19'),(187,1,'030-РП/2008','2008-12-01'),(190,1,'033-РП/2009','2009-10-16'),(191,1,'035-РП/2010','2010-04-19'),(193,1,'041-РП/2011','2011-12-28'),(194,1,'036-РП/2010','2010-09-15'),(201,1,'034-РП/2009','2009-10-27'),(205,1,'053-РП/2013','2013-04-09'),(177,2,'048-РП/2011','2011-03-14'),(202,2,'043-РП/2010','2010-10-22'),(202,1,'048-РП/2012','2012-09-11'),(180,2,'028-РП/2008','2008-02-04'),(169,2,'004-РП/2006','2006-06-21'),(169,1,'007-РП/2008','2008-12-01'),(185,2,'036-РП/2008','2008-12-19'),(184,2,'015-РП/2006','2006-08-22'),(96,2,'010-РП/2008','2008-08-20'),(205,2,'069-РП/2013','2013-04-09'),(181,2,'031-РП/2008','2008-04-02'),(178,2,'016-РП/2006','2006-08-24'),(195,2,'055-РП/2011','2011-05-26'),(195,1,'056-РП/2013','2013-10-01'),(42,2,'006-РП/2006','2006-08-03'),(196,2,'057-РП/2011','2011-09-22'),(196,1,'039-РП/2011','2011-09-22'),(193,2,'059-РП/2011','2011-12-28'),(101,2,'009-РП/2006','2006-08-03'),(190,2,'039-РП/2009','2009-10-16'),(183,2,'034-РП/2008','2008-10-28'),(110,2,'018-РП/2006','2006-09-20'),(191,2,'042-РП/2010','2010-04-19'),(201,2,'065-РП/2012','0000-00-00'),(38,2,'007-РП/2006','2006-08-03'),(179,2,'029-РП/2008','2008-02-05'),(171,2,'023-РП/2007','2007-03-19'),(124,2,'002-РП/2006','2006-08-15'),(175,2,'026-РП/2007','2007-08-08'),(91,2,'071-РП/2013','2013-07-02'),(168,2,'013-РП/2006','2006-08-16'),(187,2,'035-РП/2008','2008-12-11'),(199,2,'049-РП/2011','2011-03-23'),(199,1,'051-РП/2011','2012-08-20'),(115,2,'012-РП/2006','2006-08-16'),(43,2,'017-РП/2006','2006-08-30'),(194,2,'040-РП/2010','2010-07-19');
/*!40000 ALTER TABLE `partner_contract` ENABLE KEYS */;
UNLOCK TABLES;

--
-- Table structure for table `partner_exam`
--

DROP TABLE IF EXISTS `partner_exam`;
/*!40101 SET @saved_cs_client     = @@character_set_client */;
/*!40101 SET character_set_client = utf8 */;
CREATE TABLE `partner_exam` (
  `applicant_id` int(6) unsigned NOT NULL,
  `subject` int(2) unsigned NOT NULL,
  `ticket` int(2) unsigned NOT NULL
) ENGINE=InnoDB DEFAULT CHARSET=utf8 COMMENT='Листы тестирования';
/*!40101 SET character_set_client = @saved_cs_client */;

--
-- Dumping data for table `partner_exam`
--

LOCK TABLES `partner_exam` WRITE;
/*!40000 ALTER TABLE `partner_exam` DISABLE KEYS */;
INSERT INTO `partner_exam` VALUES (61,2,4),(61,1,3),(61,4,2),(63,2,5),(63,1,4),(63,7,4),(65,2,2),(65,1,2),(65,7,5),(66,2,2),(66,1,2),(66,4,4),(67,2,2),(67,1,4),(67,7,4),(70,2,2),(70,1,5),(70,7,4),(71,2,1),(71,1,4),(71,7,1),(74,2,2),(74,1,1),(74,4,3),(73,2,5),(73,1,5),(73,4,3),(75,2,4),(75,1,4),(75,7,3),(78,2,4),(78,1,1),(78,7,2),(79,2,4),(79,1,3),(79,4,4),(80,2,5),(80,1,3),(80,7,4),(81,2,2),(81,1,5),(81,4,1),(82,2,1),(82,1,3),(82,7,3),(83,2,2),(83,1,5),(83,7,4),(85,2,2),(85,1,2),(85,7,5),(86,2,5),(86,1,4),(86,7,5),(88,2,1),(88,1,5),(88,4,5),(89,2,5),(89,1,3),(89,7,4),(90,2,2),(90,1,2),(90,4,5),(94,2,2),(94,1,4),(94,7,3),(47,2,5),(47,1,4),(47,4,1),(102,1,1),(102,2,4),(102,4,3),(110,2,4),(110,1,4),(110,7,2),(113,2,2),(113,1,1),(113,7,5),(116,2,2),(116,1,1),(116,7,2),(117,2,3),(117,1,1),(117,7,2),(115,2,3),(115,1,1),(115,7,3),(120,2,5),(120,1,2),(120,7,2),(122,1,5),(122,7,4),(122,9,4),(125,2,3),(125,1,5),(125,7,2),(126,2,5),(126,1,4),(126,7,3),(128,2,2),(128,1,5),(128,7,4),(129,2,1),(129,1,2),(129,7,5),(132,2,1),(132,1,5),(132,7,2),(136,2,1),(136,1,4),(136,7,5),(133,2,5),(133,1,3),(133,7,5),(122,2,4),(137,2,1),(137,1,5),(137,4,1),(140,2,4),(140,1,3),(140,4,2);
/*!40000 ALTER TABLE `partner_exam` ENABLE KEYS */;
UNLOCK TABLES;

--
-- Table structure for table `partner_organizational_documents`
--

DROP TABLE IF EXISTS `partner_organizational_documents`;
/*!40101 SET @saved_cs_client     = @@character_set_client */;
/*!40101 SET character_set_client = utf8 */;
CREATE TABLE `partner_organizational_documents` (
  `id` int(2) NOT NULL AUTO_INCREMENT,
  `name` varchar(30) NOT NULL COMMENT 'наименование',
  `name_rp` varchar(30) NOT NULL COMMENT 'родительный падеж',
  `name_tp` varchar(30) NOT NULL COMMENT 'Творительный падеж',
  PRIMARY KEY (`id`)
) ENGINE=InnoDB AUTO_INCREMENT=6 DEFAULT CHARSET=utf8 COMMENT='Организационные документы';
/*!40101 SET character_set_client = @saved_cs_client */;

--
-- Dumping data for table `partner_organizational_documents`
--

LOCK TABLES `partner_organizational_documents` WRITE;
/*!40000 ALTER TABLE `partner_organizational_documents` DISABLE KEYS */;
INSERT INTO `partner_organizational_documents` VALUES (1,'устав','устава','уставом'),(2,'положение','положения','положением'),(3,'инструкция','инструкции','инструкцией'),(4,'правила','правил','правилами'),(5,'свидетельство о государственно','свидетельства о государственно','свидетельством о государственн');
/*!40000 ALTER TABLE `partner_organizational_documents` ENABLE KEYS */;
UNLOCK TABLES;

--
-- Table structure for table `partner_position`
--

DROP TABLE IF EXISTS `partner_position`;
/*!40101 SET @saved_cs_client     = @@character_set_client */;
/*!40101 SET character_set_client = utf8 */;
CREATE TABLE `partner_position` (
  `id` int(2) NOT NULL AUTO_INCREMENT,
  `name` varchar(80) NOT NULL COMMENT 'Наименование должности',
  `name_rp` varchar(80) NOT NULL,
  PRIMARY KEY (`id`)
) ENGINE=InnoDB AUTO_INCREMENT=7 DEFAULT CHARSET=utf8 COMMENT='Должности';
/*!40101 SET character_set_client = @saved_cs_client */;

--
-- Dumping data for table `partner_position`
--

LOCK TABLES `partner_position` WRITE;
/*!40000 ALTER TABLE `partner_position` DISABLE KEYS */;
INSERT INTO `partner_position` VALUES (0,'',''),(1,'генеральный директор','генерального директора'),(2,'директор','директора'),(3,'ректор','ректора'),(4,'председатель правления','председателя правления'),(5,'председатель','председателя'),(6,'руководитель','руководителя');
/*!40000 ALTER TABLE `partner_position` ENABLE KEYS */;
UNLOCK TABLES;

--
-- Table structure for table `partner_regions`
--

DROP TABLE IF EXISTS `partner_regions`;
/*!40101 SET @saved_cs_client     = @@character_set_client */;
/*!40101 SET character_set_client = utf8 */;
CREATE TABLE `partner_regions` (
  `id` int(3) unsigned NOT NULL AUTO_INCREMENT COMMENT 'id региона',
  `jid` int(4) unsigned DEFAULT NULL COMMENT 'Идентификатор пользователя в Joomla',
  `name` varchar(70) NOT NULL COMMENT 'Имя региона',
  `pgid` int(2) unsigned NOT NULL COMMENT 'Идентификатор ценовой группы',
  `firm` text NOT NULL COMMENT 'Наименование организации',
  `longfirm` text NOT NULL COMMENT 'Полное наименование фирмы',
  `orgdoc` int(2) NOT NULL DEFAULT '1' COMMENT 'Организационные документы',
  `gposition` int(2) NOT NULL COMMENT 'Наименование должности начальника',
  `legaladdress` text NOT NULL,
  `physicaladdress` text NOT NULL,
  `e-mail` varchar(50) NOT NULL,
  `rf` int(2) unsigned zerofill NOT NULL COMMENT 'Субъект РФ',
  `city` varchar(35) NOT NULL,
  `rsurname` varchar(30) NOT NULL COMMENT 'Фамилия',
  `rname` varchar(30) NOT NULL COMMENT 'Имя',
  `rsecond_name` varchar(30) NOT NULL COMMENT 'Отчество',
  `name_rp` varchar(80) NOT NULL COMMENT 'ФИО руководителя в родительном падеже',
  `bik` decimal(9,0) unsigned zerofill NOT NULL COMMENT 'БИК',
  `ks` decimal(20,0) NOT NULL COMMENT 'Корсчет',
  `rs` decimal(20,0) NOT NULL COMMENT 'Рассчетный счет',
  `bank` text NOT NULL COMMENT 'Наименование банка',
  `inn` decimal(12,0) unsigned NOT NULL,
  `kpp` decimal(9,0) unsigned zerofill NOT NULL,
  `ckt_num` varchar(11) NOT NULL,
  `ckt_date` date NOT NULL,
  `base_password` varchar(7) NOT NULL,
  `old` tinyint(1) NOT NULL DEFAULT '0' COMMENT 'Регион устарел (новых не набираем)',
  `approved` tinyint(1) NOT NULL DEFAULT '0' COMMENT 'Реквезиты верны',
  PRIMARY KEY (`id`),
  KEY `orgdoc` (`orgdoc`),
  KEY `gposition` (`gposition`),
  KEY `partner_regions_ibfk_2` (`pgid`),
  CONSTRAINT `partner_regions_ibfk_1` FOREIGN KEY (`orgdoc`) REFERENCES `partner_organizational_documents` (`id`) ON DELETE CASCADE ON UPDATE CASCADE,
  CONSTRAINT `partner_regions_ibfk_2` FOREIGN KEY (`pgid`) REFERENCES `price_groups` (`id`) ON DELETE CASCADE ON UPDATE CASCADE,
  CONSTRAINT `partner_regions_ibfk_3` FOREIGN KEY (`gposition`) REFERENCES `partner_position` (`id`) ON DELETE CASCADE ON UPDATE CASCADE
) ENGINE=InnoDB AUTO_INCREMENT=206 DEFAULT CHARSET=utf8 COMMENT='Региональные партнеры';
/*!40101 SET character_set_client = @saved_cs_client */;

--
-- Dumping data for table `partner_regions`
--

LOCK TABLES `partner_regions` WRITE;
/*!40000 ALTER TABLE `partner_regions` DISABLE KEYS */;
INSERT INTO `partner_regions` VALUES (1,NULL,'ЦКТ - Россия и интернет',1,'ООО «Центр компьютерных технологий»','Общество с ограниченной ответственностью «Центр компьютерных технологий»',1,1,'117152, г. Москва, Загородное ш., д. 7, корп. 5, стр. 1','117152, г. Москва, Загородное ш., д. 7, корп. 5, стр. 1','iit@ins-iit.ru',77,'Москва','Зубков','Виктор','Георгиевич','Зубкова Виктора Георгиевича',044525225,30101810400000000225,40702810038250037423,'Московский банк Сбербанка России ОАО, г.Москва',7726607430,772601001,'','0000-00-00','',0,1),(2,NULL,'ИИТ - Россия и интернет',1,'ООО «Институт информационных технологий»','Общество с ограниченной ответственностью «Институт информационных технологий»',1,1,'117152, г. Москва, Загородное ш., д. 7, корп. 5, стр. 1','117152, г. Москва, Загородное ш., д. 7, корп. 5, стр. 1','iit@ins-iit.ru',77,'Москва','Зубков','Виктор','Георгиевич','Зубкова Виктора Георгиевича',044525225,30101810400000000225,40702810238250041264,'Московский банк Сбербанка России ОАО, г.Москва',7725572270,772601001,'','0000-00-00','',0,1),(3,NULL,'ЦКТ - Москва',2,'ООО «Центр компьютерных технологий»','Общество с ограниченной ответственностью «Центр компьютерных технологий»',1,1,'117152, г. Москва, Загородное ш., д. 7, корп. 5, стр. 1','117152, г. Москва, Загородное ш., д. 7, корп. 5, стр. 1','iit@ins-iit.ru',77,'Москва','Зубков','Виктор','Георгиевич','Зубкова Виктора Георгиевича',044525225,30101810400000000225,40702810038250037423,'Московский банк Сбербанка России ОАО, г.Москва',7726607430,772601001,'','0000-00-00','',0,1),(4,NULL,'ИИТ - Москва',2,'ООО «Институт информационных технологий»','Общество с ограниченной ответственностью «Институт информационных технологий»',1,1,'117152, г. Москва, Загородное ш., д. 7, корп. 5, стр. 1','117152, г. Москва, Загородное ш., д. 7, корп. 5, стр. 1','iit@ins-iit.ru',77,'Москва','Зубков','Виктор','Георгиевич','Зубкова Виктора Георгиевича',044525225,30101810400000000225,40702810238250041264,'Московский банк Сбербанка России ОАО, г.Москва',7725572270,772601001,'','0000-00-00','',0,1),(5,NULL,'ЦКТ - Нерезидент',3,'ООО «Центр компьютерных технологий»','Общество с ограниченной ответственностью «Центр компьютерных технологий»',1,1,'117152, г. Москва, Загородное ш., д. 7, корп. 5, стр. 1','117152, г. Москва, Загородное ш., д. 7, корп. 5, стр. 1','iit@ins-iit.ru',77,'Москва','Зубков','Виктор','Георгиевич','Зубкова Виктора Георгиевича',044525225,30101810400000000225,40702810038250037423,'Московский банк Сбербанка России ОАО, г.Москва',7726607430,772601001,'','0000-00-00','',0,1),(38,75,'Пятигорск',4,'ООО «Ступень»','Общество с ограниченной ответственностью «Ступень»',1,2,'','','',00,'','','','','',000000000,0,0,'',0,000000000,'004-РП/2008','2008-12-01','uiyiyu',0,0),(42,76,'Клин',5,'ООО «Маркосс-Плюс»','Общество с ограниченной ответственностью «Маркосс-Плюс»',1,2,'141600, Московская обл., г. Клин, Волоколамское ш., д. 44, стр. 28','141600, Московская обл., г. Клин, Волоколамское ш., д. 44, стр. 28','infoklin@mail.ru',50,'Клин','Смирнова','Евгения','Борисовна','Смирновой Евгении Борисовны',044525225,30101810400000000225,40702810040190100518,'Сбербанк России ОАО г. Москва Клинское ОСБ 2563',5020008198,502001001,'008-РП/2008','2008-12-01','',0,1),(43,68,'Уфа  \"Знание\"',4,'Общественная организация «Общество «Знание» Республики Башкортостан»','Общественная организация «Общество «Знание» Республики Башкортостан»',1,4,'450000, г. Уфа, ул.Коммунистическая, 53','450059, г.Уфа, ул.Р.Зорге, 19/2','znanie_rb@mail.ru',02,'Уфа','Матисов','Анатолий','Кузьмич','Матисова Анатолия Кузьмича',048073739,30101810900000000739,40703810107390000093,'ОАО «Социнвестбанк» г.Уфа',275019013,027501001,'017-РП/2008','2008-12-01','ysbvdg',0,1),(87,92,'Астрахань-2',7,'ООО «Центр научных исследований»','Общество с ограниченной ответственностью «Центр научных исследований»',1,2,'414018, г. Астрахань, Александрова, д. 9, ком. 70','г. Астрахань, ул. Чернышевского, д.14, офис 21','',30,'Астрахань','Ломакин','Александр','Иванович','Ломакина Александра Ивановича',041806868,30101810400000000868,40702810815030091221,'Астраханском ФКБ «Юниаструм Банк» операционный офис «Астрахань»',3017060620,301701001,'014-РП/2008','2008-12-01','ytgdds',0,1),(91,74,'Ставрополь',4,'Международная академия аграрного образования','Международная академия аграрного образования',1,0,'','','',00,'','','','','',000000000,0,0,'',0,000000000,'010-РП/2008','2008-12-01','vbfgbd',0,0),(96,72,'Боровичи',4,'НОООП «Единение»','Новгородское областное объединение организаций профсоюзов «Единение»',1,5,'174400, Новгородская обл., г. Боровичи, ул. Коммунарная, д. 30','174400, Новгородская обл., г. Боровичи, ул. Коммунарная, д. 30','kurbanov@novgorod.net',53,'Боровичи','Курбанова ','Екатерина','Фёдоровна','Курбановой Екатерины Фёдоровны',044959746,30101810900000000746,40703810101100000135,'ОАО УКБ «Новобанк» г. Великий Новгород',5320014837,532001001,'012-РП/2008','2008-12-01','ghjdht',0,0),(101,NULL,'Нальчик',9,'НОЦ «ИНФО»','Научно-образовательный центр \"ИНФО\"',1,0,'360004, КБР, г.Нальчик, ул.Ахохова,190\r\n','360004, КБР, г.Нальчик, ул.Ахохова,190\r\n','',07,'Нальчик','Петросян','Леон','Николаевич','Петросяна Леона Николаевича',048327703,30101810900000000703,40703810700430000021,'Филиал ОАО «МИнБ» в г.Нальчике',714006079,072601001,'011-РП/2008','2008-12-01','gndtsg',1,1),(110,67,'Октябрьский',4,'','',1,0,'','','',00,'','','','','',000000000,0,0,'',0,000000000,'018-РП/2008','2008-12-01','cghbdg',0,0),(115,71,'Тула',4,'ООО «Полар-ИНФО»','Общество с ограниченной ответственностью «Полар-ИНФО»',1,1,'300901,Тула,Горельский 3-й проезд, д.3-а','300004, Тула, ул.Р.Зорге, д.29','polar-info@rambler.ru',71,'Тула','Лазарева','Ирина','Валентиновна','Лазаревой Ирины Валентиновны',047003750,30101810300000000750,40702810106700140236,'Тульский филиал Банка «Возрождение» (ОАО)',7103039595,710301001,'013-РП/2008','2008-12-01','kyijfj',0,1),(124,79,'Санкт-Петербург \"Вероника\"',4,'МООИ \"Вероника\"','Местная общественная организация инвалидов \"Вероника\"',1,0,'190031, Санкт-Петербург, пр. Московский, д.7, лит.Б, пом.24-Н','190031, Санкт-Петербург, пр. Московский, д.7, пом.24-Н\r\n','veronika_@mail.ru',78,'Санкт-Петербург','Шмидт','Владимир','Залманович','Шмидта Владимира Залмановича',044030841,30101810600000000841,40703810900000000214,'ЗАО КБ «Тетраполис» г. Санкт-Петербург',7812040144,078601001,'005-РП/2008','2008-12-01','ghfhdg',0,0),(168,70,'Старая Русса',4,'АНО \"ЗНАНИЕ ИНФО\"','Автономная некоммерческая организация \"ЗНАНИЕ ИНФО\"',1,2,'175201, г. Старая Русса, кв-л Городок, ДК им. Т.Фрунзе','175201, г. Старая Русса, кв-л Городок, ДК им. Т.Фрунзе','jig@novgorod.net',53,'Старая Русса','Жигулев','Геннадий','Петрович','Жигулева Геннадия Петровича',044959746,30101810900000000746,40703810401000050037,'ОАО УКБ \"Новобанк\"',5322007440,532201001,'003-РП/2008','2008-12-01','bdfsgg',0,1),(169,77,'Вологда',4,'ООО «Академия-ИНФО»','Общество с ограниченной ответственностью «Академия-ИНФО»',1,2,'160009, г. Вологда, Огородный пер., 3А, 7','160000, г. Вологда, ул. Козленская, 30, офис 2','07academia@visp.ru',35,'Вологда','Перепеченко','Владимир','Петрович','Перепеченко Владимира Петровича',041909644,30101810900000000644,40702810412000103773,'Вологодское отделение СБ 8638 г. Вологда',3525164580,352501001,'007-РП/2008','2008-12-01','dsgsgg',0,1),(171,94,'Ростов-на-Дону',4,'ООО «Институт информационных технологий»','Общество с ограниченной ответственностью «Институт информационных технологий»',1,2,'344056, г.Ростов-на-Дону, ул. Ленина, 109 \"А\"','344056, г.Ростов-на-Дону, ул. Ленина 109 \"А\"','stoort@rambler.ru',61,'Ростов-на-Дону','Арабаджан','Михаил','Сергеевич','Арабаджана Михаила Сергеевича',046015762,30101810100000000762,40702810200000014220,'ОАО КБ «Центр-Инвест», г.Ростов-на-Дону',6166060164,616101001,'019-РП/2008','2008-12-01','gsfgdf',0,1),(175,80,'Санкт-Петербург «Академия»',4,'ООО «Академия Национального Управления»','Общество с ограниченной ответственностью «Академия Национального Управления»',1,2,'197342, г.Санкт-Петербург, наб. Черной речки, д.59, кв.17','197227, г.Санкт-Петербург, Богатырский пр., д.10, кв.204','9iaf@mail.ru',78,'Санкт-Петербург','Ивлев','Александр','Федорович','Ивлева Александра Федоровича',044030809,30101810600000000809,40702810801060464916,'ОАО «Банк «Петровский» в г.Санкт-Петербург\r\n\r\n',7814381485,781401001,'022-РП/2008','2008-12-01','rferfv',0,0),(177,78,'Санкт-Петербург «ИНОТ»',4,'ООО «Институт инновационных технологий»','Общество с ограниченной ответственностью «Институт инновационных технологий»',1,1,'191186, г.Санкт-Петербург, ул.Б.Конюшенная, д.9, оф.8','197022, г.Санкт-Петербург, Каменноостровский просп., д.42\"а\", офис 436','baltcom2001@list.ru',78,'Санкт-Петербург','Бондарик','Римма','Шамильевна','Бондарик Риммы Шамильевны',044030790,30101810900000000790,40702810111000000232,'\"ДО Комендантский\" ОАО \"Банк \"Санкт-Петербург\"',7841440059,784101001,'023-РП/2008','2008-12-01','bhgfdt',0,1),(178,89,'Калуга',4,'АНО «Региональный учебный центр ИНФО»','Автономная некоммерческая организация «Региональный учебный центр ИНФО»\r\n',1,2,'248017, г.Калуга, ул. Терепецкая, д.10','248017, г.Калуга, ул. Терепецкая, д.10','info_kaluga@mail.ru',40,'Калуга','Симонова','Валентина','Дмитриевна','Симоновой Валентины Дмитриевны',042908612,30101810100000000612,40703810322240103317,'Калужское ОСБ №8608 в г.Калуга\r\n			\r\n			\r\n			\r\n',4028021181,402801001,'016-РП/2008','2008-12-01','bdfsgd',0,1),(179,84,'Рославль',4,'АНО «Региональный учебный центр ИНФО»','Автономная некоммерческая организация «Региональный учебный центр ИНФО»',1,2,'216500, Смоленская область г. Рославль, ул. Пролетарская, 157','216500, Смоленская область г. Рославль, ул. Пролетарская, 157','info-ruz@yandex.ru',67,'Рославль','Михайловский','Евгений','Александрович','Михайловского Евгения Александровича',046614776,30101810500000000776,40703810543310000001,'Смоленский РФ ОАО \"Россельхозбанк\" г.Смоленск',6725009315,672501001,'025-РП/2008','2008-12-01','bdgsrg',0,1),(180,82,'Миасс',4,'ООО «Виорика»','Общество с ограниченной ответственностью «Виорика»',1,2,'456300, г.Миасс, ул.8 Июля, 45а, офис 4','456300, г.Миасс, ул.8Июля 45а, офис 4','VKL553@yandex.ru',74,'Миасс','Селезнева','Наталья','Сергеевна','Селезневой Натальи Сергеевны',047501779,30101810400000000779,40702810728030000836,'Миасский филиал ОАО «Челябинвестбанк»',7415057840,741501001,'031-РП/2008','2008-12-01','dgsseg',0,1),(181,90,'Железноводск',4,'','',1,0,'','','',00,'','','','','',000000000,0,0,'',0,000000000,'027-РП/2008','2008-12-01','xdfgrs',0,0),(182,85,'Мурманск',4,'НОУ «Северо-Западный Центр Русско-Британской Высшей Школы Управления»','Негосударственное образовательное учреждение «Северо-Западный Центр Русско-Британской Высшей Школы Управления»',1,2,'183038, г. Мурманск, пер. Русанова, д. 8','183038, г. Мурманск, пер. Русанова, д. 8','britrus@yandex.ru',51,'Мурманск','Лебедев','Вячеслав','Викторович','Лебедева Вячеслава Викторовича',044705615,30101810300000000615,40703810241020000301,'Отделение № 8627 Сбербанка России г. Мурманск',5190304331,519001001,'029-РП/2008','2008-12-01','drfgre',0,1),(183,91,'Нижневартовск',4,'НОУ ВПО Нижневартовский институт экономики, технологий и сервиса','Негосударственное образовательное учреждение высшего профессионального образования Нижневартовский \r\nинститут экономики, технологий и \r\nсервиса',1,3,'628600, Тюменская обл., \r\nХМАО-Югра, г.Нижневартовск, \r\nул. Дружбы Народов, 14а','628600, Тюменская обл., \r\nХМАО-Югра, г.Нижневартовск, \r\nул. Дружбы Народов, 14а','churikov86@mail.ru',86,'Нижневартовск','Чуриков','Игорь','Николаевич','Чурикова Игоря Николаевича',047169745,30101810900000000745,40703810100100000074,'Филиал Ханты-Мансийского банка ОАО г. Нижневартовск\r\n',8601000666,860302001,'001-РП/2008','2008-12-19','fhtrhh',0,1),(184,69,'Астрахань-3',7,'ООО «ИНФО-Центр»','Общество с ограниченной ответственностью «ИНФО-Центр»',1,0,'414040, г.Астрахань, ул. Победы, 47','414040, г.Астрахань, ул. Победы, 47','info30reg@mail.ru',30,'Астрахань','Гуров','Александр','Викторович','Гурова Александра Викторовича',041203773,30101810400000000773,40702810800500010405,'Астраханский ф-л ОАО «Банк Москвы»',3015064725,301501001,'015-РП/2008','2008-12-01','r5h5th',0,0),(185,88,'Азербайджан',6,'ООО «ИНФО-РУЦ»','Общество с ограниченной ответственностью «ИНФО-РУЦ»',1,0,'','','',00,'','','','','',000000000,0,0,'',0,000000000,'002-РП/2008','2008-12-01','bdftgh',0,0),(186,81,'Пермь',4,'','',1,0,'','','',00,'','','','','',000000000,0,0,'',0,000000000,'','0000-00-00','dfhter',0,0),(187,96,'Стерлитамак',4,'ООО «Знания Плюс»','Общество с ограниченной ответственностью «Знания Плюс»',1,1,'453118, РБ, г. Стерлитамак, ул Коммунистическая, 21-12','453120, РБ, г. Стерлитамак, Пр. Октября, 51-42','znanie_str@mail.ru',02,'Стерлитамак','Галиакберова','Рамиля','Минигареевна','Галиакберовой Рамили Минигареевны',048073739,30101810900000000739,40702810007590001003,'Стерлитамакский дополнительный офис ОАО «Социнвестбанк» г. Уфа',268037244,026801001,'030-РП/2008','2008-12-01','bcgyrj',0,1),(188,NULL,'Домодедово-1 РП',6,'','',1,0,'','','',00,'','','','','',000000000,0,0,'',0,000000000,'','0000-00-00','',0,0),(190,73,'Нальчик',9,'ООО «Научно-образовательный центр»','Общество с ограниченной ответственностью «Научно-образовательный центр»',1,2,'360004, Кабардино-Балкарская республика, город Нальчик, ул. Ахохова, 190','360004, Кабардино-Балкарская республика, город Нальчик, ул. Ахохова, 190','nots_info@mail.ru',07,'Нальчик','Петросян','Леон','Николаевич','Петросяна Леона Николаевича',048327703,30101810900000000703,40702810900430001258,'Филиал ОАО «МИнБ» в г. Нальчике',726000385,072601001,'033-РП/2009','2009-10-16','gndtsg',0,1),(191,95,'Павловский посад',10,'ООО «Центр интернет-технологий»','Общество с ограниченной ответственностью «Центр интернет-технологий»',1,1,'142500, Моск. обл., г. Павловский Посад, ул. Орджоникидзе, д. 4','142500, Моск. обл., г. Павловский Посад, ул. Орджоникидзе, д. 4','aleksandra_gor@mail.ru',50,'Павловский посад','Смирнова','Ольга','Геннадьевна','Смирновой Ольги Геннадьевны',044599132,30101810400000000132,40702810042010000432,'Центральный филиал АБ \"РОССИЯ\" п. Газопровод Московской обл',5035039311,503501001,'035-РП/2010','2010-04-19','fgthdr',0,1),(193,99,'Москва АНО ИНОТ',2,'ООО \"Центр инновационных технологий в образовании\"','Общество с ограниченной ответственностью \"Центр инновационных технологий в образовании\"',1,1,'119619, г.Москва, Боровский пр-д, д.13А, стр.1, офис 11','119571, г.Москва, проспект Вернадского, д.86','info@ano-inot.ru',77,'Москва','Александрова','Людмила','Александровна','Александровой Людмилы Александровны',044525700,30101810200000000700,40702810900001436730,'ЗАО «Райффайзенбанк» г. Москва',7722744643,772901001,'041-РП/2011','2011-12-28','bhgfdt',0,1),(194,NULL,'Химки',2,'ООО «Инновационные решения»','Общество с ограниченной ответственностью «Инновационные решения»',1,1,'115230, г. Москва, Каширское шоссе, д.5, корп.1','115230, г. Москва, Каширское шоссе, д.5, корп.1','olgavi7777@gmail.com',50,'Химки','Видюхина','Ольга','Сергеевна','Видюхиной Ольги Сергеевны',044525225,30101810400000000225,40702810138050013479,'Марьинорощинское отделение №7981 \r\nСБЕРБАНКА РОССИИ ОАО, г. Москва',7724752199,772401001,'036-РП/2010','2010-09-15','ngjkmh',0,1),(195,98,'Клин-2',5,'ООО «Перспектива»','Общество с ограниченной ответственностью «Перспектива»',1,1,'141600, Московская область, г.Клин, ул.Трудовая, д.12, стр.3','141600, Московская область, г.Клин, ул.Трудовая, д.12, стр.3','klinprogress@yandex.ru',50,'Клин','Агафонова','Елена','Анатольевна','Агафоновой Елены Анатольевны',044525225,30101810400000000225,40702810940190000624,'Клинском ОСБ №2563 Сбербанка России ОАО',5020067411,502001001,'нет','2011-01-01','hgdhtg',0,1),(196,NULL,'Челябинск',4,'ООО «Региональный центр дистанционного образования»','Общество с ограниченной ответственностью «Региональный центр дистанционного образования»',1,2,'456300, г.Миасс, ул.8 Июля, 45а, офис 4','456300, г.Миасс, ул.8Июля 45а, офис 4','VKL553@yandex.ru',74,'Миасс','Селезнева','Наталья','Сергеевна','Селезневой Натальи Сергеевны',047501779,30101810400000000779,40702810728030000836,'Миасский филиал ОАО «Челябинвестбанк»',7415057840,741501001,'031-РП/2008','2008-12-01','dgsseg',0,1),(198,105,'Абитуриент - Россия',1,'','',1,0,'','','',00,'','','','','',000000000,0,0,'',0,000000000,'','0000-00-00','',0,1),(199,101,'Тверь',5,'АНО \"Априори\"','Автономная некоммерческая организация негосударственного дополнительного и профессионального образования \"Априори\"',1,2,'170021, г.Тверь, ул. Кольцевая, 82-63','170100, г.Тверь, пер.Свободный, д.9, оф.306','apriori.tver@mail.ru',69,'Тверь','Колобаев','Алексей','Николаевич','Колобаева Алексея Николаевича',044585297,30101810500000000297,40703810805000000567,'ОАО БАНК \"ОТКРЫТИЕ\" Г. МОСКВА',6952000848,695201001,'','0000-00-00','wgr25q',0,1),(201,100,'Подольск',5,'НОУДО «Знание»','Негосударственное образовательное учреждение дополнительного образования «Знание»',1,2,'142116, Московская область, г. Подольск, ул. Рабочая, д. 13-а','142116, Московская область, г. Подольск, ул. Рабочая, д. 13-а','adrinalin77@yandex.ru',50,'Подольск','Голиков','Сергей','Анатольевич','Голикова Сергея Анатольевича',044695151,30101810700000000151,40703810400000000673,'ЗАО «Промсбербанк» г. Подольск',5036039561,503601001,'034-РП/2009','2009-10-27','',0,0),(202,104,'Ржев',5,'АНО НДПО «Региональный учебный центр»','Автономная некоммерческая огранизация негосударственного дополнительного профессионального образования «Региональный учебный центр»',1,2,'172380, Тверская область, г. Ржев, ул. Ленина, д. 20/89','172380, Тверская область, г. Ржев, Советская пл.,д.16, 3 этаж','ruc.rzhev@gmail.com',69,'Ржев','Климова','Ольга','Алексеевна','Климовой Ольги Алексеевны',042809679,30101810700000000679,40703810463224000453,'Отделение № 8607 Сбербанка России г. Тверь',6914007754,691401001,'','0000-00-00','',0,1),(203,NULL,'Ярославль',4,'','',1,0,'','','',76,'Ярославль','','','','',000000000,0,0,'',0,000000000,'','2014-10-01','',0,0),(204,NULL,'Рубцовск',5,'','',1,0,'','','',00,'','','','','',000000000,0,0,'',0,000000000,'','0000-00-00','',0,0),(205,103,'Волоколамск',5,'Индивидуальный предприниматель Лахно Сергей Александрович','Индивидуальный предприниматель Лахно Сергей Александрович',5,6,'143600, Московская область, г.Волоколамск, пер. Ново-Солдатский, д.5, кв. 33','143600, Московская область, г.Волоколамск, ул.Сергачева, д.17/4, офис №14','iit-vlk@mail.ru',50,'Волоколамск','Лахно','Сергей','Александрович','Лахно Сергея Александровича',044585322,30101810200000000322,40802810420250000096,'ООО КБ \"АГРОСОЮЗ\"',500401768604,000000000,'053-РП/2013','2013-04-09','',0,1);
/*!40000 ALTER TABLE `partner_regions` ENABLE KEYS */;
UNLOCK TABLES;

--
-- Table structure for table `price`
--

DROP TABLE IF EXISTS `price`;
/*!40101 SET @saved_cs_client     = @@character_set_client */;
/*!40101 SET character_set_client = utf8 */;
CREATE TABLE `price` (
  `group` int(2) unsigned NOT NULL,
  `catalog` int(4) NOT NULL,
  `price` double(8,2) NOT NULL,
  `price_university` double(8,2) NOT NULL,
  `price_rp` double(8,2) NOT NULL DEFAULT '0.00',
  `start` date NOT NULL DEFAULT '2014-09-01',
  `end` date NOT NULL DEFAULT '2015-08-31',
  `applicant` date DEFAULT '2014-09-01',
  UNIQUE KEY `group_catalog_start_applicant` (`group`,`catalog`,`start`,`applicant`),
  KEY `FK_new_price_catalogs` (`catalog`),
  CONSTRAINT `FK_new_price_catalogs` FOREIGN KEY (`catalog`) REFERENCES `catalogs` (`id`),
  CONSTRAINT `FK_new_price_new_price_groups` FOREIGN KEY (`group`) REFERENCES `price_groups` (`id`)
) ENGINE=InnoDB DEFAULT CHARSET=utf8 COMMENT='Тарифное соглашение';
/*!40101 SET character_set_client = @saved_cs_client */;

--
-- Dumping data for table `price`
--

LOCK TABLES `price` WRITE;
/*!40000 ALTER TABLE `price` DISABLE KEYS */;
INSERT INTO `price` VALUES (6,7,18440.00,4340.00,7350.00,'2014-09-01','2015-08-31','0000-00-00'),(5,7,18440.00,4340.00,7350.00,'2014-09-01','2015-08-31','0000-00-00'),(2,7,18440.00,4340.00,0.00,'2014-09-01','2015-08-31','0000-00-00'),(3,7,24800.00,4340.00,0.00,'2014-09-01','2015-08-31','0000-00-00'),(1,7,14440.00,4340.00,0.00,'2014-09-01','2015-08-31','0000-00-00'),(4,7,14440.00,4340.00,5730.00,'2014-09-01','2015-08-31','0000-00-00'),(6,45,18440.00,4340.00,7350.00,'2014-09-01','2015-08-31','0000-00-00'),(5,45,18440.00,4340.00,7350.00,'2014-09-01','2015-08-31','0000-00-00'),(2,45,18440.00,4340.00,0.00,'2014-09-01','2015-08-31','0000-00-00'),(3,45,24800.00,4340.00,0.00,'2014-09-01','2015-08-31','0000-00-00'),(1,45,14440.00,4340.00,0.00,'2014-09-01','2015-08-31','0000-00-00'),(4,45,14440.00,4340.00,5730.00,'2014-09-01','2015-08-31','0000-00-00'),(6,46,25790.00,6170.00,10290.00,'2014-09-01','2015-08-31','0000-00-00'),(5,46,25790.00,6170.00,10290.00,'2014-09-01','2015-08-31','0000-00-00'),(2,46,25790.00,6170.00,0.00,'2014-09-01','2015-08-31','0000-00-00'),(3,46,34800.00,6170.00,0.00,'2014-09-01','2015-08-31','0000-00-00'),(1,46,20560.00,6170.00,0.00,'2014-09-01','2015-08-31','0000-00-00'),(4,46,20560.00,6170.00,8160.00,'2014-09-01','2015-08-31','0000-00-00'),(6,47,15020.00,3650.00,5990.00,'2014-09-01','2015-08-31','0000-00-00'),(5,47,15020.00,3650.00,6690.00,'2014-09-01','2015-08-31','0000-00-00'),(2,47,15020.00,3650.00,0.00,'2014-09-01','2015-08-31','0000-00-00'),(3,47,20400.00,3650.00,0.00,'2014-09-01','2015-08-31','0000-00-00'),(1,47,12150.00,3650.00,0.00,'2014-09-01','2015-08-31','0000-00-00'),(4,47,12150.00,3650.00,5390.00,'2014-09-01','2015-08-31','0000-00-00'),(6,48,18440.00,4410.00,7360.00,'2014-09-01','2015-08-31','0000-00-00'),(5,48,18440.00,4410.00,8220.00,'2014-09-01','2015-08-31','0000-00-00'),(2,48,18440.00,4410.00,0.00,'2014-09-01','2015-08-31','0000-00-00'),(3,48,24800.00,4410.00,0.00,'2014-09-01','2015-08-31','0000-00-00'),(1,48,14700.00,4410.00,0.00,'2014-09-01','2015-08-31','0000-00-00'),(4,48,14700.00,4410.00,6530.00,'2014-09-01','2015-08-31','0000-00-00'),(6,55,20140.00,5020.00,8030.00,'2014-09-01','2015-08-31','0000-00-00'),(5,55,20140.00,5020.00,8030.00,'2014-09-01','2015-08-31','0000-00-00'),(2,55,20140.00,5020.00,0.00,'2014-09-01','2015-08-31','0000-00-00'),(3,55,27100.00,5020.00,0.00,'2014-09-01','2015-08-31','0000-00-00'),(1,55,16720.00,5020.00,0.00,'2014-09-01','2015-08-31','0000-00-00'),(4,55,16720.00,5020.00,6640.00,'2014-09-01','2015-08-31','0000-00-00'),(6,59,16720.00,4050.00,6660.00,'2014-09-01','2015-08-31','0000-00-00'),(5,59,16720.00,4050.00,7450.00,'2014-09-01','2015-08-31','0000-00-00'),(2,59,16720.00,4050.00,0.00,'2014-09-01','2015-08-31','0000-00-00'),(3,59,22900.00,4050.00,0.00,'2014-09-01','2015-08-31','0000-00-00'),(1,59,13470.00,4050.00,0.00,'2014-09-01','2015-08-31','0000-00-00'),(4,59,13470.00,4050.00,5970.00,'2014-09-01','2015-08-31','0000-00-00'),(6,58,20140.00,5020.00,8030.00,'2014-09-01','2015-08-31','0000-00-00'),(5,58,20140.00,5020.00,8030.00,'2014-09-01','2015-08-31','0000-00-00'),(2,58,20140.00,5020.00,0.00,'2014-09-01','2015-08-31','0000-00-00'),(3,58,27100.00,5020.00,0.00,'2014-09-01','2015-08-31','0000-00-00'),(1,58,16720.00,5020.00,0.00,'2014-09-01','2015-08-31','0000-00-00'),(4,58,16720.00,5020.00,6640.00,'2014-09-01','2015-08-31','0000-00-00'),(6,60,16720.00,4050.00,6660.00,'2014-09-01','2015-08-31','0000-00-00'),(5,60,16720.00,4050.00,7450.00,'2014-09-01','2015-08-31','0000-00-00'),(2,60,16720.00,4050.00,0.00,'2014-09-01','2015-08-31','0000-00-00'),(3,60,22900.00,4050.00,0.00,'2014-09-01','2015-08-31','0000-00-00'),(1,60,13470.00,4050.00,0.00,'2014-09-01','2015-08-31','0000-00-00'),(4,60,13470.00,4050.00,5970.00,'2014-09-01','2015-08-31','0000-00-00'),(6,56,20140.00,5020.00,8030.00,'2014-09-01','2015-08-31','0000-00-00'),(5,56,20140.00,5020.00,8030.00,'2014-09-01','2015-08-31','0000-00-00'),(2,56,20140.00,5020.00,0.00,'2014-09-01','2015-08-31','0000-00-00'),(3,56,27100.00,5020.00,0.00,'2014-09-01','2015-08-31','0000-00-00'),(1,56,16720.00,5020.00,0.00,'2014-09-01','2015-08-31','0000-00-00'),(4,56,16720.00,5020.00,6640.00,'2014-09-01','2015-08-31','0000-00-00'),(6,57,25900.00,6180.00,10330.00,'2014-09-01','2015-08-31','0000-00-00'),(5,57,25900.00,6180.00,10330.00,'2014-09-01','2015-08-31','0000-00-00'),(2,57,25900.00,6180.00,0.00,'2014-09-01','2015-08-31','0000-00-00'),(3,57,34800.00,6180.00,0.00,'2014-09-01','2015-08-31','0000-00-00'),(1,57,20600.00,6180.00,0.00,'2014-09-01','2015-08-31','0000-00-00'),(4,57,20600.00,6180.00,8180.00,'2014-09-01','2015-08-31','0000-00-00'),(6,50,15020.00,3650.00,5990.00,'2014-09-01','2015-08-31','0000-00-00'),(5,50,15020.00,3650.00,6690.00,'2014-09-01','2015-08-31','0000-00-00'),(2,50,15020.00,3650.00,0.00,'2014-09-01','2015-08-31','0000-00-00'),(3,50,20400.00,3650.00,0.00,'2014-09-01','2015-08-31','0000-00-00'),(1,50,12150.00,3650.00,0.00,'2014-09-01','2015-08-31','0000-00-00'),(4,50,12150.00,3650.00,5390.00,'2014-09-01','2015-08-31','0000-00-00'),(6,51,18440.00,4410.00,7360.00,'2014-09-01','2015-08-31','0000-00-00'),(5,51,18440.00,4410.00,8220.00,'2014-09-01','2015-08-31','0000-00-00'),(2,51,18440.00,4410.00,0.00,'2014-09-01','2015-08-31','0000-00-00'),(3,51,24800.00,4410.00,0.00,'2014-09-01','2015-08-31','0000-00-00'),(1,51,14700.00,4410.00,0.00,'2014-09-01','2015-08-31','0000-00-00'),(4,51,14700.00,4410.00,6530.00,'2014-09-01','2015-08-31','0000-00-00'),(6,53,20140.00,5020.00,8030.00,'2014-09-01','2015-08-31','0000-00-00'),(5,53,20140.00,5020.00,8030.00,'2014-09-01','2015-08-31','0000-00-00'),(2,53,20140.00,5020.00,0.00,'2014-09-01','2015-08-31','0000-00-00'),(3,53,27100.00,5020.00,0.00,'2014-09-01','2015-08-31','0000-00-00'),(1,53,16720.00,5020.00,0.00,'2014-09-01','2015-08-31','0000-00-00'),(4,53,16720.00,5020.00,6640.00,'2014-09-01','2015-08-31','0000-00-00'),(6,54,25900.00,6180.00,10330.00,'2014-09-01','2015-08-31','0000-00-00'),(5,54,25900.00,6180.00,10330.00,'2014-09-01','2015-08-31','0000-00-00'),(2,54,25900.00,6180.00,0.00,'2014-09-01','2015-08-31','0000-00-00'),(3,54,34800.00,6180.00,0.00,'2014-09-01','2015-08-31','0000-00-00'),(1,54,20600.00,6180.00,0.00,'2014-09-01','2015-08-31','0000-00-00'),(4,54,20600.00,6180.00,8180.00,'2014-09-01','2015-08-31','0000-00-00'),(6,17,15020.00,3650.00,5990.00,'2014-09-01','2015-08-31','0000-00-00'),(5,17,15020.00,3650.00,6690.00,'2014-09-01','2015-08-31','0000-00-00'),(2,17,15020.00,3650.00,0.00,'2014-09-01','2015-08-31','0000-00-00'),(3,17,20400.00,3650.00,0.00,'2014-09-01','2015-08-31','0000-00-00'),(1,17,12150.00,3650.00,0.00,'2014-09-01','2015-08-31','0000-00-00'),(4,17,12150.00,3650.00,5390.00,'2014-09-01','2015-08-31','0000-00-00'),(6,4,20140.00,4480.00,8040.00,'2014-09-01','2015-08-31','0000-00-00'),(5,4,20140.00,4480.00,8040.00,'2014-09-01','2015-08-31','0000-00-00'),(2,4,20140.00,4480.00,0.00,'2014-09-01','2015-08-31','0000-00-00'),(3,4,27100.00,4480.00,0.00,'2014-09-01','2015-08-31','0000-00-00'),(1,4,14910.00,4480.00,0.00,'2014-09-01','2015-08-31','0000-00-00'),(4,4,14910.00,4480.00,5920.00,'2014-09-01','2015-08-31','0000-00-00'),(6,5,25790.00,6170.00,10290.00,'2014-09-01','2015-08-31','0000-00-00'),(5,5,25790.00,6170.00,10290.00,'2014-09-01','2015-08-31','0000-00-00'),(2,5,25790.00,6170.00,0.00,'2014-09-01','2015-08-31','0000-00-00'),(3,5,34800.00,6170.00,0.00,'2014-09-01','2015-08-31','0000-00-00'),(1,5,20560.00,6170.00,0.00,'2014-09-01','2015-08-31','0000-00-00'),(4,5,20560.00,6170.00,8160.00,'2014-09-01','2015-08-31','0000-00-00'),(6,6,26740.00,6430.00,10660.00,'2014-09-01','2015-08-31','0000-00-00'),(5,6,26740.00,6430.00,10660.00,'2014-09-01','2015-08-31','0000-00-00'),(2,6,26740.00,6430.00,0.00,'2014-09-01','2015-08-31','0000-00-00'),(3,6,36000.00,6430.00,0.00,'2014-09-01','2015-08-31','0000-00-00'),(1,6,21420.00,6430.00,0.00,'2014-09-01','2015-08-31','0000-00-00'),(4,6,21420.00,6430.00,8500.00,'2014-09-01','2015-08-31','0000-00-00'),(6,14,15020.00,3650.00,5990.00,'2014-09-01','2015-08-31','0000-00-00'),(6,21,15020.00,3650.00,5990.00,'2014-09-01','2015-08-31','0000-00-00'),(5,14,15020.00,3650.00,6690.00,'2014-09-01','2015-08-31','0000-00-00'),(5,21,15020.00,3650.00,6690.00,'2014-09-01','2015-08-31','0000-00-00'),(2,14,15020.00,3650.00,0.00,'2014-09-01','2015-08-31','0000-00-00'),(2,21,15020.00,3650.00,0.00,'2014-09-01','2015-08-31','0000-00-00'),(3,14,20400.00,3650.00,0.00,'2014-09-01','2015-08-31','0000-00-00'),(3,21,20400.00,3650.00,0.00,'2014-09-01','2015-08-31','0000-00-00'),(1,14,12150.00,3650.00,0.00,'2014-09-01','2015-08-31','0000-00-00'),(1,21,12150.00,3650.00,0.00,'2014-09-01','2015-08-31','0000-00-00'),(4,14,12150.00,3650.00,5390.00,'2014-09-01','2015-08-31','0000-00-00'),(4,21,12150.00,3650.00,5390.00,'2014-09-01','2015-08-31','0000-00-00'),(6,15,18440.00,4410.00,7360.00,'2014-09-01','2015-08-31','0000-00-00'),(5,15,18440.00,4410.00,8220.00,'2014-09-01','2015-08-31','0000-00-00'),(2,15,18440.00,4410.00,0.00,'2014-09-01','2015-08-31','0000-00-00'),(3,15,24800.00,4410.00,0.00,'2014-09-01','2015-08-31','0000-00-00'),(1,15,14700.00,4410.00,0.00,'2014-09-01','2015-08-31','0000-00-00'),(4,15,14700.00,4410.00,6530.00,'2014-09-01','2015-08-31','0000-00-00'),(6,16,19660.00,4700.00,7700.00,'2014-09-01','2015-08-31','0000-00-00'),(5,16,19660.00,4700.00,8630.00,'2014-09-01','2015-08-31','0000-00-00'),(2,16,19660.00,4700.00,0.00,'2014-09-01','2015-08-31','0000-00-00'),(3,16,26400.00,4700.00,0.00,'2014-09-01','2015-08-31','0000-00-00'),(1,16,15660.00,4700.00,0.00,'2014-09-01','2015-08-31','0000-00-00'),(4,16,15660.00,4700.00,6950.00,'2014-09-01','2015-08-31','0000-00-00'),(6,11,15020.00,3650.00,5990.00,'2014-09-01','2015-08-31','0000-00-00'),(6,20,15020.00,3650.00,5990.00,'2014-09-01','2015-08-31','0000-00-00'),(5,11,15020.00,3650.00,6690.00,'2014-09-01','2015-08-31','0000-00-00'),(5,20,15020.00,3650.00,6690.00,'2014-09-01','2015-08-31','0000-00-00'),(2,11,15020.00,3650.00,0.00,'2014-09-01','2015-08-31','0000-00-00'),(2,20,15020.00,3650.00,0.00,'2014-09-01','2015-08-31','0000-00-00'),(3,11,20400.00,3650.00,0.00,'2014-09-01','2015-08-31','0000-00-00'),(3,20,20400.00,3650.00,0.00,'2014-09-01','2015-08-31','0000-00-00'),(1,11,12150.00,3650.00,0.00,'2014-09-01','2015-08-31','0000-00-00'),(1,20,12150.00,3650.00,0.00,'2014-09-01','2015-08-31','0000-00-00'),(4,11,12150.00,3650.00,5390.00,'2014-09-01','2015-08-31','0000-00-00'),(4,20,12150.00,3650.00,5390.00,'2014-09-01','2015-08-31','0000-00-00'),(6,12,18440.00,4410.00,7360.00,'2014-09-01','2015-08-31','0000-00-00'),(5,12,18440.00,4410.00,8220.00,'2014-09-01','2015-08-31','0000-00-00'),(2,12,18440.00,4410.00,0.00,'2014-09-01','2015-08-31','0000-00-00'),(3,12,24800.00,4410.00,0.00,'2014-09-01','2015-08-31','0000-00-00'),(1,12,14700.00,4410.00,0.00,'2014-09-01','2015-08-31','0000-00-00'),(4,12,14700.00,4410.00,6530.00,'2014-09-01','2015-08-31','0000-00-00'),(6,13,19660.00,4700.00,7700.00,'2014-09-01','2015-08-31','0000-00-00'),(5,13,19660.00,4700.00,8630.00,'2014-09-01','2015-08-31','0000-00-00'),(2,13,19660.00,4700.00,0.00,'2014-09-01','2015-08-31','0000-00-00'),(3,13,26400.00,4700.00,0.00,'2014-09-01','2015-08-31','0000-00-00'),(1,13,15660.00,4700.00,0.00,'2014-09-01','2015-08-31','0000-00-00'),(4,13,15660.00,4700.00,6950.00,'2014-09-01','2015-08-31','0000-00-00'),(6,1,20140.00,5020.00,8030.00,'2014-09-01','2015-08-31','0000-00-00'),(5,1,20140.00,5020.00,8030.00,'2014-09-01','2015-08-31','0000-00-00'),(2,1,20140.00,5020.00,0.00,'2014-09-01','2015-08-31','0000-00-00'),(3,1,27100.00,5020.00,0.00,'2014-09-01','2015-08-31','0000-00-00'),(1,1,16720.00,5020.00,0.00,'2014-09-01','2015-08-31','0000-00-00'),(4,1,16720.00,5020.00,6640.00,'2014-09-01','2015-08-31','0000-00-00'),(6,2,25900.00,6180.00,10330.00,'2014-09-01','2015-08-31','0000-00-00'),(5,2,25900.00,6180.00,10330.00,'2014-09-01','2015-08-31','0000-00-00'),(2,2,25900.00,6180.00,0.00,'2014-09-01','2015-08-31','0000-00-00'),(3,2,34800.00,6180.00,0.00,'2014-09-01','2015-08-31','0000-00-00'),(1,2,20600.00,6180.00,0.00,'2014-09-01','2015-08-31','0000-00-00'),(4,2,20600.00,6180.00,8180.00,'2014-09-01','2015-08-31','0000-00-00'),(6,18,16720.00,4050.00,6660.00,'2014-09-01','2015-08-31','0000-00-00'),(5,18,16720.00,4050.00,7450.00,'2014-09-01','2015-08-31','0000-00-00'),(2,18,16720.00,4050.00,0.00,'2014-09-01','2015-08-31','0000-00-00'),(3,18,22900.00,4050.00,0.00,'2014-09-01','2015-08-31','0000-00-00'),(1,18,13470.00,4050.00,0.00,'2014-09-01','2015-08-31','0000-00-00'),(4,18,13470.00,4050.00,5970.00,'2014-09-01','2015-08-31','0000-00-00'),(6,3,20140.00,5020.00,8030.00,'2014-09-01','2015-08-31','0000-00-00'),(5,3,20140.00,5020.00,8030.00,'2014-09-01','2015-08-31','0000-00-00'),(2,3,20140.00,5020.00,0.00,'2014-09-01','2015-08-31','0000-00-00'),(3,3,27100.00,5020.00,0.00,'2014-09-01','2015-08-31','0000-00-00'),(1,3,16720.00,5020.00,0.00,'2014-09-01','2015-08-31','0000-00-00'),(4,3,16720.00,5020.00,6640.00,'2014-09-01','2015-08-31','0000-00-00'),(6,8,15020.00,3650.00,5990.00,'2014-09-01','2015-08-31','0000-00-00'),(6,22,15020.00,3650.00,5990.00,'2014-09-01','2015-08-31','0000-00-00'),(5,8,15020.00,3650.00,6690.00,'2014-09-01','2015-08-31','0000-00-00'),(5,22,15020.00,3650.00,6690.00,'2014-09-01','2015-08-31','0000-00-00'),(2,8,15020.00,3650.00,0.00,'2014-09-01','2015-08-31','0000-00-00'),(2,22,15020.00,3650.00,0.00,'2014-09-01','2015-08-31','0000-00-00'),(3,8,20400.00,3650.00,0.00,'2014-09-01','2015-08-31','0000-00-00'),(3,22,20400.00,3650.00,0.00,'2014-09-01','2015-08-31','0000-00-00'),(1,8,12150.00,3650.00,0.00,'2014-09-01','2015-08-31','0000-00-00'),(1,22,12150.00,3650.00,0.00,'2014-09-01','2015-08-31','0000-00-00'),(4,8,12150.00,3650.00,5390.00,'2014-09-01','2015-08-31','0000-00-00'),(4,22,12150.00,3650.00,5390.00,'2014-09-01','2015-08-31','0000-00-00'),(6,9,18440.00,4410.00,7360.00,'2014-09-01','2015-08-31','0000-00-00'),(6,23,18440.00,4410.00,7360.00,'2014-09-01','2015-08-31','0000-00-00'),(5,9,18440.00,4410.00,8220.00,'2014-09-01','2015-08-31','0000-00-00'),(5,23,18440.00,4410.00,8220.00,'2014-09-01','2015-08-31','0000-00-00'),(2,9,18440.00,4410.00,0.00,'2014-09-01','2015-08-31','0000-00-00'),(2,23,18440.00,4410.00,0.00,'2014-09-01','2015-08-31','0000-00-00'),(3,9,24800.00,4410.00,0.00,'2014-09-01','2015-08-31','0000-00-00'),(3,23,24800.00,4410.00,0.00,'2014-09-01','2015-08-31','0000-00-00'),(1,9,14700.00,4410.00,0.00,'2014-09-01','2015-08-31','0000-00-00'),(1,23,14700.00,4410.00,0.00,'2014-09-01','2015-08-31','0000-00-00'),(4,9,14700.00,4410.00,6530.00,'2014-09-01','2015-08-31','0000-00-00'),(4,23,14700.00,4410.00,6530.00,'2014-09-01','2015-08-31','0000-00-00'),(6,10,19660.00,4700.00,7700.00,'2014-09-01','2015-08-31','0000-00-00'),(6,24,19660.00,4700.00,7700.00,'2014-09-01','2015-08-31','0000-00-00'),(5,10,19660.00,4700.00,8630.00,'2014-09-01','2015-08-31','0000-00-00'),(5,24,19660.00,4700.00,8630.00,'2014-09-01','2015-08-31','0000-00-00'),(2,10,19660.00,4700.00,0.00,'2014-09-01','2015-08-31','0000-00-00'),(2,24,19660.00,4700.00,0.00,'2014-09-01','2015-08-31','0000-00-00'),(3,10,26400.00,4700.00,0.00,'2014-09-01','2015-08-31','0000-00-00'),(3,24,26400.00,4700.00,0.00,'2014-09-01','2015-08-31','0000-00-00'),(1,10,15660.00,4700.00,0.00,'2014-09-01','2015-08-31','0000-00-00'),(1,24,15660.00,4700.00,0.00,'2014-09-01','2015-08-31','0000-00-00'),(4,10,15660.00,4700.00,6950.00,'2014-09-01','2015-08-31','0000-00-00'),(4,24,15660.00,4700.00,6950.00,'2014-09-01','2015-08-31','0000-00-00'),(6,45,24830.00,11930.00,6900.00,'2014-09-01','2015-08-31','2012-09-01'),(5,45,24400.00,11930.00,6500.00,'2014-09-01','2015-08-31','2012-09-01'),(2,45,24400.00,11930.00,0.00,'2014-09-01','2015-08-31','2012-09-01'),(3,45,27100.00,11930.00,0.00,'2014-09-01','2015-08-31','2012-09-01'),(10,45,25460.00,11930.00,7050.00,'2014-09-01','2015-08-31','2012-09-01'),(1,45,20890.00,11930.00,0.00,'2014-09-01','2015-08-31','2012-09-01'),(4,45,20890.00,11930.00,5080.00,'2014-09-01','2015-08-31','2012-09-01'),(6,46,29850.00,11930.00,9640.00,'2014-09-01','2015-08-31','2012-09-01'),(5,46,29300.00,11930.00,9100.00,'2014-09-01','2015-08-31','2012-09-01'),(2,46,29300.00,11930.00,0.00,'2014-09-01','2015-08-31','2012-09-01'),(10,46,30360.00,11930.00,9660.00,'2014-09-01','2015-08-31','2012-09-01'),(1,46,24720.00,11930.00,0.00,'2014-09-01','2015-08-31','2012-09-01'),(4,46,24720.00,11930.00,7250.00,'2014-09-01','2015-08-31','2012-09-01'),(6,47,17100.00,6750.00,5610.00,'2014-09-01','2015-08-31','2012-09-01'),(5,47,16760.00,6750.00,5900.00,'2014-09-01','2015-08-31','2012-09-01'),(2,47,16760.00,6750.00,0.00,'2014-09-01','2015-08-31','2012-09-01'),(3,47,20380.00,6750.00,0.00,'2014-09-01','2015-08-31','2012-09-01'),(10,47,17460.00,6750.00,6310.00,'2014-09-01','2015-08-31','2012-09-01'),(1,47,14310.00,6750.00,0.00,'2014-09-01','2015-08-31','2012-09-01'),(4,47,14310.00,6750.00,4790.00,'2014-09-01','2015-08-31','2012-09-01'),(6,48,19590.00,6750.00,6900.00,'2014-09-01','2015-08-31','2012-09-01'),(5,48,19210.00,6750.00,7290.00,'2014-09-01','2015-08-31','2012-09-01'),(2,48,19210.00,6750.00,0.00,'2014-09-01','2015-08-31','2012-09-01'),(10,48,20070.00,6750.00,7790.00,'2014-09-01','2015-08-31','2012-09-01'),(1,48,15910.00,6750.00,0.00,'2014-09-01','2015-08-31','2012-09-01'),(4,48,15910.00,6750.00,5790.00,'2014-09-01','2015-08-31','2012-09-01'),(6,59,18370.00,6750.00,6260.00,'2014-09-01','2015-08-31','2012-09-01'),(5,59,18040.00,6750.00,6630.00,'2014-09-01','2015-08-31','2012-09-01'),(2,59,18040.00,6750.00,0.00,'2014-09-01','2015-08-31','2012-09-01'),(10,59,18790.00,6750.00,7070.00,'2014-09-01','2015-08-31','2012-09-01'),(1,59,15160.00,6750.00,0.00,'2014-09-01','2015-08-31','2012-09-01'),(4,59,15160.00,6750.00,5330.00,'2014-09-01','2015-08-31','2012-09-01'),(6,58,21560.00,7150.00,7520.00,'2014-09-01','2015-08-31','2012-09-01'),(5,58,21150.00,7150.00,7120.00,'2014-09-01','2015-08-31','2012-09-01'),(2,58,21150.00,7150.00,0.00,'2014-09-01','2015-08-31','2012-09-01'),(3,58,27100.00,7150.00,0.00,'2014-09-01','2015-08-31','2012-09-01'),(10,58,21420.00,7150.00,7260.00,'2014-09-01','2015-08-31','2012-09-01'),(1,58,18170.00,7150.00,0.00,'2014-09-01','2015-08-31','2012-09-01'),(4,58,18170.00,7150.00,5930.00,'2014-09-01','2015-08-31','2012-09-01'),(6,60,18370.00,6750.00,6260.00,'2014-09-01','2015-08-31','2012-09-01'),(5,60,18040.00,6750.00,6630.00,'2014-09-01','2015-08-31','2012-09-01'),(2,60,18040.00,6750.00,0.00,'2014-09-01','2015-08-31','2012-09-01'),(10,60,18790.00,6750.00,7070.00,'2014-09-01','2015-08-31','2012-09-01'),(1,60,15160.00,6750.00,0.00,'2014-09-01','2015-08-31','2012-09-01'),(4,60,15160.00,6750.00,5330.00,'2014-09-01','2015-08-31','2012-09-01'),(6,56,21560.00,7150.00,7520.00,'2014-09-01','2015-08-31','2012-09-01'),(5,56,21150.00,7150.00,7120.00,'2014-09-01','2015-08-31','2012-09-01'),(2,56,21150.00,7150.00,0.00,'2014-09-01','2015-08-31','2012-09-01'),(3,56,27100.00,7150.00,0.00,'2014-09-01','2015-08-31','2012-09-01'),(10,56,21150.00,7150.00,7120.00,'2014-09-01','2015-08-31','2012-09-01'),(1,56,18170.00,7150.00,0.00,'2014-09-01','2015-08-31','2012-09-01'),(4,56,18170.00,7150.00,5930.00,'2014-09-01','2015-08-31','2012-09-01'),(6,57,25180.00,7150.00,9670.00,'2014-09-01','2015-08-31','2012-09-01'),(5,57,24670.00,7150.00,9170.00,'2014-09-01','2015-08-31','2012-09-01'),(2,57,24670.00,7150.00,0.00,'2014-09-01','2015-08-31','2012-09-01'),(10,57,24670.00,7150.00,9170.00,'2014-09-01','2015-08-31','2012-09-01'),(1,57,19980.00,7150.00,0.00,'2014-09-01','2015-08-31','2012-09-01'),(4,57,19980.00,7150.00,7270.00,'2014-09-01','2015-08-31','2012-09-01'),(6,50,17100.00,6750.00,5610.00,'2014-09-01','2015-08-31','2012-09-01'),(5,50,16760.00,6750.00,5900.00,'2014-09-01','2015-08-31','2012-09-01'),(2,50,16760.00,6750.00,0.00,'2014-09-01','2015-08-31','2012-09-01'),(10,50,17460.00,6750.00,6310.00,'2014-09-01','2015-08-31','2012-09-01'),(1,50,14310.00,6750.00,0.00,'2014-09-01','2015-08-31','2012-09-01'),(4,50,14310.00,6750.00,4790.00,'2014-09-01','2015-08-31','2012-09-01'),(6,51,19590.00,6750.00,6900.00,'2014-09-01','2015-08-31','2012-09-01'),(5,51,19210.00,6750.00,7290.00,'2014-09-01','2015-08-31','2012-09-01'),(2,51,19210.00,6750.00,0.00,'2014-09-01','2015-08-31','2012-09-01'),(10,51,20070.00,6750.00,7790.00,'2014-09-01','2015-08-31','2012-09-01'),(1,51,15910.00,6750.00,0.00,'2014-09-01','2015-08-31','2012-09-01'),(4,51,15910.00,6750.00,5790.00,'2014-09-01','2015-08-31','2012-09-01'),(6,53,26320.00,11930.00,7530.00,'2014-09-01','2015-08-31','2012-09-01'),(5,53,25900.00,11930.00,7110.00,'2014-09-01','2015-08-31','2012-09-01'),(2,53,25900.00,11930.00,0.00,'2014-09-01','2015-08-31','2012-09-01'),(10,53,26960.00,11930.00,7650.00,'2014-09-01','2015-08-31','2012-09-01'),(1,53,22910.00,11930.00,0.00,'2014-09-01','2015-08-31','2012-09-01'),(4,53,22910.00,11930.00,5900.00,'2014-09-01','2015-08-31','2012-09-01'),(6,54,29960.00,11930.00,9680.00,'2014-09-01','2015-08-31','2012-09-01'),(5,54,29420.00,11930.00,9160.00,'2014-09-01','2015-08-31','2012-09-01'),(2,54,29420.00,11930.00,0.00,'2014-09-01','2015-08-31','2012-09-01'),(10,54,30480.00,11930.00,9710.00,'2014-09-01','2015-08-31','2012-09-01'),(1,54,24720.00,11930.00,0.00,'2014-09-01','2015-08-31','2012-09-01'),(4,54,24720.00,11930.00,7250.00,'2014-09-01','2015-08-31','2012-09-01'),(6,61,26320.00,11930.00,7530.00,'2014-09-01','2015-08-31','2012-09-01'),(5,61,25900.00,11930.00,7110.00,'2014-09-01','2015-08-31','2012-09-01'),(2,61,25900.00,11930.00,0.00,'2014-09-01','2015-08-31','2012-09-01'),(10,61,25900.00,11930.00,7110.00,'2014-09-01','2015-08-31','2012-09-01'),(1,61,22910.00,11930.00,0.00,'2014-09-01','2015-08-31','2012-09-01'),(4,61,22910.00,11930.00,5900.00,'2014-09-01','2015-08-31','2012-09-01'),(6,17,17100.00,6750.00,5610.00,'2014-09-01','2015-08-31','2012-09-01'),(5,17,16760.00,6750.00,5900.00,'2014-09-01','2015-08-31','2012-09-01'),(2,17,16760.00,6750.00,0.00,'2014-09-01','2015-08-31','2012-09-01'),(3,17,20380.00,6750.00,0.00,'2014-09-01','2015-08-31','2012-09-01'),(10,17,16760.00,6750.00,5900.00,'2014-09-01','2015-08-31','2012-09-01'),(1,17,14310.00,6750.00,0.00,'2014-09-01','2015-08-31','2012-09-01'),(4,17,14310.00,6750.00,4790.00,'2014-09-01','2015-08-31','2012-09-01'),(6,4,24830.00,11930.00,6900.00,'2014-09-01','2015-08-31','2012-09-01'),(5,4,24400.00,11930.00,6500.00,'2014-09-01','2015-08-31','2012-09-01'),(2,4,24400.00,11930.00,0.00,'2014-09-01','2015-08-31','2012-09-01'),(3,4,27100.00,11930.00,0.00,'2014-09-01','2015-08-31','2012-09-01'),(10,4,24400.00,11930.00,6500.00,'2014-09-01','2015-08-31','2012-09-01'),(1,4,20890.00,11930.00,0.00,'2014-09-01','2015-08-31','2012-09-01'),(4,4,20890.00,11930.00,5080.00,'2014-09-01','2015-08-31','2012-09-01'),(6,14,17100.00,6750.00,5610.00,'2014-09-01','2015-08-31','2012-09-01'),(6,21,17100.00,6750.00,5610.00,'2014-09-01','2015-08-31','2012-09-01'),(5,14,16760.00,6750.00,5900.00,'2014-09-01','2015-08-31','2012-09-01'),(5,21,16760.00,6750.00,5900.00,'2014-09-01','2015-08-31','2012-09-01'),(2,14,16760.00,6750.00,0.00,'2014-09-01','2015-08-31','2012-09-01'),(2,21,16760.00,6750.00,0.00,'2014-09-01','2015-08-31','2012-09-01'),(3,14,20380.00,6750.00,0.00,'2014-09-01','2015-08-31','2012-09-01'),(3,21,20380.00,6750.00,0.00,'2014-09-01','2015-08-31','2012-09-01'),(10,14,16760.00,6750.00,5900.00,'2014-09-01','2015-08-31','2012-09-01'),(10,21,16760.00,6750.00,5900.00,'2014-09-01','2015-08-31','2012-09-01'),(1,14,14310.00,6750.00,0.00,'2014-09-01','2015-08-31','2012-09-01'),(1,21,14310.00,6750.00,0.00,'2014-09-01','2015-08-31','2012-09-01'),(4,14,14310.00,6750.00,4790.00,'2014-09-01','2015-08-31','2012-09-01'),(4,21,14310.00,6750.00,4790.00,'2014-09-01','2015-08-31','2012-09-01'),(6,11,17100.00,6750.00,5610.00,'2014-09-01','2015-08-31','2012-09-01'),(6,20,17100.00,6750.00,5610.00,'2014-09-01','2015-08-31','2012-09-01'),(5,11,16760.00,6750.00,5900.00,'2014-09-01','2015-08-31','2012-09-01'),(5,20,16760.00,6750.00,5900.00,'2014-09-01','2015-08-31','2012-09-01'),(2,11,16760.00,6750.00,0.00,'2014-09-01','2015-08-31','2012-09-01'),(2,20,16760.00,6750.00,0.00,'2014-09-01','2015-08-31','2012-09-01'),(3,11,20380.00,6750.00,0.00,'2014-09-01','2015-08-31','2012-09-01'),(3,20,20380.00,6750.00,0.00,'2014-09-01','2015-08-31','2012-09-01'),(10,11,16760.00,6750.00,5900.00,'2014-09-01','2015-08-31','2012-09-01'),(10,20,16760.00,6750.00,5900.00,'2014-09-01','2015-08-31','2012-09-01'),(1,11,14310.00,6750.00,0.00,'2014-09-01','2015-08-31','2012-09-01'),(1,20,14310.00,6750.00,0.00,'2014-09-01','2015-08-31','2012-09-01'),(4,11,14310.00,6750.00,4790.00,'2014-09-01','2015-08-31','2012-09-01'),(4,20,14310.00,6750.00,4790.00,'2014-09-01','2015-08-31','2012-09-01'),(6,1,21560.00,7150.00,7520.00,'2014-09-01','2015-08-31','2012-09-01'),(5,1,21150.00,7150.00,7120.00,'2014-09-01','2015-08-31','2012-09-01'),(2,1,21150.00,7150.00,0.00,'2014-09-01','2015-08-31','2012-09-01'),(3,1,27100.00,7150.00,0.00,'2014-09-01','2015-08-31','2012-09-01'),(10,1,21150.00,7150.00,7120.00,'2014-09-01','2015-08-31','2012-09-01'),(1,1,18170.00,7150.00,0.00,'2014-09-01','2015-08-31','2012-09-01'),(4,1,18170.00,7150.00,5930.00,'2014-09-01','2015-08-31','2012-09-01'),(6,3,21560.00,7150.00,7520.00,'2014-09-01','2015-08-31','2012-09-01'),(5,3,21150.00,7150.00,7120.00,'2014-09-01','2015-08-31','2012-09-01'),(2,3,21150.00,7150.00,0.00,'2014-09-01','2015-08-31','2012-09-01'),(3,3,27100.00,7150.00,0.00,'2014-09-01','2015-08-31','2012-09-01'),(10,3,21150.00,7150.00,7120.00,'2014-09-01','2015-08-31','2012-09-01'),(1,3,18170.00,7150.00,0.00,'2014-09-01','2015-08-31','2012-09-01'),(4,3,18170.00,7150.00,5930.00,'2014-09-01','2015-08-31','2012-09-01'),(6,8,17100.00,6750.00,5610.00,'2014-09-01','2015-08-31','2012-09-01'),(6,22,17100.00,6750.00,5610.00,'2014-09-01','2015-08-31','2012-09-01'),(5,8,16760.00,6750.00,5900.00,'2014-09-01','2015-08-31','2012-09-01'),(5,22,16760.00,6750.00,5900.00,'2014-09-01','2015-08-31','2012-09-01'),(2,8,16760.00,6750.00,0.00,'2014-09-01','2015-08-31','2012-09-01'),(2,22,16760.00,6750.00,0.00,'2014-09-01','2015-08-31','2012-09-01'),(3,8,20380.00,6750.00,0.00,'2014-09-01','2015-08-31','2012-09-01'),(3,22,20380.00,6750.00,0.00,'2014-09-01','2015-08-31','2012-09-01'),(10,8,16760.00,6750.00,5900.00,'2014-09-01','2015-08-31','2012-09-01'),(10,22,16760.00,6750.00,5900.00,'2014-09-01','2015-08-31','2012-09-01'),(1,8,14310.00,6750.00,0.00,'2014-09-01','2015-08-31','2012-09-01'),(1,22,14310.00,6750.00,0.00,'2014-09-01','2015-08-31','2012-09-01'),(4,8,14310.00,6750.00,4790.00,'2014-09-01','2015-08-31','2012-09-01'),(4,22,14310.00,6750.00,4790.00,'2014-09-01','2015-08-31','2012-09-01'),(6,45,24830.00,11930.00,6900.00,'2014-09-01','2015-08-31','2013-09-01'),(5,45,24400.00,11930.00,6500.00,'2014-09-01','2015-08-31','2013-09-01'),(2,45,24400.00,11930.00,0.00,'2014-09-01','2015-08-31','2013-09-01'),(3,45,27100.00,11930.00,0.00,'2014-09-01','2015-08-31','2013-09-01'),(10,45,25460.00,11930.00,7050.00,'2014-09-01','2015-08-31','2013-09-01'),(1,45,20890.00,11930.00,0.00,'2014-09-01','2015-08-31','2013-09-01'),(4,45,20890.00,11930.00,5080.00,'2014-09-01','2015-08-31','2013-09-01'),(6,46,29850.00,11930.00,9640.00,'2014-09-01','2015-08-31','2013-09-01'),(5,46,29300.00,11930.00,9100.00,'2014-09-01','2015-08-31','2013-09-01'),(2,46,29300.00,11930.00,0.00,'2014-09-01','2015-08-31','2013-09-01'),(10,46,30360.00,11930.00,9660.00,'2014-09-01','2015-08-31','2013-09-01'),(1,46,24720.00,11930.00,0.00,'2014-09-01','2015-08-31','2013-09-01'),(4,46,24720.00,11930.00,7250.00,'2014-09-01','2015-08-31','2013-09-01'),(6,47,17100.00,6750.00,5610.00,'2014-09-01','2015-08-31','2013-09-01'),(5,47,16760.00,6750.00,5900.00,'2014-09-01','2015-08-31','2013-09-01'),(2,47,16760.00,6750.00,0.00,'2014-09-01','2015-08-31','2013-09-01'),(3,47,20380.00,6750.00,0.00,'2014-09-01','2015-08-31','2013-09-01'),(10,47,17830.00,6750.00,6530.00,'2014-09-01','2015-08-31','2013-09-01'),(1,47,14310.00,6750.00,0.00,'2014-09-01','2015-08-31','2013-09-01'),(4,47,14310.00,6750.00,4790.00,'2014-09-01','2015-08-31','2013-09-01'),(6,48,19590.00,6750.00,6900.00,'2014-09-01','2015-08-31','2013-09-01'),(5,48,19210.00,6750.00,7290.00,'2014-09-01','2015-08-31','2013-09-01'),(2,48,19210.00,6750.00,0.00,'2014-09-01','2015-08-31','2013-09-01'),(10,48,20280.00,6750.00,7920.00,'2014-09-01','2015-08-31','2013-09-01'),(1,48,15910.00,6750.00,0.00,'2014-09-01','2015-08-31','2013-09-01'),(4,48,15910.00,6750.00,5790.00,'2014-09-01','2015-08-31','2013-09-01'),(6,59,18370.00,6750.00,6260.00,'2014-09-01','2015-08-31','2013-09-01'),(5,59,18040.00,6750.00,6630.00,'2014-09-01','2015-08-31','2013-09-01'),(2,59,18040.00,6750.00,0.00,'2014-09-01','2015-08-31','2013-09-01'),(10,59,19110.00,6750.00,7260.00,'2014-09-01','2015-08-31','2013-09-01'),(1,59,15160.00,6750.00,0.00,'2014-09-01','2015-08-31','2013-09-01'),(4,59,15160.00,6750.00,5330.00,'2014-09-01','2015-08-31','2013-09-01'),(6,58,21560.00,7150.00,7520.00,'2014-09-01','2015-08-31','2013-09-01'),(5,58,21150.00,7150.00,7120.00,'2014-09-01','2015-08-31','2013-09-01'),(2,58,21150.00,7150.00,0.00,'2014-09-01','2015-08-31','2013-09-01'),(3,58,27100.00,7150.00,0.00,'2014-09-01','2015-08-31','2013-09-01'),(10,58,22220.00,7150.00,7680.00,'2014-09-01','2015-08-31','2013-09-01'),(1,58,18170.00,7150.00,0.00,'2014-09-01','2015-08-31','2013-09-01'),(4,58,18170.00,7150.00,5930.00,'2014-09-01','2015-08-31','2013-09-01'),(6,60,18370.00,6750.00,6260.00,'2014-09-01','2015-08-31','2013-09-01'),(5,60,18040.00,6750.00,6630.00,'2014-09-01','2015-08-31','2013-09-01'),(2,60,18040.00,6750.00,0.00,'2014-09-01','2015-08-31','2013-09-01'),(10,60,19110.00,6750.00,7260.00,'2014-09-01','2015-08-31','2013-09-01'),(1,60,15160.00,6750.00,0.00,'2014-09-01','2015-08-31','2013-09-01'),(4,60,15160.00,6750.00,5330.00,'2014-09-01','2015-08-31','2013-09-01'),(6,56,21560.00,7150.00,7520.00,'2014-09-01','2015-08-31','2013-09-01'),(5,56,21150.00,7150.00,7120.00,'2014-09-01','2015-08-31','2013-09-01'),(2,56,21150.00,7150.00,0.00,'2014-09-01','2015-08-31','2013-09-01'),(3,56,27100.00,7150.00,0.00,'2014-09-01','2015-08-31','2013-09-01'),(10,56,21150.00,7150.00,7120.00,'2014-09-01','2015-08-31','2013-09-01'),(1,56,18170.00,7150.00,0.00,'2014-09-01','2015-08-31','2013-09-01'),(4,56,18170.00,7150.00,5930.00,'2014-09-01','2015-08-31','2013-09-01'),(6,57,25180.00,7150.00,9670.00,'2014-09-01','2015-08-31','2013-09-01'),(5,57,24670.00,7150.00,9170.00,'2014-09-01','2015-08-31','2013-09-01'),(2,57,24670.00,7150.00,0.00,'2014-09-01','2015-08-31','2013-09-01'),(10,57,24670.00,7150.00,9170.00,'2014-09-01','2015-08-31','2013-09-01'),(1,57,19980.00,7150.00,0.00,'2014-09-01','2015-08-31','2013-09-01'),(4,57,19980.00,7150.00,7270.00,'2014-09-01','2015-08-31','2013-09-01'),(6,50,17100.00,6750.00,5610.00,'2014-09-01','2015-08-31','2013-09-01'),(5,50,16760.00,6750.00,5900.00,'2014-09-01','2015-08-31','2013-09-01'),(2,50,16760.00,6750.00,0.00,'2014-09-01','2015-08-31','2013-09-01'),(10,50,17830.00,6750.00,6530.00,'2014-09-01','2015-08-31','2013-09-01'),(1,50,14310.00,6750.00,0.00,'2014-09-01','2015-08-31','2013-09-01'),(4,50,14310.00,6750.00,4790.00,'2014-09-01','2015-08-31','2013-09-01'),(6,51,19590.00,6750.00,6900.00,'2014-09-01','2015-08-31','2013-09-01'),(5,51,19210.00,6750.00,7290.00,'2014-09-01','2015-08-31','2013-09-01'),(2,51,19210.00,6750.00,0.00,'2014-09-01','2015-08-31','2013-09-01'),(10,51,20280.00,6750.00,7920.00,'2014-09-01','2015-08-31','2013-09-01'),(1,51,15910.00,6750.00,0.00,'2014-09-01','2015-08-31','2013-09-01'),(4,51,15910.00,6750.00,5790.00,'2014-09-01','2015-08-31','2013-09-01'),(6,53,26320.00,11930.00,7530.00,'2014-09-01','2015-08-31','2013-09-01'),(5,53,25900.00,11930.00,7110.00,'2014-09-01','2015-08-31','2013-09-01'),(2,53,25900.00,11930.00,0.00,'2014-09-01','2015-08-31','2013-09-01'),(10,53,26960.00,11930.00,7650.00,'2014-09-01','2015-08-31','2013-09-01'),(1,53,22910.00,11930.00,0.00,'2014-09-01','2015-08-31','2013-09-01'),(4,53,22910.00,11930.00,5900.00,'2014-09-01','2015-08-31','2013-09-01'),(6,54,29960.00,11930.00,9680.00,'2014-09-01','2015-08-31','2013-09-01'),(5,54,29420.00,11930.00,9160.00,'2014-09-01','2015-08-31','2013-09-01'),(2,54,29420.00,11930.00,0.00,'2014-09-01','2015-08-31','2013-09-01'),(10,54,30480.00,11930.00,9710.00,'2014-09-01','2015-08-31','2013-09-01'),(1,54,24720.00,11930.00,0.00,'2014-09-01','2015-08-31','2013-09-01'),(4,54,24720.00,11930.00,7250.00,'2014-09-01','2015-08-31','2013-09-01'),(6,61,26320.00,11930.00,7530.00,'2014-09-01','2015-08-31','2013-09-01'),(5,61,25900.00,11930.00,7110.00,'2014-09-01','2015-08-31','2013-09-01'),(2,61,25900.00,11930.00,0.00,'2014-09-01','2015-08-31','2013-09-01'),(10,61,25900.00,11930.00,7110.00,'2014-09-01','2015-08-31','2013-09-01'),(1,61,22910.00,11930.00,0.00,'2014-09-01','2015-08-31','2013-09-01'),(4,61,22910.00,11930.00,5900.00,'2014-09-01','2015-08-31','2013-09-01'),(6,17,17100.00,6750.00,5610.00,'2014-09-01','2015-08-31','2013-09-01'),(5,17,16760.00,6750.00,5900.00,'2014-09-01','2015-08-31','2013-09-01'),(2,17,16760.00,6750.00,0.00,'2014-09-01','2015-08-31','2013-09-01'),(3,17,20380.00,6750.00,0.00,'2014-09-01','2015-08-31','2013-09-01'),(10,17,16760.00,6750.00,5900.00,'2014-09-01','2015-08-31','2013-09-01'),(1,17,14310.00,6750.00,0.00,'2014-09-01','2015-08-31','2013-09-01'),(4,17,14310.00,6750.00,4790.00,'2014-09-01','2015-08-31','2013-09-01'),(6,4,24830.00,11930.00,6900.00,'2014-09-01','2015-08-31','2013-09-01'),(5,4,24400.00,11930.00,6500.00,'2014-09-01','2015-08-31','2013-09-01'),(2,4,24400.00,11930.00,0.00,'2014-09-01','2015-08-31','2013-09-01'),(3,4,27100.00,11930.00,0.00,'2014-09-01','2015-08-31','2013-09-01'),(10,4,24400.00,11930.00,6500.00,'2014-09-01','2015-08-31','2013-09-01'),(1,4,20890.00,11930.00,0.00,'2014-09-01','2015-08-31','2013-09-01'),(4,4,20890.00,11930.00,5080.00,'2014-09-01','2015-08-31','2013-09-01'),(6,14,17100.00,6750.00,5610.00,'2014-09-01','2015-08-31','2013-09-01'),(6,21,17100.00,6750.00,5610.00,'2014-09-01','2015-08-31','2013-09-01'),(5,14,16760.00,6750.00,5900.00,'2014-09-01','2015-08-31','2013-09-01'),(5,21,16760.00,6750.00,5900.00,'2014-09-01','2015-08-31','2013-09-01'),(2,14,16760.00,6750.00,0.00,'2014-09-01','2015-08-31','2013-09-01'),(2,21,16760.00,6750.00,0.00,'2014-09-01','2015-08-31','2013-09-01'),(3,14,20380.00,6750.00,0.00,'2014-09-01','2015-08-31','2013-09-01'),(3,21,20380.00,6750.00,0.00,'2014-09-01','2015-08-31','2013-09-01'),(10,14,16760.00,6750.00,5900.00,'2014-09-01','2015-08-31','2013-09-01'),(10,21,16760.00,6750.00,5900.00,'2014-09-01','2015-08-31','2013-09-01'),(1,14,14310.00,6750.00,0.00,'2014-09-01','2015-08-31','2013-09-01'),(1,21,14310.00,6750.00,0.00,'2014-09-01','2015-08-31','2013-09-01'),(4,14,14310.00,6750.00,4790.00,'2014-09-01','2015-08-31','2013-09-01'),(4,21,14310.00,6750.00,4790.00,'2014-09-01','2015-08-31','2013-09-01'),(6,11,17100.00,6750.00,5610.00,'2014-09-01','2015-08-31','2013-09-01'),(6,20,17100.00,6750.00,5610.00,'2014-09-01','2015-08-31','2013-09-01'),(5,11,16760.00,6750.00,5900.00,'2014-09-01','2015-08-31','2013-09-01'),(5,20,16760.00,6750.00,5900.00,'2014-09-01','2015-08-31','2013-09-01'),(2,11,16760.00,6750.00,0.00,'2014-09-01','2015-08-31','2013-09-01'),(2,20,16760.00,6750.00,0.00,'2014-09-01','2015-08-31','2013-09-01'),(3,11,20380.00,6750.00,0.00,'2014-09-01','2015-08-31','2013-09-01'),(3,20,20380.00,6750.00,0.00,'2014-09-01','2015-08-31','2013-09-01'),(10,11,16760.00,6750.00,5900.00,'2014-09-01','2015-08-31','2013-09-01'),(10,20,16760.00,6750.00,5900.00,'2014-09-01','2015-08-31','2013-09-01'),(1,11,14310.00,6750.00,0.00,'2014-09-01','2015-08-31','2013-09-01'),(1,20,14310.00,6750.00,0.00,'2014-09-01','2015-08-31','2013-09-01'),(4,11,14310.00,6750.00,4790.00,'2014-09-01','2015-08-31','2013-09-01'),(4,20,14310.00,6750.00,4790.00,'2014-09-01','2015-08-31','2013-09-01'),(6,1,21560.00,7150.00,7520.00,'2014-09-01','2015-08-31','2013-09-01'),(5,1,21150.00,7150.00,7120.00,'2014-09-01','2015-08-31','2013-09-01'),(2,1,21150.00,7150.00,0.00,'2014-09-01','2015-08-31','2013-09-01'),(3,1,27100.00,7150.00,0.00,'2014-09-01','2015-08-31','2013-09-01'),(10,1,21150.00,7150.00,7120.00,'2014-09-01','2015-08-31','2013-09-01'),(1,1,18170.00,7150.00,0.00,'2014-09-01','2015-08-31','2013-09-01'),(4,1,18170.00,7150.00,5930.00,'2014-09-01','2015-08-31','2013-09-01'),(6,3,21560.00,7150.00,7520.00,'2014-09-01','2015-08-31','2013-09-01'),(5,3,21150.00,7150.00,7120.00,'2014-09-01','2015-08-31','2013-09-01'),(2,3,21150.00,7150.00,0.00,'2014-09-01','2015-08-31','2013-09-01'),(3,3,27100.00,7150.00,0.00,'2014-09-01','2015-08-31','2013-09-01'),(10,3,21150.00,7150.00,7120.00,'2014-09-01','2015-08-31','2013-09-01'),(1,3,18170.00,7150.00,0.00,'2014-09-01','2015-08-31','2013-09-01'),(4,3,18170.00,7150.00,5930.00,'2014-09-01','2015-08-31','2013-09-01'),(6,8,17100.00,6750.00,5610.00,'2014-09-01','2015-08-31','2013-09-01'),(6,22,17100.00,6750.00,5610.00,'2014-09-01','2015-08-31','2013-09-01'),(5,8,16760.00,6750.00,5900.00,'2014-09-01','2015-08-31','2013-09-01'),(5,22,16760.00,6750.00,5900.00,'2014-09-01','2015-08-31','2013-09-01'),(2,8,16760.00,6750.00,0.00,'2014-09-01','2015-08-31','2013-09-01'),(2,22,16760.00,6750.00,0.00,'2014-09-01','2015-08-31','2013-09-01'),(3,8,20380.00,6750.00,0.00,'2014-09-01','2015-08-31','2013-09-01'),(3,22,20380.00,6750.00,0.00,'2014-09-01','2015-08-31','2013-09-01'),(10,8,16760.00,6750.00,5900.00,'2014-09-01','2015-08-31','2013-09-01'),(10,22,16760.00,6750.00,5900.00,'2014-09-01','2015-08-31','2013-09-01'),(1,8,14310.00,6750.00,0.00,'2014-09-01','2015-08-31','2013-09-01'),(1,22,14310.00,6750.00,0.00,'2014-09-01','2015-08-31','2013-09-01'),(4,8,14310.00,6750.00,4790.00,'2014-09-01','2015-08-31','2013-09-01'),(4,22,14310.00,6750.00,4790.00,'2014-09-01','2015-08-31','2013-09-01'),(6,45,25000.00,11940.00,6960.00,'2014-09-01','2015-08-31','2014-09-01'),(5,45,24600.00,11940.00,6580.00,'2014-09-01','2015-08-31','2014-09-01'),(2,45,24600.00,11940.00,0.00,'2014-09-01','2015-08-31','2014-09-01'),(3,45,27300.00,11940.00,0.00,'2014-09-01','2015-08-31','2014-09-01'),(10,45,25600.00,11940.00,7110.00,'2014-09-01','2015-08-31','2014-09-01'),(1,45,21000.00,11940.00,0.00,'2014-09-01','2015-08-31','2014-09-01'),(4,45,21000.00,11940.00,5140.00,'2014-09-01','2015-08-31','2014-09-01'),(6,47,17240.00,6750.00,5680.00,'2014-09-01','2015-08-31','2014-09-01'),(5,47,16900.00,6750.00,5960.00,'2014-09-01','2015-08-31','2014-09-01'),(2,47,16900.00,6750.00,0.00,'2014-09-01','2015-08-31','2014-09-01'),(3,47,20500.00,6750.00,0.00,'2014-09-01','2015-08-31','2014-09-01'),(10,47,17900.00,6750.00,6350.00,'2014-09-01','2015-08-31','2014-09-01'),(1,47,14360.00,6750.00,0.00,'2014-09-01','2015-08-31','2014-09-01'),(4,47,14360.00,6750.00,4800.00,'2014-09-01','2015-08-31','2014-09-01'),(6,48,19740.00,6750.00,6980.00,'2014-09-01','2015-08-31','2014-09-01'),(5,48,19360.00,6750.00,7400.00,'2014-09-01','2015-08-31','2014-09-01'),(2,48,19360.00,6750.00,0.00,'2014-09-01','2015-08-31','2014-09-01'),(10,48,20380.00,6750.00,8000.00,'2014-09-01','2015-08-31','2014-09-01'),(1,48,16000.00,6750.00,0.00,'2014-09-01','2015-08-31','2014-09-01'),(4,48,16000.00,6750.00,5840.00,'2014-09-01','2015-08-31','2014-09-01'),(6,58,21700.00,7150.00,7600.00,'2014-09-01','2015-08-31','2014-09-01'),(5,58,21300.00,7150.00,7200.00,'2014-09-01','2015-08-31','2014-09-01'),(2,58,21300.00,7150.00,0.00,'2014-09-01','2015-08-31','2014-09-01'),(3,58,27200.00,7150.00,0.00,'2014-09-01','2015-08-31','2014-09-01'),(10,58,22300.00,7150.00,7700.00,'2014-09-01','2015-08-31','2014-09-01'),(1,58,18300.00,7150.00,0.00,'2014-09-01','2015-08-31','2014-09-01'),(4,58,18300.00,7150.00,9560.00,'2014-09-01','2015-08-31','2014-09-01'),(6,60,18500.00,6750.00,6320.00,'2014-09-01','2015-08-31','2014-09-01'),(5,60,18200.00,6750.00,6700.00,'2014-09-01','2015-08-31','2014-09-01'),(2,60,18200.00,6750.00,0.00,'2014-09-01','2015-08-31','2014-09-01'),(10,60,19200.00,6750.00,7270.00,'2014-09-01','2015-08-31','2014-09-01'),(1,60,15200.00,6750.00,0.00,'2014-09-01','2015-08-31','2014-09-01'),(4,60,15200.00,6750.00,5350.00,'2014-09-01','2015-08-31','2014-09-01'),(6,50,17240.00,6750.00,5680.00,'2014-09-01','2015-08-31','2014-09-01'),(5,50,16900.00,6750.00,5960.00,'2014-09-01','2015-08-31','2014-09-01'),(2,50,16900.00,6750.00,0.00,'2014-09-01','2015-08-31','2014-09-01'),(3,50,20500.00,6750.00,0.00,'2014-09-01','2015-08-31','2014-09-01'),(10,50,17900.00,6750.00,6350.00,'2014-09-01','2015-08-31','2014-09-01'),(1,50,14360.00,6750.00,0.00,'2014-09-01','2015-08-31','2014-09-01'),(4,50,14360.00,6750.00,4800.00,'2014-09-01','2015-08-31','2014-09-01'),(6,51,19740.00,6750.00,6980.00,'2014-09-01','2015-08-31','2014-09-01'),(5,51,19360.00,6750.00,7400.00,'2014-09-01','2015-08-31','2014-09-01'),(2,51,19360.00,6750.00,0.00,'2014-09-01','2015-08-31','2014-09-01'),(10,51,20380.00,6750.00,8000.00,'2014-09-01','2015-08-31','2014-09-01'),(1,51,16000.00,6750.00,0.00,'2014-09-01','2015-08-31','2014-09-01'),(4,51,16000.00,6750.00,5840.00,'2014-09-01','2015-08-31','2014-09-01'),(6,53,26500.00,11940.00,7590.00,'2014-09-01','2015-08-31','2014-09-01'),(5,53,26100.00,11940.00,7190.00,'2014-09-01','2015-08-31','2014-09-01'),(2,53,26100.00,11940.00,0.00,'2014-09-01','2015-08-31','2014-09-01'),(10,53,27100.00,11940.00,7700.00,'2014-09-01','2015-08-31','2014-09-01'),(1,53,23000.00,11940.00,0.00,'2014-09-01','2015-08-31','2014-09-01'),(4,53,23000.00,11940.00,5940.00,'2014-09-01','2015-08-31','2014-09-01'),(6,61,26500.00,11940.00,7590.00,'2014-09-01','2015-08-31','2014-09-01'),(5,61,26100.00,11940.00,7190.00,'2014-09-01','2015-08-31','2014-09-01'),(2,61,26100.00,11940.00,0.00,'2014-09-01','2015-08-31','2014-09-01'),(10,61,27100.00,11940.00,7700.00,'2014-09-01','2015-08-31','2014-09-01'),(1,61,23000.00,11940.00,0.00,'2014-09-01','2015-08-31','2014-09-01'),(4,61,23000.00,11940.00,5940.00,'2014-09-01','2015-08-31','2014-09-01'),(6,19,15020.00,3650.00,5990.00,'2014-09-01','2015-08-31','0000-00-00'),(5,19,15020.00,3650.00,6690.00,'2014-09-01','2015-08-31','0000-00-00'),(2,19,15020.00,3650.00,0.00,'2014-09-01','2015-08-31','0000-00-00'),(3,19,20400.00,3650.00,0.00,'2014-09-01','2015-08-31','0000-00-00'),(1,19,12150.00,3650.00,0.00,'2014-09-01','2015-08-31','0000-00-00'),(4,19,12150.00,3650.00,5390.00,'2014-09-01','2015-08-31','0000-00-00'),(6,19,17100.00,6750.00,5610.00,'2014-09-01','2015-08-31','2012-09-01'),(5,19,16760.00,6750.00,5900.00,'2014-09-01','2015-08-31','2012-09-01'),(2,19,16760.00,6750.00,0.00,'2014-09-01','2015-08-31','2012-09-01'),(3,19,20380.00,6750.00,0.00,'2014-09-01','2015-08-31','2012-09-01'),(10,19,16760.00,6750.00,5900.00,'2014-09-01','2015-08-31','2012-09-01'),(1,19,14310.00,6750.00,0.00,'2014-09-01','2015-08-31','2012-09-01'),(4,19,14310.00,6750.00,4790.00,'2014-09-01','2015-08-31','2012-09-01'),(6,19,17100.00,6750.00,5610.00,'2014-09-01','2015-08-31','2013-09-01'),(5,19,16760.00,6750.00,5900.00,'2014-09-01','2015-08-31','2013-09-01'),(2,19,16760.00,6750.00,0.00,'2014-09-01','2015-08-31','2013-09-01'),(3,19,20380.00,6750.00,0.00,'2014-09-01','2015-08-31','2013-09-01'),(10,19,16760.00,6750.00,5900.00,'2014-09-01','2015-08-31','2013-09-01'),(1,19,14310.00,6750.00,0.00,'2014-09-01','2015-08-31','2013-09-01'),(4,19,14310.00,6750.00,4790.00,'2014-09-01','2015-08-31','2013-09-01'),(6,45,25000.00,10950.00,6960.00,'2014-09-01','2015-08-31','2014-09-02'),(5,45,24600.00,10950.00,6580.00,'2014-09-01','2015-08-31','2014-09-02'),(2,45,24600.00,10950.00,0.00,'2014-09-01','2015-08-31','2014-09-02'),(3,45,27300.00,11950.00,0.00,'2014-09-01','2015-08-31','2014-09-02'),(10,45,25600.00,10950.00,7110.00,'2014-09-01','2015-08-31','2014-09-02'),(1,45,22000.00,10950.00,0.00,'2014-09-01','2015-08-31','2014-09-02'),(4,45,22000.00,10950.00,5950.00,'2014-09-01','2015-08-31','2014-09-02'),(6,47,18500.00,10890.00,4800.00,'2014-09-01','2015-08-31','2014-09-02'),(5,47,18500.00,10890.00,4800.00,'2014-09-01','2015-08-31','2014-09-02'),(2,47,18500.00,10890.00,0.00,'2014-09-01','2015-08-31','2014-09-02'),(3,47,20500.00,6750.00,0.00,'2014-09-01','2015-08-31','2014-09-02'),(10,47,18500.00,10890.00,4800.00,'2014-09-01','2015-08-31','2014-09-02'),(1,47,18500.00,10890.00,0.00,'2014-09-01','2015-08-31','2014-09-02'),(4,47,18500.00,10890.00,4800.00,'2014-09-01','2015-08-31','2014-09-02'),(6,48,19740.00,6750.00,6980.00,'2014-09-01','2015-08-31','2014-09-02'),(5,48,19360.00,6750.00,7400.00,'2014-09-01','2015-08-31','2014-09-02'),(2,48,19360.00,6750.00,0.00,'2014-09-01','2015-08-31','2014-09-02'),(10,48,20380.00,6750.00,8000.00,'2014-09-01','2015-08-31','2014-09-02'),(1,48,16000.00,6750.00,0.00,'2014-09-01','2015-08-31','2014-09-02'),(4,48,16000.00,6750.00,5840.00,'2014-09-01','2015-08-31','2014-09-02'),(6,58,22000.00,10950.00,5950.00,'2014-09-01','2015-08-31','2014-09-02'),(5,58,22000.00,10950.00,5950.00,'2014-09-01','2015-08-31','2014-09-02'),(2,58,22000.00,10950.00,0.00,'2014-09-01','2015-08-31','2014-09-02'),(3,58,27200.00,7150.00,0.00,'2014-09-01','2015-08-31','2014-09-02'),(10,58,22300.00,10950.00,6000.00,'2014-09-01','2015-08-31','2014-09-02'),(1,58,22000.00,10950.00,0.00,'2014-09-01','2015-08-31','2014-09-02'),(4,58,22000.00,10950.00,5950.00,'2014-09-01','2015-08-31','2014-09-02'),(6,60,18500.00,10890.00,4800.00,'2014-09-01','2015-08-31','2014-09-02'),(5,60,18500.00,10890.00,4800.00,'2014-09-01','2015-08-31','2014-09-02'),(2,60,18500.00,10890.00,0.00,'2014-09-01','2015-08-31','2014-09-02'),(10,60,19200.00,10890.00,5150.00,'2014-09-01','2015-08-31','2014-09-02'),(1,60,18500.00,10890.00,0.00,'2014-09-01','2015-08-31','2014-09-02'),(4,60,18500.00,10890.00,4800.00,'2014-09-01','2015-08-31','2014-09-02'),(6,50,18500.00,10890.00,4800.00,'2014-09-01','2015-08-31','2014-09-02'),(5,50,18500.00,10890.00,4800.00,'2014-09-01','2015-08-31','2014-09-02'),(2,50,18500.00,10890.00,0.00,'2014-09-01','2015-08-31','2014-09-02'),(3,50,20500.00,6750.00,0.00,'2014-09-01','2015-08-31','2014-09-02'),(10,50,18500.00,10890.00,4800.00,'2014-09-01','2015-08-31','2014-09-02'),(1,50,18500.00,10890.00,0.00,'2014-09-01','2015-08-31','2014-09-02'),(4,50,18500.00,10890.00,4800.00,'2014-09-01','2015-08-31','2014-09-02'),(6,51,19740.00,6750.00,6980.00,'2014-09-01','2015-08-31','2014-09-02'),(5,51,19360.00,6750.00,7400.00,'2014-09-01','2015-08-31','2014-09-02'),(2,51,19360.00,6750.00,0.00,'2014-09-01','2015-08-31','2014-09-02'),(10,51,20380.00,6750.00,8000.00,'2014-09-01','2015-08-31','2014-09-02'),(1,51,16000.00,6750.00,0.00,'2014-09-01','2015-08-31','2014-09-02'),(4,51,16000.00,6750.00,5840.00,'2014-09-01','2015-08-31','2014-09-02'),(6,53,26500.00,11950.00,7590.00,'2014-09-01','2015-08-31','2014-09-02'),(5,53,26100.00,11950.00,7190.00,'2014-09-01','2015-08-31','2014-09-02'),(2,53,26100.00,11950.00,0.00,'2014-09-01','2015-08-31','2014-09-02'),(10,53,27100.00,11950.00,7700.00,'2014-09-01','2015-08-31','2014-09-02'),(1,53,23000.00,11950.00,0.00,'2014-09-01','2015-08-31','2014-09-02'),(4,53,23000.00,11950.00,5940.00,'2014-09-01','2015-08-31','2014-09-02'),(6,61,26500.00,11950.00,7590.00,'2014-09-01','2015-08-31','2014-09-02'),(5,61,26100.00,11950.00,7190.00,'2014-09-01','2015-08-31','2014-09-02'),(2,61,26100.00,11950.00,0.00,'2014-09-01','2015-08-31','2014-09-02'),(10,61,27100.00,11950.00,7700.00,'2014-09-01','2015-08-31','2014-09-02'),(1,61,23000.00,11950.00,0.00,'2014-09-01','2015-08-31','2014-09-02'),(4,61,23000.00,11950.00,5940.00,'2014-09-01','2015-08-31','2014-09-02'),(6,8,18500.00,10890.00,4800.00,'2014-09-01','2015-08-31','2014-09-02'),(6,22,18500.00,10890.00,4800.00,'2014-09-01','2015-08-31','2014-09-02'),(4,8,18500.00,10890.00,4800.00,'2014-09-01','2015-08-31','2014-09-02'),(4,22,18500.00,10890.00,4800.00,'2014-09-01','2015-08-31','2014-09-02');
/*!40000 ALTER TABLE `price` ENABLE KEYS */;
UNLOCK TABLES;

--
-- Table structure for table `price_groups`
--

DROP TABLE IF EXISTS `price_groups`;
/*!40101 SET @saved_cs_client     = @@character_set_client */;
/*!40101 SET character_set_client = utf8 */;
CREATE TABLE `price_groups` (
  `id` int(2) unsigned NOT NULL AUTO_INCREMENT,
  `name` varchar(50) NOT NULL,
  `university` int(2) DEFAULT NULL,
  PRIMARY KEY (`id`)
) ENGINE=InnoDB AUTO_INCREMENT=13 DEFAULT CHARSET=utf8 COMMENT='Группы регионов в тарифном соглашении';
/*!40101 SET character_set_client = @saved_cs_client */;

--
-- Dumping data for table `price_groups`
--

LOCK TABLES `price_groups` WRITE;
/*!40000 ALTER TABLE `price_groups` DISABLE KEYS */;
INSERT INTO `price_groups` VALUES (1,'Резидент',NULL),(2,'Москва',NULL),(3,'Не резидент',NULL),(4,'Россия',NULL),(5,'МО',NULL),(6,'Азербайджан',NULL),(7,'Астрахань',NULL),(8,'Вологда',NULL),(9,'Нальчик',NULL),(10,'П.Посад',NULL),(11,'Ростов-на-Дону',NULL),(12,'СПб',NULL);
/*!40000 ALTER TABLE `price_groups` ENABLE KEYS */;
UNLOCK TABLES;

--
-- Table structure for table `price_groups_remark`
--

DROP TABLE IF EXISTS `price_groups_remark`;
/*!40101 SET @saved_cs_client     = @@character_set_client */;
/*!40101 SET character_set_client = utf8 */;
CREATE TABLE `price_groups_remark` (
  `id` int(2) unsigned NOT NULL AUTO_INCREMENT COMMENT 'Идентификатор группы',
  `name` varchar(60) NOT NULL COMMENT 'Название группы',
  PRIMARY KEY (`id`)
) ENGINE=InnoDB AUTO_INCREMENT=10 DEFAULT CHARSET=utf8 COMMENT='Названия ценовых групп';
/*!40101 SET character_set_client = @saved_cs_client */;

--
-- Dumping data for table `price_groups_remark`
--

LOCK TABLES `price_groups_remark` WRITE;
/*!40000 ALTER TABLE `price_groups_remark` DISABLE KEYS */;
INSERT INTO `price_groups_remark` VALUES (1,'Резидент'),(2,'Москва'),(3,'Не резидент'),(4,'Россия'),(5,'Россия 40'),(6,'МО 40'),(7,'МО 45'),(8,'Домодедово РП'),(9,'Азербайджан');
/*!40000 ALTER TABLE `price_groups_remark` ENABLE KEYS */;
UNLOCK TABLES;

--
-- Table structure for table `receipt_purpose`
--

DROP TABLE IF EXISTS `receipt_purpose`;
/*!40101 SET @saved_cs_client     = @@character_set_client */;
/*!40101 SET character_set_client = utf8 */;
CREATE TABLE `receipt_purpose` (
  `id` int(11) NOT NULL AUTO_INCREMENT COMMENT 'Идентификатор назначения',
  `text` varchar(120) NOT NULL COMMENT 'Наименование',
  `percent` int(11) unsigned DEFAULT NULL COMMENT 'Процент от полной стоимости',
  `region_percent` int(3) NOT NULL DEFAULT '0' COMMENT 'Процент региону',
  `count` tinyint(1) NOT NULL DEFAULT '0' COMMENT 'Одно или несколько',
  `region` tinyint(1) NOT NULL DEFAULT '0' COMMENT 'Участие региона',
  `student` tinyint(1) NOT NULL DEFAULT '1' COMMENT 'Разрешено ли студенту',
  PRIMARY KEY (`id`)
) ENGINE=InnoDB AUTO_INCREMENT=11 DEFAULT CHARSET=utf8 COMMENT='Цели платежа';
/*!40101 SET character_set_client = @saved_cs_client */;

--
-- Dumping data for table `receipt_purpose`
--

LOCK TABLES `receipt_purpose` WRITE;
/*!40000 ALTER TABLE `receipt_purpose` DISABLE KEYS */;
INSERT INTO `receipt_purpose` VALUES (1,'Оплата за организацию обучения (абитуриент).',100,0,0,1,0),(2,'Оплата за орг. обучения на %s% семестре. Договор №%dn%.',100,0,0,1,1),(3,'Оплата согласно доп.соглашению.',5,2,1,1,0),(4,'Оплата за пересдачу. Договор №%dn%.',5,0,1,0,1),(5,'Оплата за перевод на другую специальность. Договор №%dn%.',10,0,0,0,1),(6,'Доплата. Договор №%dn%.',NULL,0,0,0,1),(7,'Оплата за выдачу академической справки без отчисления.',5,0,0,0,1),(8,'Восстановление договора. Договор №%dn%.',2,0,0,0,1),(9,'Выдача дубликата зачетной книжки. Договор №%dn%.',5,0,0,0,1),(10,'Выдача дубликата студенческого билета. Договор №%dn%.',5,0,0,0,1);
/*!40000 ALTER TABLE `receipt_purpose` ENABLE KEYS */;
UNLOCK TABLES;

--
-- Table structure for table `reg_applicant`
--

DROP TABLE IF EXISTS `reg_applicant`;
/*!40101 SET @saved_cs_client     = @@character_set_client */;
/*!40101 SET character_set_client = utf8 */;
CREATE TABLE `reg_applicant` (
  `id` int(11) unsigned NOT NULL AUTO_INCREMENT,
  `num` int(5) unsigned NOT NULL DEFAULT '0' COMMENT 'номер личного дела',
  `surname` varchar(30) NOT NULL DEFAULT '' COMMENT 'фамилия',
  `name` varchar(30) NOT NULL DEFAULT '' COMMENT 'имя',
  `second_name` varchar(30) NOT NULL DEFAULT '' COMMENT 'отчество',
  `strid` text NOT NULL COMMENT 'ФИО в родительном падеже',
  `birthday` date NOT NULL DEFAULT '0000-00-00' COMMENT 'дата рождения',
  `sex` enum('M','F') DEFAULT NULL COMMENT 'пол',
  `citizenry` varchar(40) NOT NULL DEFAULT 'Российская Федерация' COMMENT 'Гражданство',
  `doc_type` int(2) NOT NULL DEFAULT '1' COMMENT 'тип документа',
  `doc_serie` varchar(5) NOT NULL DEFAULT '' COMMENT 'серия',
  `doc_number` varchar(12) NOT NULL COMMENT 'номер',
  `doc_issued` varchar(100) NOT NULL DEFAULT '' COMMENT 'выдан',
  `doc_date` date NOT NULL DEFAULT '0000-00-00' COMMENT 'когда',
  `doc_code` varchar(10) NOT NULL COMMENT 'код подразделения',
  `e-mail` varchar(50) NOT NULL DEFAULT '' COMMENT 'электронная почта',
  `language` int(2) NOT NULL DEFAULT '1' COMMENT 'изучаемый иностранный язык',
  `create_date` timestamp NOT NULL DEFAULT CURRENT_TIMESTAMP COMMENT 'дата создания',
  `catalog` int(4) NOT NULL,
  `profile` int(2) NOT NULL DEFAULT '0',
  `semestr` int(2) NOT NULL DEFAULT '1',
  `internet` tinyint(1) NOT NULL DEFAULT '0',
  `spo` tinyint(1) NOT NULL DEFAULT '0',
  `traditional_form` tinyint(1) NOT NULL DEFAULT '0',
  `type` int(1) NOT NULL DEFAULT '0' COMMENT 'не смотрели/принято/отклонено',
  `step` int(2) NOT NULL DEFAULT '0' COMMENT 'Номер шага абитуриента',
  `edu_base` int(2) unsigned NOT NULL DEFAULT '0' COMMENT 'тип базового образования',
  `birthplace` varchar(60) NOT NULL DEFAULT '' COMMENT 'место рождения',
  `homephone_code` int(6) NOT NULL COMMENT 'Код домашнего телефона',
  `homephone` varchar(15) DEFAULT NULL COMMENT 'домашний телефон',
  `mobile_code` int(3) NOT NULL COMMENT 'Код мобильного телефона',
  `mobile` varchar(15) DEFAULT NULL COMMENT 'мобильный телефон',
  `region` int(2) unsigned NOT NULL DEFAULT '1' COMMENT 'id региона',
  `highedu` tinyint(1) NOT NULL DEFAULT '0' COMMENT 'высшее образование впервые\\нет',
  `ip` int(10) unsigned NOT NULL COMMENT 'IP адрес',
  `request` date DEFAULT NULL COMMENT 'отправлен ли запрос о документах?',
  PRIMARY KEY (`id`)
) ENGINE=InnoDB AUTO_INCREMENT=2799 DEFAULT CHARSET=utf8 COMMENT='Общие сведения об абитуриенте';
/*!40101 SET character_set_client = @saved_cs_client */;

--
-- Dumping data for table `reg_applicant`
--

LOCK TABLES `reg_applicant` WRITE;
/*!40000 ALTER TABLE `reg_applicant` DISABLE KEYS */;
INSERT INTO `reg_applicant` VALUES (181,0,'Сизова','Светлана','Николаевна','','1967-06-10','F','Российская Федерация',1,'1902','711917','УВД г. Череповца Вологодской обасти','2002-12-05','352-003','persik7lebed@mail.ru',2,'2010-07-17 14:52:44',0,0,0,0,0,0,0,2,2,'г. Красноармейск Саратовской области',964,'6619061',921,'2588705',1,0,0,'0000-00-00'),(184,0,'Колбунов','Артем','Валерьевич','','1990-10-27','M','Узбекистан',1,'07','91809','Зарафшанское ГУВД Навоийской обл','2007-01-29','1507','wolfara@mail.ru',1,'2010-07-18 07:21:01',0,0,0,0,0,0,0,3,2,'Узбекистан, Зарафшан',9987,'95721844',998,'9331857',1,0,0,'0000-00-00'),(188,0,'Кужбаев','Леонид','Дмитриевич','','1986-09-29','M','Республика Беларусь',1,'12','128977','Речицким ГРОВД Гомельской области','2003-03-18','432','kuzhbaev_leonid@mail.ru',1,'2010-07-22 09:58:11',7,0,1,0,0,0,0,4,1,'д.Озерщина Речицкий р-н, Гомельская область',2340,'58072',29,'8311000',1,0,0,'0000-00-00'),(189,0,'Пронягина','Ксения','Владимировна','','1983-01-22','F','Российская Федерация',1,'9209','736770','отделением в Приволжском районе отдела УФМС России по РТ в г','2009-11-14','160-008','Ksenya3002@mail.ru',1,'2010-07-22 13:10:16',0,0,0,0,0,0,0,3,2,'Казань',937,'5225593',937,'5225593',1,0,0,'0000-00-00'),(194,0,'Романов','Иван','Николаевич','','1982-05-25','M','Российская Федерация',1,'6706','677495','отделом УФМС России по Ханты-Мансийскому автономному округу ','2007-03-03','860-031','hm-86@mail.ru',2,'2010-07-24 10:29:49',11,0,3,0,0,0,1,4,4,'Украина, г. Кировоград',3467,'364054',909,'0329580',1,0,0,'0000-00-00'),(200,6070,'Очкин','Иван','Анатольевич','','1983-02-14','M','Российская Федерация',1,'0404','058863','УВД г. Железногорска Красноярского края','2003-06-02','242-062','antheus@rambler.ru',1,'2010-07-27 08:51:31',3,0,1,0,0,1,0,4,1,'г. Красноярск-26',3919,'760632',902,'9438578',1,0,0,'0000-00-00'),(202,0,'Макарова','Виктория','Владимировна','','1979-10-24','F','Узбекистан( пока)',1,'7','207368','Миробадское Рувд г.Ташкента','2004-11-29','2073682','bkkb7908@rambler.ru',1,'2010-07-28 05:41:18',0,0,1,0,0,0,0,4,4,'г.Ташкент Узбекистан',495,'4219680',926,'6121316',1,0,0,'0000-00-00'),(204,0,'Прамская','Наталья','Игоревна','','1980-01-01','F','Российская Федерация',1,'0704','158833','ОВД г. Ессентуки','2003-12-09','262-008','pramskaja@mail.ru',1,'2010-07-28 07:27:22',0,0,0,0,0,0,0,2,1,'г. Ессентуки',87934,'75431',928,'3538495',1,0,0,'0000-00-00'),(205,0,'Бережная','Маргарита','Владимировна','','1987-06-01','F','Российская Федерация',1,'0709','335946','ОУФМС России по Ставропольскому краю в Советском районе','2010-03-05','260-029','margeevna@mail.ru',1,'2010-07-28 08:27:47',5,0,1,0,0,0,0,4,1,'с.Заветное Кочубеевского района Ставропольского края',928,'2301930',928,'2301930',1,0,0,'0000-00-00'),(206,0,'Воробщиков','Вячеслав','Андреевич','','1989-08-04','M','Российская Федерация',1,'5309','830389','Отд.УФМС России по Оренбургской обл. в г. Гае и Гайском рн.','2009-08-05','560-014','Slaavva@mail.ru',2,'2010-07-28 08:29:56',0,0,1,0,0,0,0,4,2,'Оренбургская обл. г. Гай',495,'3202321',961,'9108811',1,0,0,'0000-00-00'),(208,0,'Конобеевский','Александр','Андреевич','','0000-00-00','','1',1,'','','','0000-00-00','','',1,'2010-07-28 20:33:08',0,0,0,0,0,0,0,1,0,'',0,NULL,0,NULL,1,0,0,'0000-00-00'),(216,0,'Белова','Татьяна','Николаевна','','1987-02-01','F','Российская Федерация',1,'18','030295','Отделом УФМС России по Волгоградской области в Дзержинском р','2007-10-12','340-002','tatyana_belov@mail.ru',1,'2010-07-29 11:57:29',11,0,1,0,0,1,0,4,2,'Астраханская область город Ахтубинск',85141,'51793',917,'1847924',1,0,0,'0000-00-00'),(218,0,'Мухин ','Павел','Борисович','','0000-00-00','','1',1,'','','','0000-00-00','','Muhin_pavel@mail.ru',1,'2010-07-29 12:39:06',0,0,0,0,0,0,0,1,0,'',0,NULL,0,NULL,1,0,0,'0000-00-00'),(219,0,'Кожуховская ','Лариса','Анатольевна','','1963-01-18','F','Российская Федерация',1,'0407','429641','УФМС России по Красноярскому краю в г. Назарово','2008-02-13','240-014','4auka8@mail.ru',2,'2010-07-29 13:10:11',0,0,0,0,0,0,0,2,2,'г. Ачинск',39155,'59750',962,'0846526',1,0,0,'0000-00-00'),(220,0,'Толстых','Александр','Григорьевич','','0000-00-00','','1',1,'','','','0000-00-00','','sachabax@mail.ru',1,'2010-07-30 05:56:38',0,0,0,0,0,0,0,1,0,'',0,NULL,0,NULL,1,0,0,'0000-00-00'),(221,0,'Летаховский','Владимир','Юрьевич','','1989-06-01','M','Российская Федерация',1,'4009','813168','ТП №68 отдела УФМС по СПб и Лен.обл','2009-07-21','780-068','zoom.spb@gmail.com',1,'2010-07-30 10:12:59',7,0,1,0,0,0,0,4,1,'Ленинград',964,'3323494',964,'3323494',1,0,0,'0000-00-00'),(223,0,'Михайлова','Юлия','Павловна','','1984-06-05','F','Российская Федерация',1,'5803','724766','ОВД Дедовичского р-на Псковской обл.','2004-07-14','602-006','ggemini84@mail.ru',1,'2010-07-30 19:01:29',0,0,0,0,0,0,0,2,2,'Псковская обл. пос.Дедовичи',81136,'91940',963,'3398138',1,0,0,'0000-00-00'),(224,0,'Зеленко','Константин','Валерьевич','','0000-00-00','','1',1,'','','','0000-00-00','','konstantin-zelenko@rambler.ru',1,'2010-07-31 07:27:09',0,0,0,0,0,0,0,1,0,'',0,NULL,0,NULL,1,0,0,'0000-00-00'),(225,0,'Ткаченко','Юлия','Александровна','','1978-03-04','F','Российская Федерация',1,'1208','241863','ОУФМС  Астраханской области по Приволжскому району','2009-01-28','300-013','yulia7809@mail.ru',2,'2010-07-31 21:15:02',18,0,1,0,0,1,0,4,4,'Астраханская область Наримановский район с.Началово',85172,'52355',927,'6639310',1,0,0,'0000-00-00'),(226,0,'Бехоева','Хава','Хадисовна','','1977-10-17','F','Российская Федерация',1,'2603','062996','овд сунженского района','2004-04-08','062-005','suep77@mail.ru',1,'2010-08-01 14:51:31',7,0,1,0,0,1,0,4,1,'ст,орджоникидзевская',743,'721369',792,'2869711',1,0,0,'0000-00-00'),(227,0,'Мачулис','Екатерина','Андреевна','','0000-00-00','','1',1,'','','','0000-00-00','','machulis_katya@mail.ru',1,'2010-08-01 17:39:25',0,0,0,0,0,0,0,1,0,'',0,NULL,0,NULL,1,0,0,'0000-00-00'),(229,0,'Гущина','Юлия','Александровна','','1972-03-16','F','Российская Федерация',1,'9999','555555','Овд г.Обнинск','2000-01-01','333-333','Drakosha1603@yandex.ru',2,'2010-08-02 10:30:56',5,0,6,0,0,1,1,4,1,'г.Обнинск Калужской области',48439,'41990',903,'2222222',1,0,0,'0000-00-00'),(231,0,'Тест','Тест','Тест','','1973-08-15','M','Российская Федерация',1,'5445','987654','паспортным','2000-01-19','402-120','gzubkov@ins-iit.ru',1,'2010-08-03 05:45:38',50,2,1,1,0,1,1,4,1,'г.Москва',76677,'76766',911,'2533212',1,0,0,'0000-00-00'),(232,5318,'Бычков','Денис','Николаевич','','1982-12-27','M','Российская Федерация',1,'1704','287045','ОВД Фрунзенского района города Владимира','2003-07-28','332-003','bychckov.denis@yandex.ru',1,'2010-08-03 10:14:20',4,0,1,0,0,1,1,4,1,'город Волгодонск Ростовской области',4922,'412162',910,'0970913',1,0,0,'0000-00-00'),(233,0,'Бекирова','Виктория','Викторовна','','0000-00-00','','1',1,'','','','0000-00-00','','bekirova_vika@mail.ru',1,'2010-08-05 03:08:31',0,0,0,0,0,0,0,1,0,'',0,NULL,0,NULL,1,0,0,'0000-00-00'),(234,0,'Бутаков','Дмитрий','Владимирович','','0000-00-00','','1',1,'','','','0000-00-00','','butakovd@mail.ru',1,'2010-08-05 03:45:43',0,0,0,0,0,0,0,1,0,'',0,NULL,0,NULL,1,0,0,'0000-00-00'),(235,0,'Козлов','Дмитрий','Анатольевич','','0000-00-00','','1',1,'','','','0000-00-00','','kzdima@rambler.ru',1,'2010-08-05 06:50:15',0,0,0,0,0,0,0,1,0,'',0,NULL,0,NULL,1,0,0,'0000-00-00'),(236,5464,'Толстобров','Денис','Геннадьевич','','1984-03-27','M','Российская Федерация',1,'5707','222036','Отделением УФМС России по  Пермскому краю в городе Краснокамске','2008-06-26','590-030','denis_tolstobrov@mail.ru',2,'2010-08-05 12:12:39',11,0,1,0,0,1,1,4,1,'г. Краснокамск, Пермская область',34274,'50025',909,'1030261',1,0,0,'0000-00-00'),(237,0,'Дадашева','Сабина','Фаик','','0000-00-00','','1',1,'','','','0000-00-00','','sabi29@live.ru',1,'2010-08-05 17:05:25',0,0,0,0,0,0,0,1,0,'',0,NULL,0,NULL,1,0,0,'0000-00-00'),(238,0,'Ганина','Любовь','Анатольевна','','0000-00-00','','1',1,'','','','0000-00-00','','feliz.85@mail.ru',1,'2010-08-06 10:54:51',0,0,0,0,0,0,0,1,0,'',0,NULL,0,NULL,1,0,0,'0000-00-00'),(240,0,'Аксенов','Сергей','Николаевич','','1981-08-25','M','Российская Федерация',1,'7102','716890','ОВД Уватского района Тюменской области','2002-11-01','722-022','ax_s@mail.ru',1,'2010-08-08 05:11:29',4,0,1,0,0,1,1,4,1,'с.Ситниково Омутинского района Тюменской области',34561,'26203',898,'2901882',1,0,0,'0000-00-00'),(241,0,'Фоминых','Ирина','Юрьевна','','1987-03-26','F','Российская Федерация',1,'0406','376932','отделом УФМС Росии по Красноярскому краю в г.Железногорске','2007-06-18','240-018','iren_fominyh@mail.ru',1,'2010-08-08 14:33:15',11,0,1,0,0,1,1,4,1,'пос.ЯЯ Яйского района Кемеровской обл.',923,'4061269',923,'4061269',1,0,0,'0000-00-00'),(242,0,'Иванова','Юлия','Андреевна','','1985-10-05','F','Российская Федерация',1,'4005','748841','82 OM Красносельского р-на г. С-Пб','2005-11-22','782-082','yulia_ivanova_ru@mail.ru',1,'2010-08-08 14:37:31',4,0,1,0,0,1,1,4,1,'Ленинград',812,'4048998',911,'7658665',1,0,0,'0000-00-00'),(243,0,'Маслов','Владимир','Сергеевич','','0000-00-00','','1',1,'','','','0000-00-00','','Maslenk@mail.ru',1,'2010-08-09 07:44:58',0,0,0,0,0,0,0,1,0,'',0,NULL,0,NULL,1,0,0,'0000-00-00'),(244,0,'Тюлина','Елена','Васильевна','','1980-01-08','F','Российская Федерация',1,'7809','760333','отделом уфмс россии по ярославской области в г.рыбинске и ры','2009-11-18','760-007','tyulina.elena@yandex.ru',1,'2010-08-09 08:42:19',4,0,1,0,0,1,0,3,1,'пос.белый колодезь волчанского р-на харьковской обл.',920,'1356137',962,'2041699',1,0,0,'0000-00-00'),(245,0,'Гайсин','Наиль','','','1977-09-28','M','Российская Федерация',1,'0597','010986','ОВД Уссурийского района Приморского края','1999-01-27','252-031','noiyl@mail.ru',1,'2010-08-09 09:39:13',1,0,1,0,0,1,0,3,1,'респ.Башкортостан гор.Октябрьский',4234,'399121',924,'1283600',1,0,0,'0000-00-00'),(246,0,'Щетинина','Полина','Игоревна','','0000-00-00','','1',1,'','','','0000-00-00','','my_mail86@bk.ru',1,'2010-08-10 15:07:48',0,0,0,0,0,0,0,1,0,'',0,NULL,0,NULL,1,0,0,'0000-00-00'),(247,0,'Галицкий','Никита','Валерьевич','','1989-10-12','M','Российская Федерация',1,'4608','708104','отделом УФМС России по Московской обл. в Егорьевском районе','2009-11-17','500-029','nekiss@bk.ru',1,'2010-08-10 17:43:13',9,0,1,0,1,1,1,4,2,'г. Егорьевск, Московской обл.',49640,'46453',915,'0377775',1,0,0,'0000-00-00'),(248,0,'Коняева','Наталья','Сергеевна','','0000-00-00','','1',1,'','','','0000-00-00','','mikkulisa@yandex.ru',1,'2010-08-11 10:33:37',0,0,0,0,0,0,0,1,0,'',0,NULL,0,NULL,1,0,0,'0000-00-00'),(249,5394,'Коваленко','Николай','Юрьевич','','1979-10-24','M','Российская Федерация',1,'9802','541214','Усть-Майским ОВД','2002-12-15','142-010','oolder@mail.ru',1,'2010-08-12 05:32:43',45,0,3,0,0,1,1,4,1,'Респусблика Саха (Якутия) Усть-Майский район п Эльдикан',41141,'42747',924,'1716291',1,0,0,'0000-00-00'),(250,0,'Чергиков','Антон','Сергеевич','','0000-00-00','','1',1,'','','','0000-00-00','','dnnov@mail.ru',1,'2010-08-12 06:44:19',0,0,0,0,0,0,0,1,0,'',0,NULL,0,NULL,1,0,0,'0000-00-00'),(253,0,'Иванова','Александра','Андреевна','','1986-10-09','F','Российская Федерация',1,'4007','094201','82 ОМ Красносельского района Санкт-Петербурга','2006-11-16','782-082','pipersasha@mail.ru',1,'2010-08-12 09:17:30',4,0,1,0,0,1,1,4,1,'Ленинград',812,'4048998',904,'5109533',1,0,0,'0000-00-00'),(254,0,'Голованов','Игорь','Анатольевич','','0000-00-00','','1',1,'','','','0000-00-00','','r-pride@rambler.ru',1,'2010-08-12 12:37:17',0,0,0,0,0,0,0,1,0,'',0,NULL,0,NULL,1,0,0,'0000-00-00'),(255,0,'Александровская','Анна','Александровна','','1978-01-27','F','Российская Федерация',1,'4008','519567','ТП№72 ОТДЕЛА УФМС РОССИИ ПО САНКТ-ПЕТЕРБУРГУ И ЛЕНИНГРАДСКОЙ','2008-10-25','780-072','a.aleksandrovska@mail.ru',2,'2010-08-13 07:34:01',18,0,1,0,0,1,0,3,1,' ГОР.КОМРАТ РЕСПУБЛИКА МОЛДОВА',81372,'68684',921,'9441223',1,0,0,'0000-00-00'),(256,0,'Скоробрещук','Лилия','Васильевна','','0000-00-00','','1',1,'','','','0000-00-00','','liliya753@gmail.com',1,'2010-08-13 17:37:37',0,0,0,0,0,0,0,1,0,'',0,NULL,0,NULL,1,0,0,'0000-00-00'),(257,0,'Филатов','Максим','','','0000-00-00','','1',1,'','','','0000-00-00','','filatow.maxim2010@yandex.ru',1,'2010-08-13 18:36:37',0,0,0,0,0,0,0,1,0,'',0,NULL,0,NULL,1,0,0,'0000-00-00'),(258,0,'Кудрина','Виктория','Александровна','','1981-09-25','F','Российская Федерация',1,'0404','805121','УВД г Норильска','0000-00-00','212-044','lattifa@list.ru',1,'2010-08-13 20:59:34',7,0,1,0,0,1,0,3,1,'Норильск',499,'7523804',909,'1556333',1,0,0,'0000-00-00'),(259,0,'Карманов','Дмитрий','','','0000-00-00','','1',1,'','','','0000-00-00','','dimakar26@mail.ru',1,'2010-08-15 09:04:48',0,0,0,0,0,0,0,1,0,'',0,NULL,0,NULL,1,0,0,'0000-00-00'),(261,0,'Меленцов','Сергей','Сергеевич','','1985-07-25','M','Российская Федерация',1,'8705','141364','УВД города Сыктывкара Республики Коми','2006-04-13','112-001','Thebestofbest@mail.ru',2,'2010-08-15 21:36:02',4,0,1,0,0,1,0,3,1,'г. Сыктывкар',8212,'319207',904,'2731277',1,0,0,'0000-00-00'),(262,0,'Гарусский','Антон','Владимирович','','0000-00-00','M','Российская Федерация',1,'7509','710775','УФМС','2010-07-07','740-014','www.snowfall@mail.ru',1,'2010-08-16 04:09:07',4,0,1,0,0,1,0,3,1,'Златоуст',3513,'657868',919,'1180094',1,0,0,'0000-00-00'),(263,0,'Сабыныч','Татьяна','Геннадиевна','','1962-06-30','F','Российская Федерация',1,'6706','702709','Отделением №3 ОУФМС России по Ханты-Мансийскому автономному округу-Югре','2007-08-02','860-006','ds92@admsurgut.ru',2,'2010-08-16 04:45:34',8,0,1,0,0,0,1,4,1,'с.Березовка Бурлинского р-на Уральской обл.',3462,'254433',0,'0000000',1,0,0,'0000-00-00'),(264,0,'Лофинг','Марина','Александровна','','0000-00-00','','1',1,'','','','0000-00-00','','marina-iof@mail.ru',1,'2010-08-16 11:40:03',0,0,0,0,0,0,0,1,0,'',0,NULL,0,NULL,1,0,0,'0000-00-00'),(265,0,'Кореневский','Роман','Леонидович','','0000-00-00','M','Российская Федерация',1,'4607','272805','П.С. УВД Сергиево-Посадского района МО','2006-05-18','503-099','Chiperkrl@mail.ru',1,'2010-08-16 19:56:13',1,0,1,0,0,1,0,3,1,'Россия Московская Область г. Загорск',540,'3380',915,'1411890',1,0,0,'0000-00-00'),(266,0,'Энмынкау','Айвана','Викторовна','','1978-04-20','F','Российская Федерация',1,'7702','041504','ОВД г.Анадырь УВД ЧАО','2003-02-25','872-001','ayvana@mail.ru',1,'2010-08-16 23:09:55',17,0,1,0,0,1,0,4,4,'г.Анадырь Магаданской области',42722,'22187',914,'0812943',1,1,0,'0000-00-00'),(267,5489,'Атаманов','Александр','Геннадьевич','','1981-09-21','M','Российская Федерация',1,'0406','752851','отделом УФМС России по Красноярскому краю','2000-09-30','240-015','olay-lay-85@mail.ru',1,'2010-08-17 02:52:17',4,0,3,0,0,1,1,4,4,'п.Снежногорск г.Норильска ',3919,'359327',923,'2064190',1,0,0,'0000-00-00'),(268,0,'Балакирев','Николай','Евгениевич','','1987-05-17','M','Российская Федерация',1,'4607','692062','ТП В ПОС. ТУЧКОВО О-НИЯ УФМС РОССИИ ПО МОСКОВСКОЙ ОБЛ. В РУЗ','2007-09-07','500-144','nebalakirev@gmail.com',1,'2010-08-17 05:00:03',3,0,1,0,0,1,0,3,1,'ПОС. ТУЧКОВО РУЗСКОГО Р-НА МОСКОВСКОЙ ОБЛ',495,'9543027',926,'5324195',1,0,0,'0000-00-00'),(269,0,'Тарасов','Евгений','Олегович','','0000-00-00','','1',1,'','','','0000-00-00','','asplynx@gmail.com',1,'2010-08-17 08:51:19',0,0,0,0,0,0,0,1,0,'',0,NULL,0,NULL,1,0,0,'0000-00-00'),(270,0,'Игнатов','Геннадий','Владимирович','','0000-00-00','','1',1,'','','','0000-00-00','','genik-vlad@mail.ru',1,'2010-08-17 09:13:32',0,0,0,0,0,0,0,1,0,'',0,NULL,0,NULL,1,0,0,'0000-00-00'),(271,5471,'Попков','Виктор','Алексеевич','','1978-01-15','M','Российская Федерация',1,'4505','297682','ОВД \"Марьино\"','2003-02-07','777-079','viktor00@mail.ru',1,'2010-08-17 12:27:12',4,0,5,0,0,1,1,4,4,'Москва',495,'3560576',926,'5907311',1,1,0,'0000-00-00'),(272,5437,'Ооржак','Буяна','Сергеевна','','1988-06-26','F','Российская Федерация',1,'9308','365570','Отделением ОФМС России по Республике Тыва в городе Кызыле','2008-09-22','170-001','buyana1@mail.ru',1,'2010-08-17 14:31:01',47,7,2,0,0,0,1,4,1,'Россия, Тыва, г. Ак-Довурак',923,'5422294',923,'5422294',1,0,0,'0000-00-00'),(273,0,'Скоробрещук','Лилия','Васильевна','','1975-08-04','F','Российская Федерация',1,'7400','098217','Лабытнангским ГОВД,ЯНАО','2001-07-20','892-007','skorobreshuk.lilya@yandex.ru',1,'2010-08-17 17:02:33',8,0,1,0,0,0,0,4,4,'г.Христиновка Черкасской области',34992,'33393',922,'0565758',1,0,0,'0000-00-00'),(274,0,'Криштапова ','Наталия','Валериевна','','1976-03-01','F','Российская Федерация',1,'4500','974093','ОВД \"Нагорный\" г. Москва','2001-06-09','772-034','ulblbka76@mail.ru',1,'2010-08-18 11:23:19',4,0,1,0,0,1,0,3,1,'пгт. Луков, Волынская обл., Туринский р-он',499,'3178906',915,'1335119',1,0,0,'0000-00-00'),(275,0,'Скрипка','Антон','Викторович','','0000-00-00','','1',1,'','','','0000-00-00','','skripka@sat.sakhalin.ru',1,'2010-08-18 23:45:14',0,0,0,0,0,0,0,1,0,'',0,NULL,0,NULL,1,0,0,'0000-00-00'),(277,0,'Юсупов ','Андрей','Шухратович','','0000-00-00','','1',1,'','','','0000-00-00','','postolramblerru2008@rambler.ru',1,'2010-08-19 09:35:06',0,0,0,0,0,0,0,1,0,'',0,NULL,0,NULL,1,0,0,'0000-00-00'),(278,0,'Русак','Михаил','Сергеевич','','0000-00-00','','1',1,'','','','0000-00-00','','nergizim@inbox.ru',1,'2010-08-20 08:25:15',0,0,0,0,0,0,0,1,0,'',0,NULL,0,NULL,1,0,0,'0000-00-00'),(279,0,'Русак','Михаил','Сергеевич','','1983-02-17','M','Российская Федерация',1,'4005','177267','31 о/м Кировского р-на','2004-01-13','782-031','masta83@mail.ru',1,'2010-08-20 08:28:11',0,0,0,0,0,0,0,2,2,'Ленинград',904,'5594700',952,'2417591',1,0,0,'0000-00-00'),(280,0,'Анфимова','Ксения','Дмитриевна','','0000-00-00','','1',1,'','','','0000-00-00','','nadim100@mail.ru',1,'2010-08-20 09:39:05',0,0,0,0,0,0,0,1,0,'',0,NULL,0,NULL,1,0,0,'0000-00-00'),(281,0,'Пожидаева','Анна','Александровна','','1986-06-22','F','Российская Федерация',1,'4607','769800','ТП в г. Наро-Фоминске','2006-06-23','500-091','more8209@mail.ru',1,'2010-08-20 14:33:56',11,0,1,0,0,1,0,3,1,'п. Памяти 13 Борцов, Красноярский край',0,'0000000000',903,'6797218',1,0,0,'0000-00-00'),(282,5419,'Бурсов','Николай','Геннадиевич','','1972-05-13','M','Российская Федерация',1,'7707','073707','ТП ОФМС России по Чукотскому автономному округу в Чаунском районе','2008-05-22','870-007','exsod@mail.ru',1,'2010-08-21 10:05:20',4,0,1,0,0,1,1,4,1,'Г. Певек Чаунского райна Магаданской области',42737,'41398',924,'6668217',1,0,0,'0000-00-00'),(283,0,'Васильева','Елена','Владимировна','','1971-11-02','F','Российская Федерация',1,'8701','302387','ОВД Усть-Куломского района Республики Коми','2001-12-05','112-020','cometa_5@mail.ru',1,'2010-08-22 03:54:03',1,0,1,0,1,1,0,3,2,'г.Малая Вишера,Новгородская область',82137,'94081',922,'5826410',1,0,0,'0000-00-00'),(284,0,'Апшитикова','Татьяна','Леонидовна','','0000-00-00','','1',1,'','','','0000-00-00','','apshitikova2010@yandex.ru',1,'2010-08-22 17:03:18',0,0,0,0,0,0,0,1,0,'',0,NULL,0,NULL,1,0,0,'0000-00-00'),(286,0,'Исхаков ','Григорий','Александрович','','1985-05-14','M','Российская Федерация',1,'1705','618712','овд Октябрьского р-на г.Владимира','2005-07-06','332-002','blablabla29@mail.ru',1,'2010-08-23 13:21:38',4,0,1,0,0,1,0,3,1,'г.Москва',920,'9189077',920,'9189077',1,0,0,'0000-00-00'),(287,0,'Марданов','Меджид','Вячеславович','','0000-00-00','','1',1,'','','','0000-00-00','','mardanov.m@gmail.com',1,'2010-08-24 04:22:12',0,0,0,0,0,0,0,1,0,'',0,NULL,0,NULL,1,0,0,'0000-00-00'),(288,0,'Закальските','Анна','Юрьевна','','1986-08-19','F','Российская Федерация',1,'8706','186701','УВД г.Воркуты РК','2007-01-10','112-003','Oper_13@mail.ru',1,'2010-08-24 08:00:48',3,0,1,0,0,1,0,3,1,'пос.Северный, гор. Воркуты Коми АССР',962,'8883390',63,'8592410',1,0,0,'0000-00-00'),(289,0,'Пархоменко','Александра','Владимировна','','1981-04-06','F','Российская Федерация',1,'5304','148253','ОВД Красногвардейского района','2005-04-07','562-021','iehf6@mail.ru',1,'2010-08-24 08:42:25',0,0,0,0,0,0,0,2,1,'Кыргызстан.г Ташкумыр',3532,'37156',922,'8769769',1,0,0,'0000-00-00'),(290,0,'Штабова','Юлия','','','1981-03-01','F','Российская Федерация',1,'5704','085988','УВД Индустриального района г. Перми','2003-07-31','592-002','dreamlife0306@mail.ru',1,'2010-08-25 03:56:48',0,0,0,0,0,0,0,2,1,'г. ишимбай Башкортостан',919,'4615940',919,'4615940',1,1,0,'0000-00-00'),(291,0,'Газизуллина','Лариса','Каримулловна','','1983-12-19','F','Российская Федерация',1,'3304','560866','ОВД Вятско-Полянского р-а Кировской облости.','2005-07-11','432-007','larisagazizullina@YANDEX.RU',1,'2010-08-25 05:37:04',11,0,1,0,0,1,0,3,1,'Киовская область',83334,'2957887',937,'2887856',1,0,0,'0000-00-00'),(292,0,'Лешуков','Олег','Иванович','','1981-03-01','M','Российская Федерация',1,'4100','123578','ОКФМС Лещуконского р-на','2000-01-20','421-000','ladakad@mail.ru',1,'2010-08-25 08:50:35',3,0,1,0,0,1,0,3,1,'п.Лешуконск',81371,'70903',906,'2297828',1,0,0,'0000-00-00'),(294,0,'Лопоносов','Алексей','Васильевич','','0000-00-00','','1',1,'','','','0000-00-00','','urai64@rambler.ru',1,'2010-08-27 04:37:56',0,0,0,0,0,0,0,1,0,'',0,NULL,0,NULL,1,0,3155308684,'0000-00-00'),(295,0,'Nesirov','Senan','Terlan','','0000-00-00','','1',1,'','','','0000-00-00','','sebine manafli@mail.ru',1,'2010-08-27 11:36:52',0,0,0,0,0,0,0,1,0,'',0,NULL,0,NULL,1,0,1837042366,'0000-00-00'),(297,0,'Зайцева','Алла','Максимовна','','1990-12-29','F','Российская Федерация',1,'4606','709510','2гом города Люберцы московской области','2005-02-03','503-044','allohka-zaika@mail.ru',2,'2010-08-27 16:36:09',18,0,1,0,0,1,0,3,1,'Москва',495,'5031681',985,'4283868',1,0,1602286256,'0000-00-00'),(298,0,'Исаков','Валентин','Вячеславович','','1991-03-18','M','Российская Федерация',1,'2505','493096','Октябрьским ОВД г.Иркутска','2005-05-25','382-002','Isakovvv@mail.ru',1,'2010-08-28 06:10:27',8,0,1,0,0,1,0,4,1,'г.Иркутск',3952,'353012',902,'5603121',1,0,1595806051,'0000-00-00'),(299,0,'Свистунов ','Игорь','Николаевич','','1978-08-21','M','Российская Федерация',1,'6302','930290','Волжским РОВД г. Саратова','2002-04-30','642-001','igor.andreev2011@yandex.ru',2,'2010-08-28 07:02:30',4,0,1,0,0,1,0,4,2,'Г.Саратов',495,'3553557',916,'2821952',1,0,1565588139,'0000-00-00'),(300,0,'Мирошниченко','Виктор','Александровичь','','0000-00-00','','1',1,'','','','0000-00-00','','chesnota@gmail.com',1,'2010-08-28 07:50:52',0,0,0,0,0,0,0,1,0,'',0,NULL,0,NULL,1,0,1357902414,'0000-00-00'),(302,0,'Лямуков','Максим','Валерьевич','','0000-00-00','','1',1,'','','','0000-00-00','','zouil@yandex.ru',1,'2010-08-28 15:50:59',0,0,0,0,0,0,0,1,0,'',0,NULL,0,NULL,1,0,1840801303,'0000-00-00'),(303,0,'Гардт','Игорь','Евгеньевич','','1973-05-04','M','Российская Федерация',1,'7197','088818','ОВД Армизонского района','1999-04-29','720-006','gardt-igr@mail.ru',2,'2010-08-28 16:44:37',0,0,0,0,0,0,0,2,2,'с.Армизонское Тюменской области',34547,'24209',902,'620639',1,0,1519841719,'0000-00-00'),(304,0,'Гардт','Игорь','Евгеньевич','','0000-00-00','','',0,'','','','0000-00-00','','gardt-igr@rambler.ru',0,'2010-08-28 16:56:34',0,0,1,0,0,0,0,4,0,'',0,'',0,'',0,0,1519841719,'0000-00-00'),(305,0,'Решетникова','Татьяна','Витальевна','','0000-00-00','','1',1,'','','','0000-00-00','','Reshetnikova_T@inbox.ru',1,'2010-08-28 20:58:44',0,0,0,0,0,0,0,1,0,'',0,NULL,0,NULL,1,0,1519842740,'0000-00-00'),(306,0,'Решетникова','Татьяна','Витальевна','','1983-01-19','F','Российская Федерация',1,'7108','592126','Отделом УФМС России по Тюменской области в Центральном АО г. Тюмени','2008-04-15','720-003','EwReYka@narod.ru',2,'2010-08-29 05:46:46',17,0,1,0,0,1,0,3,1,'г. Ялуторовск',3452,'516745',912,'3813005',1,0,1519842740,'0000-00-00'),(308,0,'Зиняков','Дмитрий','Валерианович','','1971-12-01','M','Российская Федерация',1,'7800','255065','Заволжским ОВД г. Ярославля','2001-05-25','762-006','d.zinyakov@bk.ru',1,'2010-08-29 14:41:04',17,0,1,0,0,1,1,4,1,'г. Ярославль',4852,'725662',920,'6589222',1,0,1572199418,'0000-00-00'),(309,0,'Скибун','Александр','Дмитриевич','','1967-09-17','M','Российская Федерация',1,'0703','268715','ОВД Благодарненского р-на Ставропольского кр.','2002-10-23','262-004','a_skib@rambler.ru',1,'2010-08-29 15:29:38',4,0,1,0,0,1,0,3,4,'г.Севастополь',495,'4209684',915,'3482039',1,0,1595450932,'0000-00-00'),(311,0,'Комисарук','Ксения','Валерьевна','','0000-00-00','','1',1,'','','','0000-00-00','','scarly.rin@gmail.com',1,'2010-08-30 16:28:09',0,0,0,0,0,0,0,1,0,'',0,NULL,0,NULL,1,0,3648406117,'0000-00-00'),(312,0,'Нефедова','Оксана','Вячеславовна','','0000-00-00','','1',1,'','','','0000-00-00','','a.charli@ya.ru',1,'2010-08-30 17:12:48',0,0,0,0,0,0,0,1,0,'',0,NULL,0,NULL,1,0,1317326930,'0000-00-00'),(313,0,'Мазуренко','Елена','Валерьевна','','0000-00-00','','1',1,'','','','0000-00-00','','mazurikvl@rambler.ru',1,'2010-08-31 00:02:27',0,0,0,0,0,0,0,1,0,'',0,NULL,0,NULL,1,0,1603957938,'0000-00-00'),(314,0,'Мустафина','Анна','Алексадровеа','','0000-00-00','','1',1,'','','','0000-00-00','','amgeizer_anna@mail.ru',1,'2010-08-31 01:09:15',0,0,0,0,0,0,0,1,0,'',0,NULL,0,NULL,1,0,1360163909,'0000-00-00'),(315,0,'Сурин','Марс','','','0000-00-00','','1',1,'','','','0000-00-00','','surin82@mail.ru',1,'2010-08-31 01:55:55',0,0,0,0,0,0,0,1,0,'',0,NULL,0,NULL,1,0,1403967529,'0000-00-00'),(316,0,'Румянцева','Надежда','Владимировна','','0000-00-00','','1',1,'','','','0000-00-00','','raienn@yandex.ru',1,'2010-08-31 05:29:17',0,0,0,0,0,0,0,1,0,'',0,NULL,0,NULL,1,0,1604811907,'0000-00-00'),(317,0,'Ибрагимова','Анастасия','Робертовна','','1984-02-02','F','Российская Федерация',1,'8704','990136','УВД г. Воркуты','2004-07-01','112-003','stasya_2000@land.ru',1,'2010-08-31 06:02:19',1,0,1,0,0,1,0,3,4,'Ленинградская область Кировский район поселок Назия',82151,'67349',912,'5556998',1,1,1311008709,'0000-00-00'),(318,0,'Коваленко','Мария','Альфредовна','','0000-00-00','','1',1,'','','','0000-00-00','','ma.kovalenko@ya.ru',1,'2010-08-31 08:43:04',0,0,0,0,0,0,0,1,0,'',0,NULL,0,NULL,1,0,1052118018,'0000-00-00'),(319,5466,'Шамсутдинов','Ильназ','Тимербаевич','','1986-02-24','M','Российская Федерация',1,'9205','856719','Елабужским ГРОВД Респ.Татарстан','2006-05-04','162-023','ilnazshams@mail.ru',1,'2010-08-31 09:18:28',5,0,1,0,0,1,1,4,1,'Республика Татарстан г.Набережные Челны',911,'3226954',917,'8868781',1,0,1508403483,'0000-00-00'),(320,0,'Кошель','Александр','Владимирович','','0000-00-00','','',0,'','','','0000-00-00','','raljan@mail.ru',0,'2010-08-31 12:48:14',0,0,0,0,0,0,0,2,0,'',0,'',0,'',0,0,1437430559,'0000-00-00'),(321,0,'Богданович','Александр','Анатольевич','','1983-01-13','M','Российская Федерация',1,'7004','647321','УВД Новомосковского района Тульской области','2004-12-21','712-021','ruibka@mail.ru',1,'2010-08-31 14:48:47',4,0,1,0,0,1,0,4,4,'С.Бобрик, Броварского района, Киевской области',48762,'36054',953,'4220971',1,0,1533497209,'0000-00-00'),(322,0,'Сатдинова','Роза','Александровна','','0000-00-00','','1',1,'','','','0000-00-00','','nastiaroza1983@mail.ru',1,'2010-08-31 16:21:37',0,0,0,0,0,0,0,1,0,'',0,NULL,0,NULL,1,0,1357902418,'0000-00-00'),(323,0,'Сироткин','Александр','','','0000-00-00','','1',1,'','','','0000-00-00','','lumenous.spb@gmail.com',1,'2010-08-31 18:28:57',0,0,0,0,0,0,0,1,0,'',0,NULL,0,NULL,1,0,3158393989,'0000-00-00'),(324,0,'Трапезникова','Ксения','Леонидовна','','1982-11-23','F','Российская Федерация',1,'4507','255184','ОВД \"Орехово-Борисово Северное\" г. Москвы','2003-10-15','772-002','jogabest@ya.ru',1,'2010-08-31 20:13:45',7,0,1,0,0,1,0,3,1,'Москва',495,'3929979',916,'0117779',1,0,776577854,'0000-00-00'),(325,0,'Трапезникова','Ксения','Леонидовна','','1982-11-23','F','Российская Федерация',1,'4507','255184','ОВД \"Орехово-Борисово Северное\" г. Москвы','2003-10-15','772-002','jogabest@yandex.ru',1,'2010-08-31 21:58:28',7,0,1,0,0,1,1,4,1,'Москва',495,'3929979',916,'0117779',1,0,776577854,'0000-00-00'),(326,0,'Метельченко','Дмитрий','Дмитриевич','','0000-00-00','','1',1,'','','','0000-00-00','','ts-loony@mail.ru',1,'2010-09-01 07:26:37',0,0,0,0,0,0,0,1,0,'',0,NULL,0,NULL,1,0,1048208935,'0000-00-00'),(327,0,'Кузнецова','Татьяна','Константиновна','','1987-06-14','F','Российская Федерация',1,'7707','071479','ТПОФМС России','2007-09-10','870-001','severyane83@mail.ru',1,'2010-09-01 07:37:14',12,0,1,0,1,1,1,4,2,'г.Анадырь,Магаданской области',0,'0000000000',924,'6690456',1,0,1347677977,'0000-00-00'),(328,5489,'Атаманов','Александр','Геннадьевич','','1981-09-21','M','Российская Федерация',1,'0408','752851','ОУФМС России г.Норильска','2009-09-30','240-015','atamalex81@mail.ru',1,'2010-09-01 07:38:55',4,0,3,0,0,0,0,4,1,'п.Снежногорск',3919,'359327',923,'2980015',1,0,3641818979,'0000-00-00'),(330,0,'Шинкарева','Марина','Викторовна','','1983-11-12','F','Российская Федерация',1,'6005','175905','Ом-1 гор.Таганрога','2004-12-15','612-001','m6667@rambler.ru',1,'2010-09-01 11:20:41',17,0,1,0,0,1,0,3,1,'Таганрог',0,'0',950,'8665748',1,0,1402281148,'0000-00-00'),(331,0,' Туякбаева','Ботакоз','Сабыровна','','0000-00-00','','',0,'','','','0000-00-00','','btuyakbaeva@list.ru',0,'2010-09-02 07:16:48',0,0,1,0,0,0,0,4,0,'',0,'',0,'',0,0,3648409364,'0000-00-00'),(332,0,'Сабихан ','Мурат','','','0000-00-00','','1',1,'','','','0000-00-00','','muratsabikhan@yahoo.com',1,'2010-09-02 16:36:00',0,0,0,0,0,0,0,1,0,'',0,NULL,0,NULL,1,0,2992317255,'0000-00-00'),(333,0,'Степина','Надежда','','','1989-02-03','F','Российская Федерация',1,'4510','470834','отделением по району новогиреево','2009-10-01','770-054','n182@yandex.ru',1,'2010-09-02 19:10:24',14,0,1,0,0,1,0,3,1,'г. москва',495,'3010510',926,'5344914',1,0,1604707611,'0000-00-00'),(334,0,'Натальный','Вячеслав','Борисович','','0000-00-00','','1',1,'','','','0000-00-00','','D0wnl0ader@yandex.ru',1,'2010-09-03 04:29:02',0,0,0,0,0,0,0,1,0,'',0,NULL,0,NULL,1,0,1578701426,'0000-00-00'),(335,5460,'Чумакова','Любовь','Анатольевна','','1989-02-17','F','Российская Федерация',1,'0810','933159','МО УФМС России по Хабаровскому краю в Николаевском и Тугуро-Чумиканском муниципальных районах','2010-08-12','270-027','tasha_hs@mail.ru',1,'2010-09-03 04:42:59',4,0,1,0,0,1,1,4,1,'с. Красное Николаевского р-на Хабаровского края',0,'0000000000',962,'6735750',1,0,1296742437,'0000-00-00'),(336,0,'Кротова','Наталья','Александровна','','0000-00-00','','1',1,'','','','0000-00-00','','ustanovo81@bk.ru',1,'2010-09-03 06:00:02',0,0,0,0,0,0,0,1,0,'',0,NULL,0,NULL,1,0,1466407975,'0000-00-00'),(337,0,'Сиделева ','Маргарита','','','0000-00-00','','1',1,'','','','0000-00-00','','m.sideleva@yandex.ru',1,'2010-09-03 17:45:06',0,0,0,0,0,0,0,1,0,'',0,NULL,0,NULL,1,0,1474584763,'0000-00-00'),(338,0,'Мелетян','Галина','Сергеевна','','1988-12-21','F','Российская Федерация',1,'6509','659193','отделением уфмс россии по свердловской области в городе березовском','2009-04-24','660-035','gmeletyan@gmail.com',1,'2010-09-05 06:08:36',11,0,1,0,0,1,0,3,1,'гор. Свердловск Свердловской области',909,'0170250',922,'6056217',1,1,3579268277,'0000-00-00'),(339,0,'Самойлов','Артур','Олегович','','0000-00-00','','1',1,'','','','0000-00-00','','mens-studio@mail.ru',1,'2010-09-05 18:16:56',0,0,0,0,0,0,0,1,0,'',0,NULL,0,NULL,1,0,1481785561,'0000-00-00'),(340,0,'Репникова','Екатерина','','','0000-00-00','','1',1,'','','','0000-00-00','','Stasy_317@mail.ru',1,'2010-09-06 07:42:48',0,0,0,0,0,0,0,1,0,'',0,NULL,0,NULL,1,0,1588922265,'0000-00-00'),(341,0,'Балышев','Константин','Валерьевич','','0000-00-00','','1',1,'','','','0000-00-00','','balyshev-konstan@mail.ru',1,'2010-09-06 09:33:36',0,0,0,0,0,0,0,1,0,'',0,NULL,0,NULL,1,0,1373532178,'0000-00-00'),(342,0,'Коробов','Роман','Евгеньевич','','1982-04-16','M','Российская Федерация',1,'4508','150982','ОВД района Северное Бутово г. Москвы','2005-09-22','772-070','liliput1982@list.ru',1,'2010-09-06 20:38:18',7,0,1,0,0,1,0,3,4,'г. Москва',495,'7133357',910,'4467667',1,0,1595652218,'0000-00-00'),(343,0,'Контанистова','Виктория','Николаевна','','1976-01-03','F','Российская Федерация',1,'8103','756535','ОВД Селенгинского района Респ. Бурятия','2003-10-14','032-021','viktoriya_kontan@mail.ru',1,'2010-09-07 03:24:13',1,0,1,0,0,1,0,4,1,'Респ. Бурятия Селенгинский район пос. Гусиное Озеро ',951,'6384620',951,'6384620',1,0,3276095763,'0000-00-00'),(344,0,'Глыбина','Анна','Леонидовна','','0000-00-00','','1',1,'','','','0000-00-00','','Glybina-anna@rambler.ru',1,'2010-09-07 03:58:21',0,0,0,0,0,0,0,1,0,'',0,NULL,0,NULL,1,0,1466421559,'0000-00-00'),(345,0,'Одинцов','Аллексей','Николаевич','','1993-01-07','M','Российская Федерация',1,'2702','233443','ОВД Ленинградского р-на ','2008-06-24','292-001','troow@mail.ru',1,'2010-09-07 08:25:41',0,0,0,0,0,0,0,2,1,'Калининград',911,'4732155',911,'4732155',1,0,1318824754,'0000-00-00'),(346,5506,'Киц','Елена','Васильевна','','1990-07-06','F','Российская Федерация',1,'3610','290990','Отделением УФМС России по Самарской области в Сергиевском районе','2010-07-28','630-046','Sit_Helen@mail.ru',1,'2010-09-07 12:02:31',4,0,1,0,0,1,1,4,1,'город Макеевка Горняцкого района Донецкой области',927,'0149046',927,'0149123',1,0,1427826969,'0000-00-00'),(347,0,'Грунина ','Марина','Ивановна','','1986-10-09','F','Российская Федерация',1,'1406','791711','Отделением № 1 МО УФМС России по Белгородской обл. в г.Шебекино','2007-09-15','310-024','marisabehlv@yandex.ru',1,'2010-09-07 14:58:46',11,0,1,0,0,1,1,4,1,'г.Тбилиси республики Грузия',47248,'28067',920,'5911777',1,0,3162514361,'0000-00-00'),(348,0,'Немирова','Алена','Владимировна','','1984-02-26','F','Российская Федерация',1,'0404','560401','2 ГОМ УВД г.Норильска','2004-04-17','243-008','alenanemirova1@rambler.ru',2,'2010-09-08 06:49:32',12,0,1,0,0,1,0,3,1,'г.Норильск',3919,'229781',913,'4983341',1,0,1346621445,'0000-00-00'),(349,0,'Байсеитов','Бауыржан','Алдиярович','','0000-00-00','','1',1,'','','','0000-00-00','','bako.mail.ru@mail.ru',1,'2010-09-08 14:24:39',0,0,0,0,0,0,0,1,0,'',0,NULL,0,NULL,1,0,3566907728,'0000-00-00'),(350,0,'Кирьянова','Екатерина','Викторовна','','1987-08-11','F','Российская Федерация',1,'9406','787767','МО УФМС России по УР','2007-12-12','182-001','catrina2007@yandex.ru',2,'2010-09-08 16:56:47',17,0,1,0,0,0,0,3,1,'Удмуртская АССР',950,'1653379',912,'4406666',1,0,3156960190,'0000-00-00'),(351,0,'Девочкин','Иван','Владимирович','','1983-04-01','M','Российская Федерация',1,'4703','745253','Снежногорским ГОВД Мурманской области','2003-07-23','512-021','qnuclear@mail.ru',1,'2010-09-08 16:57:17',0,0,1,0,0,0,0,4,1,'г Фурманов Ивановской обл',0,'',0,'',1,0,1597418038,'0000-00-00'),(352,0,'Щеголеватых','Марианна','Евгеньевна','','0000-00-00','M','Российская Федерация',1,'3204','626812','УВД Центр.р-на г.Кемерово','2004-02-26','422-001','dzintarsl@mail.ru',2,'2010-09-09 02:55:38',11,0,1,0,0,1,0,3,1,'г.Кемерово',3842,'710543',950,'5955574',1,0,1540290692,'0000-00-00'),(353,0,'Лапковский','Игнатий','Эдуардович','','1986-02-19','M','Российская Федерация',1,'4606','539994','ОВД г. Электросталь','2006-06-15','502-033','evteev86@mail.ru',1,'2010-09-09 05:09:29',4,0,1,0,1,1,0,3,2,'р. Беларусь, г. Минск',496,'5768036',926,'2638807',1,0,3240214571,'0000-00-00'),(354,0,'Агазаде','Айхан','Шаиг','','0000-00-00','','1',1,'','','','0000-00-00','','aykhan.agazadeh@gmail.com',1,'2010-09-09 06:51:27',0,0,0,0,0,0,0,1,0,'',0,NULL,0,NULL,1,0,1844278888,'0000-00-00'),(355,0,'Зайцев','Сергей','Николаевич','','1972-01-24','M','Российская Федерация',1,'2004','087329','Совктским РОВД г.Воронежа','2003-10-17','362-006','armistik@rambler.ru',2,'2010-09-09 08:46:39',17,0,1,0,0,1,0,4,1,'Воронеж',4732,'314474',903,'0303669',1,1,1595976635,'0000-00-00'),(356,0,'Буянов','Дмитрий','Викторович','','1979-09-04','M','Российская Федерация',1,'6600','328913','Отделом внутренних дел Сафоновского района УВД Смоленской области','2001-10-30','672-021','buyanow@list.ru',1,'2010-09-09 10:33:28',1,0,1,0,0,0,0,3,4,'г. Сафоново Смоленской обл.',48142,'20608',920,'3232927',1,0,1357740290,'0000-00-00'),(357,0,'Репин','Ефим','Михайлович','','1980-12-18','M','Российская Федерация',1,'4567','234567','Уфмс ленинградской обоасти','2000-01-19','470-014','efimrepin@gmail.com',1,'2010-09-09 13:46:52',19,0,1,0,0,1,0,4,1,'Санкт-Петербург',812,'3526799',911,'3334567',1,0,1507788258,'0000-00-00'),(358,0,'Калинкин','Иван','Сергеевич','','1986-08-05','M','Российская Федерация',1,'4106','921400','УВД Гатчинского р-она Лен. обл','2007-02-14','472-006','miller06@inbox.ru',1,'2010-09-10 06:26:57',4,0,1,0,0,1,0,4,1,'г Каргополь Архангельская обл.',81371,'38990',906,'2426462',1,0,1336758387,'0000-00-00'),(359,0,'Бобкова ','Елена','Владимировна','','1972-02-11','F','Российская Федерация',1,'5004','142383','УВД Кировского р-она г.Новосибирска','2003-08-07','542-005','avokbob@mail.ru',1,'2010-09-10 07:34:01',11,0,1,0,0,1,0,3,2,'Новосибирск',383,'3552469',913,'9084609',1,0,3240853398,'0000-00-00'),(360,0,'Дридзо','Вадим','Леонидович','','0000-00-00','','1',1,'','','','0000-00-00','','vadim73@hotmail.com',1,'2010-09-10 11:42:10',0,0,0,0,0,0,0,1,0,'',0,NULL,0,NULL,1,0,779389139,'0000-00-00'),(362,0,'Лапин','Игорь','Валерьевич','','0000-00-00','','1',1,'','','','0000-00-00','','igor-lapin@mail.ru',1,'2010-09-10 14:17:14',0,0,0,0,0,0,0,1,0,'',0,NULL,0,NULL,1,0,2991383998,'0000-00-00'),(363,0,'Куксин','Матвей','','','0000-00-00','','1',1,'','','','0000-00-00','','lamhated@mail.ru',1,'2010-09-10 14:21:03',0,0,0,0,0,0,0,1,0,'',0,NULL,0,NULL,1,0,2998663284,'0000-00-00'),(364,0,'Минеева','Екатерина','Владимировна','','1980-06-22','F','Российская Федерация',1,'7709','018033','ТП ОФМС России по ЧАО в Билибинском мр','2009-11-20','872-004','vehov_80@mail.ru',1,'2010-09-11 06:55:22',0,0,0,0,0,0,0,2,1,'с.Анюйск Билибинский р-нМагаданская обл.',42738,'81483',924,'1728934',1,0,1347400456,'0000-00-00'),(365,0,'Сергиенко','Егор','Федорович','','1985-09-02','M','Российская Федерация',1,'0406','292906','ОВД Емельяновского района ','2007-01-20','242-023','kontur3@mail.ru',1,'2010-09-11 07:51:11',4,0,1,0,0,1,0,3,1,'Назарово',39133,'21878',923,'3777228',1,0,1606176865,'0000-00-00'),(366,0,'Наухан','Ольга','Павлова','','1988-02-19','F','Российская Федерация',1,'6708','796209','отделением №1 оуфмс россии по хмао -югре в г.сургут тюменская обл.','2008-04-08','860-004','liana1902@yandex,ru',1,'2010-09-11 08:37:42',4,0,1,0,0,0,0,4,4,'г.сургут тюменская обл.хмао-югра',35336,'23147',922,'5440888',1,0,2989267320,'0000-00-00'),(367,0,'Наухан','Ольга','Павловна','','1988-02-19','F','Российская Федерация',1,'6708','796209','отделением №1 оуфмс россии по хмао -югре в г.сургут тюменская обл.','2008-04-08','860-004','liana1902@yandex.ru',1,'2010-09-11 14:47:24',1,0,1,0,0,0,0,4,4,'г.сургут тюменская обл.хмао-югра',35336,'23147',922,'5440888',1,0,2989267320,'0000-00-00'),(368,0,'Тарасова','Юлия','','','1985-02-12','F','Российская Федерация',1,'9707','591446','ОУФМС РФ по ЧР г. Новочебоксарск','2008-01-21','210-014','cheby2009@rambler.ru',1,'2010-09-11 19:04:25',18,0,1,0,0,1,0,4,1,'г.Куйбышев',917,'6647488',917,'6647488',1,1,3579265167,'0000-00-00'),(369,0,'Хасанов','Виталий','Рафкатович','','1990-03-02','M','Российская Федерация',1,'6510','912345','отделением УФМС России по свердловской обл. в синарском районе города Каменска-Уральского','2010-04-09','660-022','fix162@mail.ru',1,'2010-09-12 04:19:38',19,0,1,0,0,1,0,3,1,'Россия, свердловская обл. г. Каменск-Уральский',3439,'341323',904,'9800948',1,0,3155176832,'0000-00-00'),(370,0,'Вечеркина','Анна','Игоревна','','0000-00-00','','1',1,'','','','0000-00-00','','AnnaWetsch@rambler.ru',1,'2010-09-12 11:53:37',0,0,0,0,0,0,0,1,0,'',0,NULL,0,NULL,1,0,3648413011,'0000-00-00'),(371,0,'Федорова ','Мария','Сергеевна','','0000-00-00','F','Российская Федерация',1,'4108','099368','ТП№101 отдел УФМС по СПб','0208-09-19','470-017','mary_na_80@mail.ru',1,'2010-09-12 17:32:04',8,0,1,0,0,1,0,3,1,'Лен. обл., Выб. р-н, п. Емилово',981,'7934329',981,'7934329',1,0,1836863982,'0000-00-00'),(374,0,'Котенева','Ольга','Владимировна','','1981-10-26','F','Российская Федерация',1,'4606','094691','шатурским овд московской области','2003-11-27','502-030','koteneva.olya@inbox.ru',1,'2010-09-13 06:16:05',14,0,1,0,0,1,0,4,1,'с Кривандино Шатурского р-на Московской области',926,'6161250',926,'6161250',1,0,3251133953,'0000-00-00'),(375,0,'Адзиева','Юлия','Васильевна','','1983-02-02','F','Российская Федерация',1,'9509','716918','ОУФМС России по республике Хакасия в г. Абакане','2009-11-28','190-002','dirigible@mail.ru',1,'2010-09-13 06:59:03',17,0,1,0,0,1,0,3,4,'г. Хабаровск',3902,'262171',983,'2737913',1,1,1606192538,'0000-00-00'),(376,0,'Самаркина','Мария','Сергеевна','','1980-11-27','F','Российская Федерация',1,'3602','825973','ОВД г.Октябрьска Самарской обл.','2003-02-04','632-019','samarkinam80@mail.ru',1,'2010-09-13 07:15:15',18,0,1,0,0,0,1,4,1,'р.п.Николаевка, Николаевского р-на, Ульяновской обл.',88464,'41611',927,'0283991',1,0,1839841714,'0000-00-00'),(377,0,'Кухтачев','Дмитрий','Олегович','','1974-10-24','M','Российская Федерация',1,'4600','697825','Виноградовским ОМ Воскресенского УВД МО','2001-01-19','503-010','dok@dolomite.su',2,'2010-09-13 09:14:58',4,0,1,0,0,1,0,3,1,'с.Конобеево Воскресенского р-на Московской области',0,'0000000',926,'7026265',1,0,1603965938,'0000-00-00'),(378,0,'Яхонтова','Анастасия','','','1973-07-21','F','Российская Федерация',1,'9801','201110','верхнеколымским овд','2001-09-21','014-039','riskas.73@mail.ru',1,'2010-09-13 09:37:23',0,0,0,0,0,0,0,2,3,'с усун-кюель',8411,'5541943',914,'1068884',1,1,1593154593,'0000-00-00'),(379,0,'Лапин','Игорь','Валерьевич','','1977-11-19','M','Российская Федерация',1,'6004','546104','ОВД Кировского района г.Ростова-на-Дону','2003-11-28','612-073','igla.111@mail.ru',1,'2010-09-13 09:49:42',4,0,1,0,0,0,0,4,2,'Калужская область г.Обнинск',961,'2883553',961,'2883553',1,0,3575343826,'0000-00-00'),(380,5555,'Суховерхова','Мария','Сергеевна','','1987-02-04','F','Российская Федерация',1,'4509','173215','ОУФМС Измаилово в ВАО','2007-07-07','770-051','mashylechka@inbox.ru',1,'2010-09-13 14:02:08',18,0,1,0,0,1,1,4,2,'Москва',967,'0818908',967,'0818908',3,0,1504847056,'0000-00-00'),(381,0,'Воронина','Екатерина','Павловна','','1991-08-06','F','Российская Федерация',1,'7505','936606','УВД г Миасса Челябинской области','2006-05-19','745-025','katerinavoronina91@mail.ru',1,'2010-09-14 04:10:47',17,0,1,0,0,1,0,3,1,'г Миасс',3513,'575027',908,'0573035',1,0,1495251578,'0000-00-00'),(382,0,'Васильева','Дарья','Валерьевна','','1988-03-25','F','Российская Федерация',1,'8708','290934','Отд.УФМС России по РК в г.Сыктывкаре','0000-00-00','011-001','d026181@mail.ru',1,'2010-09-14 06:38:00',11,0,1,0,0,1,0,3,1,'Мурманская область пос.Видяево',8212,'512606',912,'1977212',1,0,1597301843,'0000-00-00'),(383,0,'Милиенко','Архип','Адольфович','','1969-09-10','M','Российская Федерация',1,'4504','646250','ОВД \"Северное Измайлово\" п/с№2','2003-04-05','772-126','blakangel13@yandex.ru',2,'2010-09-14 18:12:13',4,0,1,0,0,1,0,4,1,'г.Москва',499,'3089598',903,'2109175',1,0,1531778467,'0000-00-00'),(384,0,'Рудин','Александр','','','0000-00-00','','',0,'','','','0000-00-00','','lptsk_msk@mail.ru',0,'2010-09-14 18:43:37',0,0,1,0,0,0,0,4,0,'',0,'',0,'',0,0,3001697463,'0000-00-00'),(385,0,'Коин','Роман','','','0000-00-00','','1',1,'','','','0000-00-00','','khjkjkj@mail.ru',1,'2010-09-14 18:59:08',0,0,0,0,0,0,0,1,0,'',0,NULL,0,NULL,1,0,3001697463,'0000-00-00'),(386,0,'Карих','Евгений','','','1984-01-11','M','Российская Федерация',1,'4203','889568','Правобережным ОМ','2000-01-12','482-009','kglfkgflkg@bk.ru',1,'2010-09-14 19:15:51',4,0,1,0,1,1,0,3,2,'Липецк',4742,'272727',920,'2290500',1,0,3001697463,'0000-00-00'),(387,0,'Шатов','Василий','Геннадьевич','','0000-00-00','','1',1,'','','','0000-00-00','','2010w@list.ru',1,'2010-09-14 23:52:34',0,0,0,0,0,0,0,1,0,'',0,NULL,0,NULL,1,0,3277188807,'0000-00-00'),(388,0,'Юнусов','Бахтиер','Мехрожович','','0000-00-00','','1',1,'','','','0000-00-00','','hard.go.pro@mail.ru',1,'2010-09-15 03:48:10',0,0,0,0,0,0,0,1,0,'',0,NULL,0,NULL,1,0,1593212695,'0000-00-00'),(389,0,'Кондратьев','Егор','Александрович','','0000-00-00','','1',1,'','','','0000-00-00','','shamid89@bk.ru',1,'2010-09-15 11:53:03',0,0,0,0,0,0,0,1,0,'',0,NULL,0,NULL,1,0,1314250342,'0000-00-00'),(393,0,'Иванова','Наталья','Владимировна','','1977-06-09','F','Российская Федерация',1,'7600','183170','ОВД Краснокаменского района Читинской области','2001-03-01','752-016','Hatasha999@mail.ru',1,'2010-09-15 17:32:55',7,0,1,0,0,0,0,3,1,'Читинская область г. Краснокаменск',30245,'65305',914,'1408879',1,0,1606239576,'0000-00-00'),(394,0,'Батыров','Муслим','Шабанович','','0000-00-00','','1',1,'','','','0000-00-00','','xplsc@mail.ru',1,'2010-09-15 20:33:21',0,0,0,0,0,0,0,1,0,'',0,NULL,0,NULL,1,0,3652118539,'0000-00-00'),(396,0,'Кропотов','Виктор','Викторович','','1987-11-10','M','Российская Федерация',1,'6509','844508','Отдел УФМС России по Свердловской области в Верх-Исетском районе города Екатерибурга','2009-12-02','660-001','venom_013@me.com',1,'2010-09-16 11:30:31',4,0,1,0,0,0,0,4,4,'Свердловск',922,'1682210',912,'6158186',1,1,1474336713,'0000-00-00'),(397,0,'Торопов ','Николай ','Александрович','','0000-00-00','','1',1,'','','','0000-00-00','','kobba86@mail.ru',1,'2010-09-16 16:03:14',0,0,0,0,0,0,0,1,0,'',0,NULL,0,NULL,1,0,1402274663,'0000-00-00'),(398,0,'Тентимишов','Данияр','','','0000-00-00','','1',1,'','','','0000-00-00','','ocooslava@gmail.com',1,'2010-09-17 06:44:26',0,0,0,0,0,0,0,1,0,'',0,NULL,0,NULL,1,0,1427220557,'0000-00-00'),(400,5580,'Калмыков','Дмитрий','Святославович','','1988-01-27','M','Российская Федерация',1,'5207','584361','Отделом  №1 УФМС Росии по омской области в ЦАО г. Омска','2008-02-26','550-006','baxok@yandex.ru',1,'2010-09-17 09:20:29',5,0,1,0,1,1,1,4,2,'г. Омск',3812,'305693',951,'9817344',1,0,3648238118,'0000-00-00'),(401,0,'Афанасьева','Ирина','Федоровна','','1986-08-19','F','Российская Федерация',1,'8008','598299','Отделом УФМС РОССИИ по РБ гор. Уфы','2008-10-30','020-002','laska210@mail.ru',1,'2010-09-17 11:55:39',8,0,1,0,0,1,0,3,1,'гор. Уфа',3472,'818641',917,'3788945',1,0,1592071310,'0000-00-00'),(402,0,'Кипоренко','Татьяна','Николаевна','','1987-03-11','F','Российская Федерация',1,'4509','127075','отделением по району кунцево','2007-04-25','770-064','tanusik-20@yandex.ru',1,'2010-09-18 09:39:32',11,0,1,0,0,1,0,3,1,'Москва',495,'9478904',926,'5617089',1,0,1435292126,'0000-00-00'),(403,0,'Борисова','Ирина','Борисовна','','0000-00-00','','1',1,'','','','0000-00-00','','irinaborisova1987@gmail.com',1,'2010-09-19 08:11:51',0,0,0,0,0,0,0,1,0,'',0,NULL,0,NULL,1,0,1606230754,'0000-00-00'),(404,0,'Рябчевских','Дмитрий','Анатольевич','','1982-05-24','M','Российская Федерация',1,'5703','497963','ОВД Еловского района','2002-11-25','592-018','elovo-rda@yandex.ru',2,'2010-09-19 09:35:47',4,0,1,0,0,1,0,3,1,'Елово',34296,'31527',951,'9560077',1,0,3155251820,'0000-00-00'),(405,0,'Паша','Инга','Ивановна','','0000-00-00','','1',1,'','','','0000-00-00','','inga.pasha@hotmail.com',1,'2010-09-19 13:49:30',0,0,0,0,0,0,0,1,0,'',0,NULL,0,NULL,1,0,1545867622,'0000-00-00'),(406,0,'Копылова','Полина','','','0000-00-00','','1',1,'','','','0000-00-00','','polinka_tlt@mail.ru',1,'2010-09-19 16:00:32',0,0,0,0,0,0,0,1,0,'',0,NULL,0,NULL,1,0,1839836856,'0000-00-00'),(407,0,'Савицкий ','Константин','Викторович','','0000-00-00','','1',1,'','','','0000-00-00','','kostya-s@mail.ru',1,'2010-09-20 05:51:36',0,0,0,0,0,0,0,1,0,'',0,NULL,0,NULL,1,0,3249088494,'0000-00-00'),(408,0,'Андреев','Дмитрий','Юрьевич','','0000-00-00','','1',1,'','','','0000-00-00','','ded3058@yandex.ru',1,'2010-09-20 07:25:55',0,0,0,0,0,0,0,1,0,'',0,NULL,0,NULL,1,0,1606306287,'0000-00-00'),(409,0,'Коротков','Андрей','Владимирович','','1988-10-22','M','Российская Федерация',1,'5208','709154','ОУФМС России по Омской области в Кировском АО г.Омска','2008-11-20','550-001','gogomark@mail.ru',1,'2010-09-20 08:25:24',14,0,1,0,1,1,0,3,2,'г. Омск',3812,'756793',962,'0346203',1,0,1551813913,'0000-00-00'),(410,0,'Пятков','Дмитрий','Александрович','','1973-12-11','M','Российская Федерация',1,'2503','504385','Ленинским РУВД г.Иркутска','2000-01-04','382-004','v.d.dim@mail.ru',1,'2010-09-20 10:56:25',11,0,1,0,0,1,0,3,3,'г.Иркутск',3952,'399874',914,'8812555',1,0,1606237805,'0000-00-00'),(412,0,'Пережигин','Сергей','','','0000-00-00','','1',1,'','','','0000-00-00','','perezhigin@narod.ru',1,'2010-09-20 12:34:35',0,0,0,0,0,0,0,1,0,'',0,NULL,0,NULL,1,0,3650409922,'0000-00-00'),(414,0,'Коваленко','Юрий','Владимирович','','0000-00-00','','1',1,'','','','0000-00-00','','yurkovalenk@yandex.ru',1,'2010-09-20 13:04:40',0,0,0,0,0,0,0,1,0,'',0,NULL,0,NULL,1,0,2994496590,'0000-00-00'),(415,0,'Данильченко','Артем','Павлович','','1990-02-01','M','Российская Федерация',1,'4610','877101','ТП \"ЦЕНТРАЛЬНЫЙ\" ОУФМС РОССИИ ПО МОСКОВСКОЙ ОБЛ. В ГОР. КОЛОМНЕ','2010-03-17','500-051','mynewstudy@mail.ru',1,'2010-09-20 13:18:37',4,0,1,0,0,1,0,3,1,'г. Коломна',496,'6122296',916,'5219871',1,0,1598603815,'0000-00-00'),(416,0,'Зеленецкий','Генрик','Владимирович','','0000-00-00','','1',1,'','','','0000-00-00','','hzel@rambler.ru',1,'2010-09-21 06:49:21',0,0,0,0,0,0,0,1,0,'',0,NULL,0,NULL,1,0,1384955941,'0000-00-00'),(417,0,'Мороз','Сергей','Александрович','','1976-05-15','M','Российская Федерация',1,'4505','344787','65 о.м ОВД Гольяново г.Москвы','2003-02-27','773-038','otmorozok.moroz@yandex.ru',1,'2010-09-21 13:20:40',17,0,1,0,0,1,1,4,1,'г.Москва',499,'7855746',915,'3820092',3,0,1504868948,'0000-00-00'),(418,5601,'Коровин','Алексей','Геннадьевич','','1982-06-28','M','Российская Федерация',1,'4203','899513','Правобережным ОВД г.Липецка','2003-12-05','482-007','ak_2012@mail.ru',1,'2010-09-21 16:52:52',50,1,3,0,1,1,1,4,2,'г. Липецк',4742,'277755',909,'2191909',1,0,3001696833,'0000-00-00'),(419,0,'Верещагин','Геннадий','Иванович','','0000-00-00','','',0,'','','','0000-00-00','','Veregagin@mail.ru',0,'2010-09-22 09:45:46',0,0,1,0,0,0,0,4,0,'',0,'',0,'',0,0,1593212526,'0000-00-00'),(420,0,'Шереметьев','Павел','Дмитриевич','','1986-07-14','M','Российская Федерация',1,'3605','463518','Центральным РУВД г. Тольятти Самарской обл.','2006-07-27','632-004','pd_sheremetev@transformator.com.ru',1,'2010-09-22 11:36:01',7,0,1,0,0,1,0,3,1,'С.Дусти Кумсангирского р-на Кургантюбинской обл.',8482,'208966',927,'0248942',1,0,1408433590,'0000-00-00'),(421,0,'Михеева','Анна','Владимировна','','0000-00-00','','',0,'','','','0000-00-00','','laym@spaces.ru',0,'2010-09-22 16:11:20',0,0,1,0,0,0,0,4,0,'',0,'',0,'',0,0,1357902546,'0000-00-00'),(422,0,'Махортова','Светлана','Викторовна','','0000-00-00','','1',1,'','','','0000-00-00','','makhortova.svetlana@ya.ru',1,'2010-09-23 05:11:44',0,0,0,0,0,0,0,1,0,'',0,NULL,0,NULL,1,0,1551655323,'0000-00-00'),(423,0,'Михина','Наталья','Юрьевна','','1973-07-13','F','Российская Федерация',1,'8604','783728','ОВД РК г.Костомукши','2006-07-04','102-006','natalia_10@bk.ru',1,'2010-09-23 09:11:33',8,0,1,0,0,1,1,4,1,'г.Магнитогорск,Челябинская обл',0,'00000000',921,'4572828',1,0,1311058753,'0000-00-00'),(424,0,'Козлов','Александр','Анатольевич','','0000-00-00','','1',1,'','','','0000-00-00','','diusdik@gmail.com',1,'2010-09-23 10:32:20',0,0,0,0,0,0,0,1,0,'',0,NULL,0,NULL,1,0,3648410100,'0000-00-00'),(426,0,'Родина','Мария','Александровна','','0000-00-00','','1',1,'','','','0000-00-00','','mariya-rodina@rambler.ru',1,'2010-09-24 10:55:34',0,0,0,0,0,0,0,1,0,'',0,NULL,0,NULL,1,0,1595528629,'0000-00-00'),(427,0,'Трубин','Андрей','Владимирович','','1985-09-30','M','Российская Федерация',1,'2506','671467','УВД город ангарск Иркутской области','2006-07-12','382-020','andreiitrubin@rambler.ru',1,'2010-09-25 03:44:25',8,0,1,0,0,1,0,3,4,'город Ангарск Иркутской области',3955,'553997',904,'1225113',1,0,1593212561,'0000-00-00'),(428,0,'Азарова','Валентина','Сергеевна','','0000-00-00','','1',1,'','','','0000-00-00','','valentina.azar@mail.ru',1,'2010-09-25 17:38:58',0,0,0,0,0,0,0,1,0,'',0,NULL,0,NULL,1,0,1055138224,'0000-00-00'),(429,0,'Черткова','Ирина','Анатольевна','','0000-00-00','','1',1,'','','','0000-00-00','','saxtoday@rambler.ru',1,'2010-09-26 02:35:34',0,0,0,0,0,0,0,1,0,'',0,NULL,0,NULL,1,0,1662441070,'0000-00-00'),(430,0,'Лобанова','Татьяна','Александровна','','0000-00-00','','1',1,'','','','0000-00-00','','Lobanova73@yndex.ru',1,'2010-09-26 02:35:51',0,0,0,0,0,0,0,1,0,'',0,NULL,0,NULL,1,0,1606316316,'0000-00-00'),(431,0,'Коренек','Алексей','Владимирович','','1972-10-20','M','Российская Федерация',1,'4004','914490','43 ом Петроградского р-на Санкт-Петербурга','2004-02-28','782-043','korall@fastex.ru',1,'2010-09-26 14:03:01',0,0,0,0,0,0,0,2,1,'город Луга Ленинградской обл.',812,'2343066',921,'3268876',1,0,2997919223,'0000-00-00'),(432,5624,'Бескровный','Юрий','Ярославович','','1990-08-11','M','Российская Федерация',1,'4510','891097','Отделение УОФМС по району Чертаново Южное','2010-09-20','770-041','yjdjcnm@mail.ru',1,'2010-09-26 15:33:41',4,0,1,0,0,1,0,3,1,'Москва',495,'4846004',916,'1217440',1,0,1580054568,'0000-00-00'),(433,0,'Попов ','Владимир','Владимирович','','0000-00-00','','1',1,'','','','0000-00-00','','Popov_Vladimir_V@mail.ru',1,'2010-09-27 05:05:27',0,0,0,0,0,0,0,1,0,'',0,NULL,0,NULL,1,0,1408200998,'0000-00-00'),(434,0,'Шуплецов ','Александр','Александрович','','0000-00-00','','1',1,'','','','0000-00-00','','aash72@mail.ru',1,'2010-09-27 05:39:07',0,0,0,0,0,0,0,1,0,'',0,NULL,0,NULL,1,0,1841474817,'0000-00-00'),(435,0,'Новоселова','Александра','Владимировна','','0000-00-00','','1',1,'','','','0000-00-00','','nvsl@list.ru',1,'2010-09-27 07:24:03',0,0,0,0,0,0,0,1,0,'',0,NULL,0,NULL,1,0,1578684444,'0000-00-00'),(436,0,'Жижин','Александр','Николаевич','','1981-01-28','M','Российская Федерация',1,'7404','461223','ОВД г. Лабытнанги ЯНАО','2004-05-11','892-007','probiker@inbox.ru',1,'2010-09-27 16:39:39',4,0,1,0,0,1,0,3,1,'п. Лальск Лузского р-на Кировской обл.',34993,'72671',951,'9829684',1,0,1519861749,'0000-00-00'),(437,0,'Еникеева','Алия','Тауфиковна','','1986-03-07','F','Российская Федерация',1,'8004','472122','ОВД г.Сибая Республики Башкортостан','2006-08-06','022-011','Aliyusha_6938@mail.ru',1,'2010-09-28 04:11:20',4,0,1,0,0,1,0,3,1,'Республика Башкортостан г.Сибай',987,'6055953',987,'6055953',1,1,1601069669,'0000-00-00'),(438,0,'Иньшакова','Ирина','Николаевна','','0000-00-00','','1',1,'','','','0000-00-00','','Ira197708@mail.ru',1,'2010-09-28 07:07:51',0,0,0,0,0,0,0,1,0,'',0,NULL,0,NULL,1,0,1359196378,'0000-00-00'),(439,0,'Коломыцева','Ирина','Александровна','','1986-11-28','F','Российская Федерация',1,'1406','749306','ОВД Белгородской обл','2006-12-02','312-013','Snezhinka.86@bk.ru',1,'2010-09-28 07:58:21',0,0,0,0,0,0,0,2,4,'новый оскол',922,'4215908',905,'5204366',1,0,1504885877,'0000-00-00'),(440,0,'Кадыров','Василий','Александрович','','1982-02-15','M','Российская Федерация',1,'5303','689164','ОВД Советского района гор. Орска Оренбургской области','2003-11-03','562-005','va.kadyrov@yandex.ru',1,'2010-09-28 08:35:21',4,0,1,0,1,1,0,4,2,'г. Орск Оренбургской области',916,'4995205',916,'4995205',1,0,1295193484,'0000-00-00'),(441,0,'Шутов','Александр','Александрович','','1989-05-03','M','Российская Федерация',1,'4510','497597','Отделением по району Выхино ОУФМС России по гор.Москве','2009-10-14','770-100','fuseinaru@yahoo.com',1,'2010-09-28 09:00:50',4,0,1,0,0,0,0,4,1,'город Москва',495,'3762517',962,'9268712',1,0,1408041494,'0000-00-00'),(442,0,'Миронова','Анжела','Николаевна','','1974-12-23','F','Российская Федерация',1,'2506','825298','уфмс россии','2007-08-20','380-014','angelammm@mail.ru',1,'2010-09-29 10:41:55',8,0,1,1,0,0,0,4,4,'бирюсинск',39535,'38513',902,'1733927',1,1,1307800421,'0000-00-00'),(443,0,'Павлов','Александр','Николаевич','','0000-00-00','','1',1,'','','','0000-00-00','','Alex_45612_79@mail.ru',1,'2010-09-29 12:10:41',0,0,0,0,0,0,0,1,0,'',0,NULL,0,NULL,1,0,1595837792,'0000-00-00'),(444,0,'Фомина','Кристина','Александровна','','0000-00-00','','1',1,'','','','0000-00-00','','cristina04051991@mail.ru',1,'2010-09-30 03:45:05',0,0,0,0,0,0,0,1,0,'',0,NULL,0,NULL,1,0,1298037500,'0000-00-00'),(445,0,'Гвоздева','Мария ','Владимировна','','0000-00-00','','1',1,'','','','0000-00-00','','up-obr-gvozdeva@yandex.ru',1,'2010-09-30 05:28:35',0,0,0,0,0,0,0,1,0,'',0,NULL,0,NULL,1,0,1294482430,'0000-00-00'),(446,0,'Маяков','Василий','Сергеевич','','0000-00-00','','1',1,'','','','0000-00-00','','astra800@bk.ru',1,'2010-09-30 07:13:32',0,0,0,0,0,0,0,1,0,'',0,NULL,0,NULL,1,0,1475160714,'0000-00-00'),(447,5976,'Васин','Валерий','Валерьевич','','1976-12-28','M','Российская Федерация',1,'3602','650178','Самарскийм РОВД г.Самара','2002-11-13','630-001','valerkav@mail.ru',1,'2010-09-30 10:43:02',6,0,7,1,0,0,1,4,4,'Куйбышев',846,'3328979',927,'7117717',1,1,3645003742,'0000-00-00'),(448,0,'Командеко','Юлия','','','1984-11-13','F','Российская Федерация',1,'0405','478582','ОВД Адлерского р-н г. Сочи Краснодарского кр.','2004-12-24','232-007','lu_lik@mail.ru',2,'2010-09-30 17:35:45',18,0,1,0,0,0,0,3,1,'Адлерский р-н г. Сочи',495,'3966529',916,'6113093',1,0,1595567124,'0000-00-00'),(449,0,'Ульмасов','Игорь','Андреевич','','0000-00-00','','1',1,'','','','0000-00-00','','misterdre@mail.ru',1,'2010-09-30 19:50:33',0,0,0,0,0,0,0,1,0,'',0,NULL,0,NULL,1,0,1598590156,'0000-00-00'),(450,0,'Кропачева','Евгения','Сергеевна','','1987-06-08','F','Российская Федерация',1,'5708','258599',' Отделом УФМС России по Пермскому краю в г Березники','2009-09-02','590-014','evg.cropa4eva@yandex.ru',1,'2010-10-01 07:25:18',8,0,1,1,0,1,0,3,1,'Пермкий край г Березники',242,'267127',908,'2634748',1,0,1566206195,'0000-00-00'),(451,0,'Чеботарев','Илья','Николаевич','','0000-00-00','','1',1,'','','','0000-00-00','','aksajak@mail.ru',1,'2010-10-01 08:05:45',0,0,0,0,0,0,0,1,0,'',0,NULL,0,NULL,1,0,1606195402,'0000-00-00'),(452,0,'Онучин','Дмитрий','Александрвич','','0000-00-00','','1',1,'','','','0000-00-00','','Dmitry_89@mail.ru',1,'2010-10-01 14:57:41',0,0,0,0,0,0,0,1,0,'',0,NULL,0,NULL,1,0,1307994118,'0000-00-00'),(453,0,'Захаров','Денис','Юрьевич','','0000-00-00','','1',1,'','','','0000-00-00','','zaharov.rabota2010@yandex.ru',1,'2010-10-02 15:50:40',0,0,0,0,0,0,0,1,0,'',0,NULL,0,NULL,1,0,1593212572,'0000-00-00'),(454,0,'Шаповаленко','Павел','Васильевич','','1982-08-02','M','Российская Федерация',1,'4007','221553','ТП №52 ОТДЕЛА УФМС РОССИИ ПО САНКТ-ПЕТЕРБУРГУ И ЛЕНИНГРАДСКОЙ ОБЛ. В НЕВСКОМ Р-НЕ ГОР. САНКТ-ПЕТЕРБУ','2007-05-18','780-052','ppaha@yandex.ru',1,'2010-10-02 18:57:38',11,0,1,1,0,1,0,4,4,'г. Донецк, УССР ',34668,'48403',904,'4807128',1,0,2991088384,'0000-00-00'),(455,0,'Григорьев','Николай','Владимирович','','0000-00-00','','1',1,'','','','0000-00-00','','grigoryevn@mail.ru',1,'2010-10-03 18:13:40',0,0,0,0,0,0,0,1,0,'',0,NULL,0,NULL,1,0,1427809750,'0000-00-00'),(456,0,'Пикалов','Сергей','Алексеевич','','0000-00-00','','1',1,'','','','0000-00-00','','smityxp@mail.ru',1,'2010-10-03 19:30:25',0,0,0,0,0,0,0,1,0,'',0,NULL,0,NULL,1,0,1357902646,'0000-00-00'),(457,0,'Кочетова','Анастасия','Владимировна','','1984-02-26','F','Российская Федерация',1,'4499','011728','УВД города Магадана','2000-02-09','491-001','kochetova_anasta@mail.ru',1,'2010-10-04 05:05:28',11,0,1,0,0,0,0,4,1,'город Магадан',413,'657410',914,'8673333',1,0,1364819451,'0000-00-00'),(458,0,'Эртель','Людмила','','','1973-10-20','F','Российская Федерация',1,'9502','214762','Боградским РОВД Республики Хакасия','2002-06-14','192-009','mila.mail.ru@bk.ru',1,'2010-10-04 07:52:03',8,0,1,1,1,1,0,3,2,'село Боград',3903,'492075',913,'4466533',1,0,1606191837,'0000-00-00'),(459,0,'Кузьмина','Елена','Сергеевна','','0000-00-00','','1',1,'','','','0000-00-00','','Elenka_708@meil.ru',1,'2010-10-04 11:29:32',0,0,0,0,0,0,0,1,0,'',0,NULL,0,NULL,1,0,1504930074,'0000-00-00'),(460,0,'Маяков','Василий','Сергеевич','','1980-07-23','M','Российская Федерация',1,'4605','092727','Реутовским ГОВД Мос. Обл.','2003-06-05','502-052','vasyatina1980@mail.ru',1,'2010-10-05 05:12:45',7,0,1,1,0,1,0,3,4,'г. Реутов, Мос. Обл.',495,'7918456',926,'9101278',1,0,1475160714,'0000-00-00'),(461,0,'Павлова','Наталья','Сергеевна','','1975-04-10','F','Российская Федерация',1,'1001','217595','Зейским ГРОВД Амурской области','2001-11-22','282-012','n-pavlova-amur@mail.ru',1,'2010-10-05 05:46:35',7,0,1,1,0,1,0,3,1,'п. Стойба Селемджинского района Амурской области',41658,'32652',909,'8110144',1,0,1332329681,'0000-00-00'),(462,0,'Шафигуллина','Маргарита','Сергеевна','','0000-00-00','','1',1,'','','','0000-00-00','','mar.shaf1980@yandex.ru',1,'2010-10-05 08:24:38',0,0,0,0,0,0,0,1,0,'',0,NULL,0,NULL,1,0,1592195039,'0000-00-00'),(463,0,'Карлин','Павел','Юрьевич','','0000-00-00','','',0,'','','','0000-00-00','','karlin_pav@mail.ru',0,'2010-10-05 12:07:51',0,0,1,0,0,0,0,4,0,'',0,'',0,'',0,0,1347677970,'0000-00-00'),(464,0,'Минаева','Екатерина','Алексеевна','','0000-00-00','','1',1,'','','','0000-00-00','','TheKatrinM@gmail.com',1,'2010-10-05 12:24:18',0,0,0,0,0,0,0,1,0,'',0,NULL,0,NULL,1,0,3580630093,'0000-00-00'),(465,0,'Пнева','Кристина','Андреевна','','1987-03-09','F','Российская Федерация',1,'7407','637790','УФМС России по ЯНАО в Пуровском районе','2008-02-02','890-005','kcuxa-mixailova@mail.ru',1,'2010-10-06 09:55:09',8,0,1,1,0,1,0,3,1,'п.Тарко-Сале Пуровский район Тюменская обл.',34997,'21446',922,'6744813',1,1,1580348845,'0000-00-00'),(466,0,'Гриненко','Алексей','Сергеевич','','1979-08-31','M','Российская Федерация',1,'4005','683726','55 о\\м Колпинского р-на г. С-Петербурга','2005-11-11','782-055','redfoxspb@gmail.com',1,'2010-10-06 09:58:47',4,0,1,1,1,1,0,3,2,'гор. Ленинград',812,'4821759',921,'9419038',1,0,1402274692,'0000-00-00'),(467,0,'Кожухарь','Руслана','Николаевна','','0000-00-00','','1',1,'','','','0000-00-00','','russpups@mail.ru',1,'2010-10-07 04:04:56',0,0,0,0,0,0,0,1,0,'',0,NULL,0,NULL,1,0,1489889865,'0000-00-00'),(468,0,'Флягина ','Татьяна','Юрьевна','','0000-00-00','','1',1,'','','','0000-00-00','','tfltelez05@mail.ru',1,'2010-10-07 05:21:53',0,0,0,0,0,0,0,1,0,'',0,NULL,0,NULL,1,0,1841754373,'0000-00-00'),(469,0,'Казаков','Андрей','Валерьевич','','0000-00-00','','1',1,'','','','0000-00-00','','avkazakov@inbox.ru',1,'2010-10-07 08:00:29',0,0,0,0,0,0,0,1,0,'',0,NULL,0,NULL,1,0,2997956628,'0000-00-00'),(470,0,'Пащенко ','Виктор','Федорович','','1960-10-19','M','Российская Федерация',1,'6505','639881','Кировским УВД г. Екатеринбурга','2005-11-08','662-002','pasvik@mail.ru',2,'2010-10-07 08:23:56',11,0,1,1,0,1,1,4,1,'с.Кулунда Кулундинского района Алтайского края',343,'3652389',912,'2423536',1,0,1841754373,'0000-00-00'),(471,0,'Маяков','Василий','Сергеевич','','1980-07-23','M','Российская Федерация',1,'4605','092727','Реутовским ГОВД М.О.','2003-06-05','502-052','mayakov2009@yandex.ru',1,'2010-10-07 11:15:32',4,0,1,0,0,1,1,4,2,'Реутов М.О.',495,'7918456',926,'9101278',1,0,1506859331,'0000-00-00'),(472,0,'Котурга','Елена','Геннадьевна','','1972-01-22','F','Российская Федерация',1,'6503','425977','Туринским РОВД','2002-10-16','662-060','e.koturga@mail.ru',1,'2010-10-07 13:03:04',17,0,1,0,0,1,0,3,1,'г.Чу Джамбульской области',34349,'21469',912,'2677170',1,0,1580432868,'0000-00-00'),(473,0,'Чирикова','Карина','','','0000-00-00','','1',1,'','','','0000-00-00','','karina-drakon36@freemail.ru',1,'2010-10-08 12:19:30',0,0,0,0,0,0,0,1,0,'',0,NULL,0,NULL,1,0,1832710828,'0000-00-00'),(474,0,'Ходаковский','Юрий','Евгеньевич','','1984-02-07','M','Российская Федерация',1,'0405','016953','ГОМ-1 Управления Внутренних Дел Советского Райлна города Красноярска','2005-11-15','243-001','crazywwolf@gmail.com',1,'2010-10-08 23:19:45',8,0,1,1,0,1,0,3,1,'г. Красноярск',391,'2250366',953,'5881185',1,0,39786968,'0000-00-00'),(475,0,'Челноков','Александр','Андреевич','','1987-02-14','M','Российская Федерация',1,'4008','615946','ТП №13 Отдела УФМС России по Санкт-Петербургу и Лен. обл. в Выборгском районе гор. Санкт-Петербурга','2008-11-28','780-013','chelnokoff@list.ru',1,'2010-10-08 23:41:17',4,0,1,1,0,1,0,4,2,'г. Ленинград',812,'5990051',981,'7075326',1,0,1566878013,'0000-00-00'),(476,0,'Зякин','Сергей','Викторович','','1984-12-30','M','Российская Федерация',1,'1704','555048','ОВД Ленинского р-на г. Владимир','2005-02-08','332-001','zjakin@mail.ru',1,'2010-10-09 04:38:32',4,0,1,1,0,1,1,4,1,'г. Владимир',4922,'363748',906,'5629931',1,0,3559025018,'0000-00-00'),(477,0,'Ровенский','Олег','Анатольевич','','1984-10-04','M','Российская Федерация',1,'5205','067956','увд№2 ЦАО г.Омска','2004-11-25','552-006','rovensky84@mail.ru',1,'2010-10-09 08:37:21',1,0,1,0,0,1,0,3,1,'гор. Омск',38155,'26924',950,'3380215',1,0,1551678103,'0000-00-00'),(478,0,'Кириллова','Светлана','Валерьевна','','1980-12-02','F','Российская Федерация',1,'4108','187425','ТП №112 отдела УФМС Россиипо Санкт-Петербургу и Ленинградской области в Кировском районе','2009-08-14','470-028','fils_veta@mail.ru',1,'2010-10-09 11:41:21',4,0,1,1,0,1,0,3,1,'Ленинградская область, г. Кировск',81362,'21196',960,'2670102',1,0,3249094158,'0000-00-00'),(479,0,'Медведев','Рудольф','','','1993-02-15','M','Российская Федерация',1,'8506','353644','ТПОФМС по РК Яшалтинского райога','2007-05-12','080-013','rudolf_2010@mail.ru',1,'2010-10-09 18:16:26',4,0,1,1,0,1,0,4,1,'РК, Яшалинский район, с.Березовское, ул.Заречная, 16',7847,'4595321',910,'4051275',1,0,2997925298,'0000-00-00'),(481,0,'Гайнуллин','Хайдар','Хамитович','','0000-00-00','','1',1,'','','','0000-00-00','','haydarchem@mail.ru',1,'2010-10-10 05:26:49',0,0,0,0,0,0,0,1,0,'',0,NULL,0,NULL,1,0,1841000240,'0000-00-00'),(482,0,'Цуканов','Денис','Николаевич','','0000-00-00','','1',1,'','','','0000-00-00','','neo198227@mail.ru',1,'2010-10-11 12:19:32',0,0,0,0,0,0,0,1,0,'',0,NULL,0,NULL,1,0,1540303364,'0000-00-00'),(483,0,'Барышникова','Елена','Андреевна','','0000-00-00','','1',1,'','','','0000-00-00','','Lena1987_87@bk.ru',1,'2010-10-11 13:06:55',0,0,0,0,0,0,0,1,0,'',0,NULL,0,NULL,1,0,1595452782,'0000-00-00'),(484,0,'Пантелеев','Виктор','Иванович','','0000-00-00','','1',1,'','','','0000-00-00','','wellcometogo@mail.ru',1,'2010-10-12 10:18:17',0,0,0,0,0,0,0,1,0,'',0,NULL,0,NULL,1,0,1211600072,'0000-00-00'),(485,0,'Васильева','Наталья ','Игоревна','','0000-00-00','','1',1,'','','','0000-00-00','','attash@yandex.ru',1,'2010-10-12 16:42:42',0,0,0,0,0,0,0,1,0,'',0,NULL,0,NULL,1,0,1580049734,'0000-00-00'),(486,0,'Дюбанов','Семен','Игоревич','','0000-00-00','','1',1,'','','','0000-00-00','','defrag@sibnet.ru',1,'2010-10-13 09:38:10',0,0,0,0,0,0,0,1,0,'',0,NULL,0,NULL,1,0,1359080321,'0000-00-00'),(487,0,'Соболев','Илья','Владимирович','','0000-00-00','','1',1,'','','','0000-00-00','','sable82@mail.ru',1,'2010-10-13 12:49:37',0,0,0,0,0,0,0,1,0,'',0,NULL,0,NULL,1,0,1546831254,'0000-00-00'),(488,0,'Мадыкина','Анастасия','Юрьевна','','1988-10-05','F','Российская Федерация',1,'4608','470251','ТП В ПОС. КУРИЛОВО ОУФМС РОССИИ ПО МОСКОВСКОЙ ОЛБ. В ГОР. ПОДОЛЬСКЕ','2008-11-13','500-127','nastya.madykina@mail.ru',1,'2010-10-13 12:59:01',11,0,1,1,0,1,0,3,1,'С. СЫНКОВО',509,'650',905,'7182234',1,0,3000571939,'0000-00-00'),(489,0,'Куницын','Антон','Сергеевич ','','0000-00-00','','1',1,'','','','0000-00-00','','50070084@mail.ru',1,'2010-10-14 02:50:34',0,0,0,0,0,0,0,1,0,'',0,NULL,0,NULL,1,0,1437409378,'0000-00-00'),(490,0,'Балахчина','Ирина','Николаевна','','1976-10-01','F','Российская Федерация',1,'9506','625407','Алтайским РОВД Республики Хакасия','2007-04-11','192-005','irina_bhbyf@mail.ru',2,'2010-10-14 06:09:29',0,0,0,0,0,0,0,2,2,'поселок Шира Ширинского района Красноярского края',39035,'94391',961,'7751475',1,0,1606192831,'0000-00-00'),(491,5731,'Рыжков','Петр','Александрович','','1988-12-18','M','Российская Федерация',1,'0408','731463','Отделом УФМС России по Красноярскому Краю в Кировском р-не гор.Красноярска','2009-02-21','240-007','petrryzhkov@gmail.com',1,'2010-10-14 12:04:54',7,0,1,0,0,1,1,4,1,'г.Красноярск',985,'4426716',985,'4426716',1,0,1570629674,'0000-00-00'),(492,0,'Чудесников','Антон','Дмитриевич','','0000-00-00','','1',1,'','','','0000-00-00','','sysbooter@inbox.ru',1,'2010-10-14 14:11:58',0,0,0,0,0,0,0,1,0,'',0,NULL,0,NULL,1,0,1211600072,'0000-00-00'),(493,0,'Фатеев','Алексей','Борисович','','0000-00-00','','1',1,'','','','0000-00-00','','istok-tv@mail.ru',1,'2010-10-15 04:50:42',0,0,0,0,0,0,0,1,0,'',0,NULL,0,NULL,1,0,1519899299,'0000-00-00'),(494,0,'Селихов','Дмитрий','Александрович','','1973-01-01','M','Российская Федерация',1,'4607','981533','отд. в г. Щербинке ОУФМС России по московской обл. в гор. Подольске','2007-11-23','500-125','selikhov@pisem.net',1,'2010-10-15 18:57:04',4,0,1,1,0,1,1,4,2,'гор. Небит-Даг',925,'0672340',925,'0672340',1,0,1843762530,'0000-00-00'),(495,0,'Емельянова','Алена','Викторовна','','1979-12-15','F','Российская Федерация',1,'6703','976125','ОВД г. Нягань ХМАО Тюменской обл.','2003-12-10','862-009','Sailoina@mail.ru',1,'2010-10-17 08:26:27',17,0,1,0,0,1,1,4,1,'Поселок Чарвак. Бостанлыкского р-на Ташкентской обл.',34672,'65058',909,'0413018',1,0,3155311138,'0000-00-00'),(496,0,'Лихтар','Иван','Иванович','','0000-00-00','','1',1,'','','','0000-00-00','','bahy@mail.ru',1,'2010-10-17 13:54:23',0,0,0,0,0,0,0,1,0,'',0,NULL,0,NULL,1,0,1565904833,'0000-00-00'),(497,0,'Чхубианишвили','Джемал','','','0000-00-00','','1',1,'','','','0000-00-00','','dzhemal911@mail.ru',1,'2010-10-17 21:32:20',0,0,0,0,0,0,0,1,0,'',0,NULL,0,NULL,1,0,1608348522,'0000-00-00'),(498,0,'Шефер','Семен','Викторович','','1986-11-08','M','Российская Федерация',1,'6706','688636','ГОМ-1 ОУФМС России По ХМАО-Югре','2001-06-02','860-004','Semyon@surgood.ru',1,'2010-10-18 10:03:07',7,0,1,1,0,1,0,3,1,'пос. Яровое Алтайского Края',3462,'323068',922,'6547356',1,0,3648172562,'0000-00-00'),(499,0,'Ловыгина','Евгения','Олеговна','','0000-00-00','','1',1,'','','','0000-00-00','','Westa.S@mail.ru',1,'2010-10-18 13:20:26',0,0,0,0,0,0,0,1,0,'',0,NULL,0,NULL,1,0,1540541989,'0000-00-00'),(500,0,'Балыкова','Наталья','Алексеевна','','0000-00-00','','1',1,'','','','0000-00-00','','nnextia@inbox.ru',1,'2010-10-19 02:54:20',0,0,0,0,0,0,0,1,0,'',0,NULL,0,NULL,1,0,1357902436,'0000-00-00'),(501,0,'Донецкая','Мария','Дмитриевна','','0000-00-00','','1',1,'','','','0000-00-00','','maria.donetskaya@gmail.com',1,'2010-10-19 08:22:05',0,0,0,0,0,0,0,1,0,'',0,NULL,0,NULL,1,0,1434726153,'0000-00-00'),(502,0,'Красильникова','Ирина','Владимировна','','0000-00-00','','1',1,'','','','0000-00-00','','ygoleko@gmail.com',1,'2010-10-20 19:13:40',0,0,0,0,0,0,0,1,0,'',0,NULL,0,NULL,1,0,1505316085,'0000-00-00'),(503,0,'Широкова ','Юлия','Юрьевна','','1984-07-21','F','Российская Федерация',1,'4545','456123','говд','2005-07-21','456-123','razetka@ya.ru',1,'2010-10-20 21:34:25',0,0,0,0,0,0,0,2,1,'Алтай',908,'2261148',964,'2019087',1,0,1311022366,'0000-00-00'),(504,0,'Двухжильнов','Максим','Сергеевич','','1976-11-10','M','Российская Федерация',1,'3299','180100','1-м ОМ г.Новокузнецка','1999-10-26','422-025','max.dms@ya.ru',1,'2010-10-21 06:36:18',4,0,1,1,0,1,0,3,1,'Кемерово',3843,'728063',904,'9615000',1,0,1311332960,'0000-00-00'),(505,0,'Аверенков','Илья','Николаевич','','0000-00-00','','1',1,'','','','0000-00-00','','aver-86@mail.ru',1,'2010-10-21 08:12:34',0,0,0,0,0,0,0,1,0,'',0,NULL,0,NULL,1,0,1606178279,'0000-00-00'),(506,0,'Чемодуров','Сергей','Вячеславович','','1987-09-20','M','Российская Федерация',1,'4509','577447','Отд. по Району Коптево ОУФМС России по гор. Москве в САО','2008-07-02','770-221','infina@land.ru',1,'2010-10-21 12:35:27',4,0,1,0,1,1,0,3,2,'Москва',499,'1542131',926,'8416462',1,0,3645816304,'0000-00-00'),(507,5296,'Бушуев','Иван','Павлович','','1985-01-05','M','Российская Федерация',1,'1905','341369','УВД г. Вологды','2005-12-16','352-001','ibushu@gmail.com',1,'2010-10-22 11:28:52',11,0,1,1,0,1,1,4,3,'г. Вологда',8172,'710981',964,'6664228',1,0,1540870120,'0000-00-00'),(508,0,'Шаипов','Эдуард','Казимович','','1969-09-28','M','Российская Федерация',1,'0305','519686','Прикубанским УВД г.Краснодара','2004-07-28','232-002','edshaipov@gmail.com',2,'2010-10-22 17:31:46',11,0,1,1,0,1,0,3,1,'г.Нукус Каракалпакская ССР, УзССР',905,'5085858',905,'5085858',1,0,1531894080,'0000-00-00'),(509,0,'Ашабова','Фатима','Ахмедовна','','1979-08-15','F','Российская Федерация',1,'9105','447271','УВД г.Черкесска КЧР','2006-10-06','093-001','fotichka09@mail.ru',2,'2010-10-23 07:38:55',18,0,1,0,0,1,0,3,2,'а.Эрсакон Адыге-Хабльского р-на Ставропольского края',87822,'202965',928,'6557520',1,0,1437446358,'0000-00-00'),(510,0,'Киселева','Алла ','Вячеславовна','','0000-00-00','F','Российская Федерация',1,'3003','249481','4 ПО ПВС УВД г.Петропавловска-Камчатского','2003-08-21','412-004','alysik6868@mail.ru',1,'2010-10-24 10:09:37',14,0,1,0,0,1,0,3,2,'г.Смоленск',41522,'73992',908,'4969001',1,0,1318969572,'0000-00-00'),(511,0,'Филянов','Евгений','Константинович','','1990-01-15','M','Российская Федерация',1,'4510','593546','отделением по району Бескудниковский ОУФМС России по гор. Москве в САО','2010-02-04','770-015','Avel909@rambler.ru',1,'2010-10-24 10:55:27',18,0,1,0,0,1,0,4,4,'г. Москва',495,'4893337',926,'4221348',1,0,3580695502,'0000-00-00'),(512,0,'Муталибов','Эдуард','Магарбиевич','','1982-06-12','M','Российская Федерация',1,'7403','403730','УВД г.Новый Уренгой','2003-09-18','892-001','edik237@inbox.ru',1,'2010-10-24 23:55:31',0,0,0,0,0,0,0,2,4,'Ставропольский край',909,'1972127',922,'0615613',1,1,1593212560,'0000-00-00'),(513,0,'Юрков','Антон','Петрович','','1983-08-02','M','Российская Федерация',1,'5004','214976','УВД Новосибирского Района НСО','2000-10-13','542-030','YrkovAnton@ngs.ru',1,'2010-10-25 06:44:31',1,0,1,0,0,1,0,3,1,'Красноярск',383,'2945690',913,'0027895',1,1,1551890455,'0000-00-00'),(514,0,'Царенко','Виктория','Борисовна','','2010-01-10','F','Российская Федерация',1,'8709','401524','УФМС России','2010-03-24','110-003','carenko-viktoriy@mail.ru',1,'2010-10-25 09:50:19',11,0,1,1,1,1,0,3,2,'г.Воркута',82151,'20902',922,'5858006',1,1,1311010614,'0000-00-00'),(515,0,'Мамврийский','Сергей','Юрьевич','','1980-07-04','M','Российская Федерация',1,'1500','221034','ОВД Советского р-на г. Брянска','2001-05-15','322-003','m_sergey_u@mail.ru',1,'2010-10-25 11:34:07',11,0,1,1,0,1,1,4,1,'г. Брянск',4832,'651747',905,'5582819',1,0,2997950012,'0000-00-00'),(516,0,'Варшавская','Наталия','Евгеньевна','','0000-00-00','','1',1,'','','','0000-00-00','','nnn744@rambler.ru',1,'2010-10-25 11:50:01',0,0,0,0,0,0,0,1,0,'',0,NULL,0,NULL,1,0,1049427207,'0000-00-00'),(517,0,'Селезнева','Ираида','Алексеевна','','1972-01-13','F','Российская Федерация',1,'6702','663873','ГОМ-4 УВД г. Сургута ХМАО Тюменской области','2002-07-18','863-017','iiiokojiadbi@yandex.ru',1,'2010-10-25 18:17:09',8,0,1,1,0,1,0,4,4,'Тамбовская область',929,'6254242',926,'1062044',1,0,1608369393,'0000-00-00'),(518,0,'Соловьева','Оксана','Викторовна','','0000-00-00','','1',1,'','','','0000-00-00','','oksans2008@rambler.ru',1,'2010-10-25 22:22:06',0,0,0,0,0,0,0,1,0,'',0,NULL,0,NULL,1,0,1839532070,'0000-00-00'),(519,0,'Марченко','Степан','','','0000-00-00','','1',1,'','','','0000-00-00','','QwEto6_24@mail.ru',1,'2010-10-26 04:53:35',0,0,0,0,0,0,0,1,0,'',0,NULL,0,NULL,1,0,1431992651,'0000-00-00'),(520,0,'Мунтян','Вячеслав','Павлович','','0000-00-00','','1',1,'','','','0000-00-00','','xronohom@rambler.ru',1,'2010-10-26 05:29:14',0,0,0,0,0,0,0,1,0,'',0,NULL,0,NULL,1,0,1597672396,'0000-00-00'),(521,0,'Ахметгалеев','Максим','','','0000-00-00','','1',1,'','','','0000-00-00','','maxtrust@mail.ru',1,'2010-10-26 05:56:07',0,0,0,0,0,0,0,1,0,'',0,NULL,0,NULL,1,0,3266970142,'0000-00-00'),(522,0,'Носкова','Наталия','Александровна','','0000-00-00','','1',1,'','','','0000-00-00','','noskova@mkb.ru',1,'2010-10-26 06:34:35',0,0,0,0,0,0,0,1,0,'',0,NULL,0,NULL,1,0,1401543490,'0000-00-00'),(523,0,'Литвинова','Ирина','','','0000-00-00','','1',1,'','','','0000-00-00','','irinka70707@yandex.ru',1,'2010-10-26 08:52:58',0,0,0,0,0,0,0,1,0,'',0,NULL,0,NULL,1,0,1600731092,'0000-00-00'),(524,0,'Грекова','Ирина','Юрьевна','','1975-06-22','F','Российская Федерация',1,'4002','235640','22 отделом милиции Красногвардейского района города Санкт-Петербурга','2002-03-23','772-022','igrekova@mail.ru',1,'2010-10-26 23:36:51',0,0,0,0,0,0,0,2,1,'Санкт-Петербург',498,'6008445',495,'5146989',1,0,1435248516,'0000-00-00'),(525,0,'Шенгелия','Диана','Гиоргиевна','','0000-00-00','','1',1,'','','','0000-00-00','','dikusia-1@mail.ru',1,'2010-10-27 08:02:19',0,0,0,0,0,0,0,1,0,'',0,NULL,0,NULL,1,0,1841041547,'0000-00-00'),(526,0,'Руднова','Екатерина','Эдвиновна','','0000-00-00','','1',1,'','','','0000-00-00','','katokrog@mail.ru',1,'2010-10-27 12:00:44',0,0,0,0,0,0,0,1,0,'',0,NULL,0,NULL,1,0,1427827256,'0000-00-00'),(527,0,'Пивоваров ','Евгений','Геннадьевич','','1989-02-04','M','Российская Федерация',1,'3708','295765','ТП УФМС РОССИИ ПО КУРГАНСКОЙ ОБЛАСТИ В ПЕТУХОВСКОМ РАЙОНЕ','2009-04-10','450-017','evgusik89@mail.ru',2,'2010-10-27 12:24:35',4,0,1,1,0,1,0,3,1,'ДЕР. ТЕПЛОЕ',8352,'3532213',963,'0029093',1,0,1593212433,'0000-00-00'),(528,0,'Параскевов','Николай','Витальевич','','0000-00-00','','',0,'','','','0000-00-00','','irina-dulina@mail.ru',0,'2010-10-27 23:39:28',0,0,0,0,0,0,0,2,0,'',0,'',0,'',0,0,3648405544,'0000-00-00'),(529,0,'Ахкамова','Альбина','Дамировна','','1989-07-17','F','Российская Федерация',1,'9209','789387','уфмс рф по рт в гор. нижнекамске','2000-01-16','160-017','bonnie_@inbox.ru',1,'2010-10-29 05:29:44',1,0,1,0,0,0,0,3,1,'г. шахтинск',904,'6763503',904,'6763503',1,0,1560265756,'0000-00-00'),(530,0,'Карлин','Антон','Валерьевич','','1981-04-14','M','Российская Федерация',1,'5701','618819','Краснокамским ГОВД Пермский край','2001-08-13','592-023','antsport@yandex.ru',1,'2010-10-29 05:49:06',11,0,1,1,0,1,0,3,1,'Краснокамск',61759,'36715',929,'8239996',1,0,1566518961,'0000-00-00'),(531,0,'Матвеева','Галина','Петровна','','1971-12-24','F','Российская Федерация',1,'9801','305613','Усть-Алданским УОВД','2002-04-03','142-034','matveeva24713@mail.ru',1,'2010-10-29 06:12:02',0,0,0,0,0,0,0,2,1,'с.Сырдах Усть-Алданского района Якутской Саха ССР',41161,'42653',891,'4298763',1,1,1387478030,'0000-00-00'),(532,0,'Маренкова','Любовь','','','0000-00-00','','1',1,'','','','0000-00-00','','l_v@list.ru',1,'2010-10-29 08:07:44',0,0,0,0,0,0,0,1,0,'',0,NULL,0,NULL,1,0,3155238817,'0000-00-00'),(533,0,'Каюмов','Бахром','Абдуллажонович','','0000-00-00','','1',1,'','','','0000-00-00','','bahromjon.qayumov@gmuz.uz',1,'2010-10-29 09:39:42',0,0,0,0,0,0,0,1,0,'',0,NULL,0,NULL,1,0,3588639010,'0000-00-00'),(534,0,'Меркурьева','Галина','Васильевна','','1964-04-30','F','Российская Федерация',1,'7509','515141','отделением УФМС России по Челябинской области в городе Снежинске','2009-05-26','740-047','gal.sneg64@mail.ru',1,'2010-10-29 13:37:41',3,0,1,0,0,1,0,3,4,'город Челябинск',35146,'26027',912,'3175950',1,1,3579268310,'0000-00-00'),(535,0,'Пупо-Лубединская ','Татьяна','Сергеевна','','0000-00-00','','1',1,'','','','0000-00-00','','tanya-31-@mail.ru',1,'2010-10-30 15:44:01',0,0,0,0,0,0,0,1,0,'',0,NULL,0,NULL,1,0,1519810311,'0000-00-00'),(536,0,'Литвинюк','Наталья','Васильевна','','1978-02-05','F','Российская Федерация',1,'5297','070617','УВД Ленинского АО г.Омска','1998-04-17','552-002','natala19785vl@mail.ru',1,'2010-11-01 05:43:19',8,0,1,1,0,1,0,3,1,'Омская область Нижнеомский район с.Киршовка',381,'6556141',908,'3114810',1,0,1551676527,'0000-00-00'),(537,0,'Назаренко ','Мария','Сергеевна','','1991-09-18','F','Российская Федерация',1,'4606','804328','ОВД Луховицкого района Моск.обл. ','2005-09-23','502-011','beksi2008@rambler.ru',1,'2010-11-01 10:22:22',0,0,0,0,0,0,0,2,1,'гор.Луховицы Моск. обл.',49663,'24248',917,'5225091',1,0,3162241071,'0000-00-00'),(538,0,'Левченко','Олег','Александрович','','0000-00-00','','1',1,'','','','0000-00-00','','helg3@mail.ru',1,'2010-11-02 06:04:19',0,0,0,0,0,0,0,1,0,'',0,NULL,0,NULL,1,0,1434736257,'0000-00-00'),(539,0,'Васильев','Вячеслав','Анатольевич','','0000-00-00','','1',1,'','','','0000-00-00','','sl257@newmail.ru',1,'2010-11-02 06:24:35',0,0,0,0,0,0,0,1,0,'',0,NULL,0,NULL,1,0,3641929731,'0000-00-00'),(540,0,'Ушаков','Анатолий','Александрович','','0000-00-00','','1',1,'','','','0000-00-00','','usakov.tolik@yandex.ru',1,'2010-11-02 08:04:59',0,0,0,0,0,0,0,1,0,'',0,NULL,0,NULL,1,0,3281971573,'0000-00-00'),(541,0,'Рыжов','Михаил','Владимирович','','1978-10-17','M','Российская Федерация',1,'8902','308109','Чамзинским РОВД МВД','2002-07-11','132-024','fimos@yandex.ru',1,'2010-11-02 20:48:12',0,0,0,0,0,0,0,2,1,'пгт.Комсомольский',11111,'111111111',111,'1111111',1,0,2989297896,'0000-00-00'),(542,0,'Янченко','Елена','Сергеевна','','0000-00-00','','1',1,'','','','0000-00-00','','lenyan86@rambler.ru',1,'2010-11-02 23:42:25',0,0,0,0,0,0,0,1,0,'',0,NULL,0,NULL,1,0,1384784514,'0000-00-00'),(543,0,'Мурга','Ирина Александровна','','','1977-09-22','F','Российская Федерация',1,'5704','308922','ОВД г. Лысьва Пермской обл.','2003-12-26','592-027','ora77@mail.ru',1,'2010-11-03 11:09:30',0,0,0,0,0,0,0,2,1,'г. Лысьва Пермской области',0,'0000000',951,'9537670',1,1,3155425525,'0000-00-00'),(544,0,'Березуев','Александр','Юрьевич','','0000-00-00','','1',1,'','','','0000-00-00','','atriumko@gmail.com',1,'2010-11-03 11:09:47',0,0,0,0,0,0,0,1,0,'',0,NULL,0,NULL,1,0,1578739913,'0000-00-00'),(545,0,'Воропаева','Алена','Геннадьевна','','0000-00-00','','1',1,'','','','0000-00-00','','alena.voropaeva@mail.ru',1,'2010-11-06 08:34:30',0,0,0,0,0,0,0,1,0,'',0,NULL,0,NULL,1,0,1597714632,'0000-00-00'),(546,0,'Семенов','Юрий','Валерьевич','','0000-00-00','','1',1,'','','','0000-00-00','','Gosha_u85@mail.ru',1,'2010-11-07 06:47:46',0,0,0,0,0,0,0,1,0,'',0,NULL,0,NULL,1,0,1593212529,'0000-00-00'),(547,0,'Остапенко','Олеся','Сергеевна','','1986-06-14','F','Российская Федерация',1,'0405','189579','ОВД Березовского района Красноярского края','2006-07-13','242-014','Lesya0103@mail.ru',1,'2010-11-08 02:00:21',0,0,0,0,0,0,0,2,1,'пос. Березовка Березовского района Красноярского края',39175,'24646',902,'9777204',1,0,1427825025,'0000-00-00'),(548,0,'Литвинюк','Наталья','','','0000-00-00','','1',1,'','','','0000-00-00','','natalia.litvinuk@yandex.ru',1,'2010-11-08 08:09:45',0,0,0,0,0,0,0,1,0,'',0,NULL,0,NULL,1,0,1551670025,'0000-00-00'),(549,0,'Шпилько','Екатирина','Викторовна','','0000-00-00','','1',1,'','','','0000-00-00','','katirina_bril@mail.ru',1,'2010-11-08 13:50:57',0,0,0,0,0,0,0,1,0,'',0,NULL,0,NULL,1,0,1402274657,'0000-00-00'),(550,0,'Бубешкин','Александр','Геннадьевич','','1988-03-25','M','Российская Федерация',1,'4608','040358','ТП В ГОР. НАРО - ФОМИНСКЕ ОУФМС РОССИИ ПО МОСКОВСКОЙ ОБЛ. В НАРО-ФОМИНСКОМ Р-НЕ','2008-04-04','500-091','anu-bis-123@hotmail.com',2,'2010-11-09 07:23:47',1,0,1,0,0,1,0,3,2,'Дер. Новиково Наро-Фоминского р-на московской обл.',496,'3420491',963,'6383796',1,0,1598584484,'0000-00-00'),(551,0,'Шуменцов','Дмитрий','','','0000-00-00','','1',1,'','','','0000-00-00','','shumencov@list',1,'2010-11-12 07:28:44',0,0,0,0,0,0,0,1,0,'',0,NULL,0,NULL,1,0,3559287910,'0000-00-00'),(552,0,'Галкина','Ирина','Александровна','','1982-01-14','M','Российская Федерация',1,'7307','562688','ТП УФМС России по Ульяновской области в Вешкаймском районе','2008-02-05','730-007','irina14011982@mail.ru',2,'2010-11-12 07:43:37',4,0,1,1,0,1,0,3,1,'ст.Шарлово, Вешкаймского района, Ульяновской области',84243,'56344',937,'2702061',1,0,1427827161,'0000-00-00'),(553,0,'Крюков','Павел','Александрович','','1975-01-26','M','Российская Федерация',1,'4604','396489','Ухтомским отделом милиции Люберецкого УВД Московской области','2003-02-18','503-045','p.a.kryukov@gmail.com',1,'2010-11-13 08:39:36',4,0,1,1,0,1,0,4,2,'Город Люберцы Московской области',903,'1538454',926,'9281734',1,0,1602444091,'0000-00-00'),(554,0,'Рябова','Мария','Владимировна','','1979-02-24','F','Российская Федерация',1,'4508','843409','ОВД Лосиноостровского района г.Москвы','2007-02-13','772-056','mashapr@yandex.ru',1,'2010-11-13 11:17:54',8,0,1,1,0,1,0,4,4,'г.Москва',499,'7604526',915,'2922000',1,1,1408048859,'0000-00-00'),(555,0,'Есин','Артем','Андреевич','','1988-09-13','M','Российская Федерация',1,'7408','667985','Отделом УФМС России по Ямало-Ненецкому А.О. в г. Новый Уренгой','2008-09-30','890-003','1kapral_42@mail.ru',1,'2010-11-13 14:56:54',0,0,0,0,0,0,0,2,1,'г. Кулебаки Горьковской области',34997,'65815',922,'0948208',1,0,1519824525,'0000-00-00'),(556,0,'Гусева','Галина','','','0000-00-00','','1',1,'','','','0000-00-00','','glg56@mail.ru',1,'2010-11-13 16:34:08',0,0,0,0,0,0,0,1,0,'',0,NULL,0,NULL,1,0,1595700589,'0000-00-00'),(557,0,'Киселева','Марина','','','0000-00-00','','1',1,'','','','0000-00-00','','no-ice@yandex.ru',1,'2010-11-15 13:53:14',0,0,0,0,0,0,0,1,0,'',0,NULL,0,NULL,1,0,1294314339,'0000-00-00'),(558,0,'Трубникова','Инга','Сергеевна','','1974-09-20','F','Российская Федерация',1,'4601','792636','2 ГОМ Орехово-Зуевского УВД МО','2001-08-14','503-073','ingadom@yandex.ru',1,'2010-11-16 07:25:40',8,0,1,1,0,1,0,3,1,'Чита',495,'9529993',916,'5947214',1,0,1531903802,'0000-00-00'),(559,0,'Белобородова','Нина ','Васильевна','','1981-01-31','F','Российская Федерация',1,'0110','533853','оуфмс россии по алтайскому краю центрального района г.Барнаула','2009-08-24','220-069','NinaRicci_38@mail.ru',2,'2010-11-16 09:57:42',8,0,1,0,0,1,0,4,1,'Ульяновская обл. Чердаклинский район пос.Чердаклы',83852,'684002',903,'9901864',1,0,2998615079,'0000-00-00'),(560,0,'Дубовцев','Максим','Юрьевич','','0000-00-00','','1',1,'','','','0000-00-00','','nightpatrol@mail.ru',1,'2010-11-16 14:06:57',0,0,0,0,0,0,0,1,0,'',0,NULL,0,NULL,1,0,1045707815,'0000-00-00'),(561,0,'Калаханов','Рабиль','','','0000-00-00','','1',1,'','','','0000-00-00','','onnext@yandex.ru',1,'2010-11-16 17:04:34',0,0,0,0,0,0,0,1,0,'',0,NULL,0,NULL,1,0,3648410354,'0000-00-00'),(562,0,'Филипеня','Вячеслав','Даниилович','','1971-02-13','M','Российская Федерация',1,'5704','453853','Ленинским УВД г. Перми','2004-02-24','592-004','slaff.sky@ranbler.ru',1,'2010-11-16 18:03:13',11,0,1,1,0,1,0,3,2,'г. Пермь',342,'2066208',912,'8832540',1,0,781350059,'0000-00-00'),(563,0,'Медведев','Рудольф','','','1993-02-15','M','Российская Федерация',1,'8506','353644','ТПОФМС ПО Республике Калмыкия в Яшалтинском районе','2007-05-10','080-013','rudolfmedvedev@yandex.ru',1,'2010-11-17 15:09:14',1,0,1,0,0,1,0,3,1,'Республика Калмыкия, Яшалтинский район, с.Березовское, ул.За',847,'4595321',985,'2444816',1,0,1595639621,'0000-00-00'),(564,0,'Ургешов','Самат','Таскинбекович','','0000-00-00','','1',1,'','','','0000-00-00','','Samurg1980@mail.ru',1,'2010-11-18 06:38:14',0,0,0,0,0,0,0,1,0,'',0,NULL,0,NULL,1,0,1486336174,'0000-00-00'),(565,0,'Блохин','Ярослав','Юрьевич','','0000-00-00','','1',1,'','','','0000-00-00','','Jaroslav73@yandex.ru',1,'2010-11-18 09:00:52',0,0,0,0,0,0,0,1,0,'',0,NULL,0,NULL,1,0,3583287731,'0000-00-00'),(566,0,'Борисова','Юлия','Сергеевна','','1982-07-13','F','Российская Федерация',1,'7804','177060','ОВД г.Переславля','2003-12-18','762-008','postmaster@borisov.pereslavl.ru',1,'2010-11-18 09:41:49',0,0,0,0,0,0,0,2,1,'г.Переславль',48535,'39535',960,'5449944',1,0,3287264790,'0000-00-00'),(567,0,'Семенова','Вера','Владимировна','','1976-09-04','F','Российская Федерация',1,'6306','961111','УВД Кировского района Саратова','2006-12-22','642-003','ver6849@yandex.ru',2,'2010-11-18 12:17:30',11,0,1,1,0,1,0,3,1,'Саратов',8452,'559309',904,'2417658',1,0,1427827498,'0000-00-00'),(568,0,'Мамедова','Улькяр','Ахмед','','0000-00-00','','1',1,'','','','0000-00-00','','ulkernurayeva@mail.ru',1,'2010-11-18 13:03:38',0,0,0,0,0,0,0,1,0,'',0,NULL,0,NULL,1,0,3584841870,'0000-00-00'),(569,0,'Бугаев','Сергей','Владимирович','','0000-00-00','','1',1,'','','','0000-00-00','','batovo36@yandex.ru',1,'2010-11-19 03:01:41',0,0,0,0,0,0,0,1,0,'',0,NULL,0,NULL,1,0,3571191046,'0000-00-00'),(570,0,'Высоцкий','Дмитрий','Леонтьевич','','0000-00-00','','1',1,'','','','0000-00-00','','vysotskiy@mail.ru',1,'2010-11-19 21:45:01',0,0,0,0,0,0,0,1,0,'',0,NULL,0,NULL,1,0,3579314748,'0000-00-00'),(571,0,'Архипова','Ирина','Александровна','','0000-00-00','','1',1,'','','','0000-00-00','','irina-wish@mail.ru',1,'2010-11-20 10:47:57',0,0,0,0,0,0,0,1,0,'',0,NULL,0,NULL,1,0,1572686441,'0000-00-00'),(572,0,'Щеглов','Денис','Викторович','','1980-02-02','M','Российская Федерация',1,'4501','561892','ОВД\"Даниловский\"г.Москвы','2002-01-31','772-093','den_2007@land.ru',1,'2010-11-20 14:36:07',11,0,1,0,0,0,0,3,2,'г.Москва',495,'6751259',926,'5574034',1,0,3162238429,'0000-00-00'),(573,0,'Король','Иван','Иванович','','1987-11-19','M','Российская Федерация',1,'4707','135969','Межрайонным отделом УФМС по Мурманской обл. в г. Мончегорске','2008-01-10','510-010','kingline.ltd@gmail.com',1,'2010-11-21 10:18:12',4,0,1,1,0,1,0,3,1,'г.Мончегорск',4822,'000000',906,'7585974',1,1,1402274587,'0000-00-00'),(574,0,'Чернецкая','Анна','','','0000-00-00','','1',1,'','','','0000-00-00','','annsunhill@mal.ru',1,'2010-11-21 21:18:50',0,0,0,0,0,0,0,1,0,'',0,NULL,0,NULL,1,0,1348231284,'0000-00-00'),(575,0,'Малышева','Екатерина','Викторовна','','1988-05-15','F','Российская Федерация',1,'6707','770909','Отделением УФМС по ХМАО-Югре','2008-06-17','860-021','kat-malysh@yandex.ru',1,'2010-11-22 05:11:42',0,0,0,0,0,0,0,2,1,'пгт Великая Багачка',922,'0028442',919,'9442090',1,1,1540231507,'0000-00-00'),(576,0,'Ткаченко','Сергей','Валерьевич','','1972-10-30','M','Российская Федерация',1,'9502','279820','УВД г. Абакан РХ','2002-08-22','192-001','ct1975@mail.ru',1,'2010-11-22 07:30:18',18,0,1,0,0,1,0,3,4,'ст.Анар вишневского района целиноградской облости',3902,'277961',923,'3916219',1,0,37577133,'0000-00-00'),(577,0,'Антонова','Ольга','','','0000-00-00','','1',1,'','','','0000-00-00','','fantazi79@mail.ru',1,'2010-11-22 08:16:31',0,0,0,0,0,0,0,1,0,'',0,NULL,0,NULL,1,0,1603262911,'0000-00-00'),(578,0,'Баженов','Александр','Александрович','','1980-08-29','M','Российское',1,'7603','790012','ОВД Приаргунского района Читинской области','2003-04-01','752-053','zorex29198080@mail.ru',1,'2010-11-22 08:36:54',4,0,1,1,0,1,0,4,1,'с. Бырка Читинской области',49156,'27240',920,'9691486',1,0,1600787801,'0000-00-00'),(579,0,'Аракелова ','Наринэ','Юрьевна','','0000-00-00','','1',1,'','','','0000-00-00','','arakelova-narine@mail.ru',1,'2010-11-22 10:29:44',0,0,0,0,0,0,0,1,0,'',0,NULL,0,NULL,1,0,1427827013,'0000-00-00'),(580,0,'Пахомова','Юлия','Александровна','','1990-10-08','F','Российская Федерация',1,'6710','068285','Отделом УФМС России по ХМАО-Югре в г. Югорске','2010-10-20','860-027','pakhomova.jul@gmail.com',1,'2010-11-22 14:47:05',18,0,1,0,1,1,0,3,2,'п. Комсомольский, Советского р-на, Тюменской обл.',34675,'26429',912,'9046983',1,0,3253634252,'0000-00-00'),(581,0,'Пахомова','Юлия','Александровна','','1990-10-08','F','Российская Федерация',1,'6710','068285','Отделом УФМС России по ХМАО-Югре в г. Югорске','2010-10-20','860-027','pahomova.jul@gmail.com',1,'2010-11-22 16:36:18',18,0,1,0,1,1,0,4,2,'п. Комсомольский, Советского р-на, Тюменской обл.',34675,'26429',912,'9046983',1,0,3253634252,'0000-00-00'),(582,0,'Крайнова','Татьяна','','','1984-02-25','F','Российская Федерация',1,'4510','660140','отд.по р-ну Сок.гораОУФМС России по г.Москве в ВАО','2010-03-30','770-059','stta@tchibo.ru',1,'2010-11-23 10:02:28',11,0,1,1,0,1,0,3,1,'Воткинск',499,'3658662',916,'1814807',1,1,3262359366,'0000-00-00'),(583,0,'Антонова','Ольга','Васильевна','','0000-00-00','','',0,'','','','0000-00-00','','fantazi26@mail.ru',0,'2010-11-23 11:16:20',0,0,0,0,0,0,0,2,0,'',0,'',0,'',0,0,1603262911,'0000-00-00'),(584,0,'Акжигитова','Елена','Валерьевна','','1984-09-18','F','Российская Федерация',1,'8704','992478','УВД города Воркуты','2004-11-16','112-003','akzelena18@mail.ru',1,'2010-11-23 12:51:24',8,0,1,1,0,0,0,3,4,'Воркута Коми АССР',82151,'61078',912,'9553857',1,0,1597308117,'0000-00-00'),(585,0,'Финошкин','Анатолий','Николаевич','','0000-00-00','','1',1,'','','','0000-00-00','','anatoliy.fin@gmail.com',1,'2010-11-24 13:28:37',0,0,0,0,0,0,0,1,0,'',0,NULL,0,NULL,1,0,1832692028,'0000-00-00'),(586,0,'Пятин','Вячеслав','Вячеславович','','0000-00-00','','1',1,'','','','0000-00-00','','vyacheslav_pyatin@mail.ru',1,'2010-11-24 18:30:37',0,0,0,0,0,0,0,1,0,'',0,NULL,0,NULL,1,0,1385287826,'0000-00-00'),(587,0,'Мальнев ','Дмитрий','Валерьевич','','0000-00-00','','1',1,'','','','0000-00-00','','shnoop3@mail.ru',1,'2010-11-25 03:32:55',0,0,0,0,0,0,0,1,0,'',0,NULL,0,NULL,1,0,1412847582,'0000-00-00'),(588,0,'Коленкин','Константин','Вячеславович','','1985-01-12','M','Российская Федерация',1,'0704','472915','ОВД Петровского района','2005-02-24','262-025','konstantin.kolenkin@gmail.com',1,'2010-11-25 07:28:25',4,0,1,1,0,1,0,4,4,'Ставропольский край',903,'4454612',903,'4454612',1,1,3270640920,'0000-00-00'),(589,0,'Лютиков ','Андрей','','','1986-03-10','M','Российская Федерация',1,'1232','123432','Овд Лунв','2000-01-06','203-365','leanor2007@yandex.ru',1,'2010-11-25 10:39:57',4,0,1,1,0,1,0,4,1,'Марсианская впадина',914,'456123',924,'3770509',1,0,1551810100,'0000-00-00'),(590,0,'Лютиков','Андрей','','','1986-03-10','M','Российская Федерация',1,'0000','360380','Овд ','2000-01-07','002-236','darkorbitspb@yandex.ru',1,'2010-11-25 11:07:44',4,0,1,1,0,1,0,4,1,'Петрвс',924,'3770509',924,'3770509',1,0,1551810100,'0000-00-00'),(591,0,'Антонова','Ольга','','','1982-06-06','F','Российская Федерация',1,'4607','465174','ОВД Луховицкого р-на Московской обл.','2006-10-20','502-011','aolga26@mail.ru',1,'2010-11-25 17:03:28',1,0,1,0,0,1,0,3,1,'пос.Садки Веселовского р-на Ростовской обл.',499,'1450987',909,'9711154',1,0,1595486004,'0000-00-00'),(592,0,'Васильев','Петр','Николаевич','','1974-04-15','M','Российская Федерация',1,'4002','679018','14 О/М Кировского р-на','2002-07-29','782-014','sovacit@yandex.ru',1,'2010-11-26 15:42:33',1,0,1,0,0,1,0,3,2,'гор. Ленинград',812,'7060396',911,'8135636',1,0,1358410538,'0000-00-00'),(593,0,'Лагунова','Инна ','Сергеевна','','1972-01-20','F','Российская Федерация',1,'9408','934628','МО УФМС РФ по УР в г. Глазове','2008-10-03','180-008','in-cha@mail.ru',1,'2010-11-27 10:34:34',3,0,1,0,0,1,0,3,2,'г. Глазов УР',34141,'25591',912,'4696676',1,0,1314208652,'0000-00-00'),(594,0,'Яковин','Андрей','Александрович','','0000-00-00','','1',1,'','','','0000-00-00','','yakovyn2007@rambler.ru',1,'2010-11-27 13:50:00',0,0,0,0,0,0,0,1,0,'',0,NULL,0,NULL,1,0,1402276038,'0000-00-00'),(595,0,'Чуйко','Татьяна','Анатольевна','','1976-06-21','F','Российская Федерация',1,'7600','535478','ОВД Железнодорожного района г.Читы','2002-03-26','752-003','strang_t@mail.ru',1,'2010-11-29 04:22:48',4,0,1,1,0,1,0,3,4,'г.Челябинск',0,'0000000',914,'4718000',1,1,1427829056,'0000-00-00'),(596,0,'Смирнова','Светлана','Андреевна','','1988-05-18','F','Российская Федерация',1,'3608','917335','ОТДЕЛОМ УФМС РОССИИ ПО САМАРСКОЙ ОБЛАСТИ В ГОР.СЫЗРАНИ И СЫЗРАНСКОМ РАЙОНЕ','2008-06-20','630-007','idtlf88@mail.ru',1,'2010-11-29 06:00:08',7,0,1,1,0,1,0,4,2,'С.РУССКАЯ БЕКТЯШКА СЕНГИЛЕЕВСКОГО Р-НА УЛЬЯНОВСКОЙ ОБЛ.',8464,'968871',937,'2345077',1,0,1598280314,'0000-00-00'),(597,0,'Озеров','Василий','Игоревич','','1990-11-25','M','Российская Федерация',1,'4507','885502','ОВД Москворечье-Сабурово г. Москвы','2005-05-16','772-041','fr33m2n@gmail.com',1,'2010-11-29 07:36:00',0,0,0,0,0,0,0,2,4,'г. Москва',495,'3218621',967,'193788',1,1,3580629604,'0000-00-00'),(598,0,'Пантеева','Надежда','Васильевна','','1983-09-16','F','Российская Федерация',1,'2203','917866','УВД г.Саров Нижегородской обл.','2003-10-20','522-061','nadin2034@yandex.ru',1,'2010-11-30 10:19:32',4,0,1,1,0,1,0,3,4,'г.Арзамас-16, Горьковская обл.',83130,'92623',910,'1280016',1,1,3234240293,'0000-00-00'),(599,0,'Федулкина','Ольга','Анатольевна','','1983-01-22','F','Российская Федерация',1,'5703','607104','Яйвинским ОМ Александровского ОВД Пермской области','2003-08-26','593-018','Lyolik-220183@mail.ru',1,'2010-11-30 14:28:34',8,0,1,1,0,1,0,3,1,'п. Яйва Пермская область',34274,'22151',909,'1053904',1,0,1519833703,'0000-00-00'),(600,0,'Алиев','Али','Ахмедович','','0000-00-00','','1',1,'','','','0000-00-00','','aliev7310747@mail.ru',1,'2010-12-02 01:41:48',0,0,0,0,0,0,0,1,0,'',0,NULL,0,NULL,1,0,1427815013,'0000-00-00'),(601,0,'Шакирова ','Ольга','','','1979-08-26','M','Российская Федерация',1,'8803','692637','Красногорским ОМ ','2004-07-23','123-001','kabs11@rambler.ru',1,'2010-12-03 03:54:01',19,0,1,0,0,1,0,3,4,'Марий Эл',41137,'42580',924,'3652300',1,1,1593155090,'0000-00-00'),(602,0,'Лисак','Оксана','Юрьевна','','1982-06-03','F','Российская Федерация',1,'2906','133708','ОВД г.Обнинска Калужской области','2000-01-07','402-004','oxana.lisak@yandex.ru',1,'2010-12-03 08:44:34',11,0,1,1,0,1,0,3,3,'с.Красненькое Ильинецкого р-на Винницкой обл.',48439,'67270',920,'8768724',1,0,1397093406,'0000-00-00'),(603,0,'Аванесян','Данил','Аршамович','','0000-00-00','','1',1,'','','','0000-00-00','','Zzipa@mail.ru',1,'2010-12-03 10:24:31',0,0,0,0,0,0,0,1,0,'',0,NULL,0,NULL,1,0,1357902633,'0000-00-00'),(604,0,'Пышкин','Сергей','Владимирович','','1979-12-01','M','Российская Федерация',1,'4108','109862','ТП №98 УФМС России ','2008-12-24','470-014','psv@runetnews.com',1,'2010-12-03 11:04:57',4,0,1,1,0,1,0,4,1,'Ош, Киргизской Республики',81378,'27778',929,'9924000',1,1,1570630490,'0000-00-00'),(605,0,'Банщикова','Елена ','Олеговна','','1977-02-19','F','Российская Федерация',1,'2503','200101','УВД г. Усть-Илимска Иркутской области','2002-07-24','382-011','elveir@mail.ru',1,'2010-12-05 11:24:06',11,0,1,1,0,1,0,3,2,'г. Усть-Илимск Иркутской области',39535,'59155',964,'8026010',1,0,1307800429,'0000-00-00'),(606,0,'Шаронова','Селена','Михайловна','','1966-09-11','F','Российская Федерация',1,'3605','455969','КРУВД г.Тольятти','2006-05-30','632-040','luna1966@mail.ru',2,'2010-12-05 23:07:30',8,0,1,1,0,1,0,4,1,'д.Шаблыкино Ишимскоко района Тюменской области',8482,'976026',987,'9353919',1,1,1385288366,'0000-00-00'),(607,0,'Каржавин ','Павел','Юрьевич','','1985-03-28','M','Российская Федерация',1,'0404','927260','ОВД г.Шарыпово','2005-04-04','248-058','28_3_1985@mail.ru',1,'2010-12-06 09:23:19',4,0,1,1,1,1,0,3,2,'Казахстан Семипалатнская область г.Аягуз',39153,'26452',913,'8356999',1,0,1606178350,'0000-00-00'),(608,0,'Пушин','Максим','','','0000-00-00','','1',1,'','','','0000-00-00','','dixsis@yandex.ru',1,'2010-12-06 11:55:22',0,0,0,0,0,0,0,1,0,'',0,NULL,0,NULL,1,0,3161642305,'0000-00-00'),(609,0,'Гвоздев ','Иван','Михайлович','','0000-00-00','','1',1,'','','','0000-00-00','','gvozdev.ivan19@mail.ru',1,'2010-12-06 12:14:44',0,0,0,0,0,0,0,1,0,'',0,NULL,0,NULL,1,0,1402279418,'0000-00-00'),(610,0,'Гусейнова','Севиндж','Низами','','0000-00-00','','1',1,'','','','0000-00-00','','s.n.huseynova@gmail.com',1,'2010-12-07 16:21:05',0,0,0,0,0,0,0,1,0,'',0,NULL,0,NULL,1,0,1491236980,'0000-00-00'),(611,0,'Тимонина','Маргарита','Александровна','','1988-12-27','F','Российская Федерация',1,'0508','574204','ОУФМС России по Приморскому краю в Артемовском ГО','2009-01-23','250-009','timonina_777@mail.ru',1,'2010-12-08 07:44:26',17,0,1,0,0,1,0,3,4,'Орловская обл. Новодеревеньковский р-н п. Хомутово',0,'0000000',914,'6866222',1,0,1358119172,'0000-00-00'),(612,0,'Гомбожапова ','Елена','Мункожарггаловна','','0000-00-00','','1',1,'','','','0000-00-00','','elenagombozhapova@mail.ru',1,'2010-12-08 09:42:48',0,0,0,0,0,0,0,1,0,'',0,NULL,0,NULL,1,0,1572623219,'0000-00-00'),(613,0,'Жуматаева','Анель','Сериковна','','0000-00-00','','',0,'','','','0000-00-00','','anelya_13988@mail.ru',0,'2010-12-08 10:50:18',0,0,0,0,0,0,0,2,0,'',0,'',0,'',0,0,1489807946,'0000-00-00'),(614,0,'Хватова','Екатерина','Владимировна','','1985-10-01','F','Российская Федерация',1,'4007','380041','ТП №67 отд УФМС СПб и ЛО','2008-01-25','780-067','katya011085@mail.ru',1,'2010-12-09 09:49:56',8,0,1,1,0,1,0,3,3,'Ленинград',812,'3933852',950,'0247501',1,0,3162909844,'0000-00-00'),(615,0,'Баженова','Екатерина','Валерьевна','','1981-09-20','F','Российская Федерация',1,'1101','362262','ОВД Соломбальского района г. Архангельска','2001-10-31','292-003','Bazhenovaev@mail.ru',1,'2010-12-09 14:10:45',0,0,0,0,0,0,0,2,3,'Архангельск',0,'',960,'0111519',1,0,1385287809,'0000-00-00'),(616,0,'Чиграй','Евгений','Викторович','','1989-11-26','M','Российская Федерация',1,'0809','917552','отделом уфмс россии по хабаровскому краю в железнодорожном районе города хабаровска','2010-04-29','270-002','Johni27rus@yandex.ru',1,'2010-12-10 04:37:54',4,0,1,1,0,1,1,4,1,'поселок мухен района имени лазо хабаровского края',4212,'295989',914,'4144814',1,1,1474381817,'0000-00-00'),(617,0,'Чиграй','Евгений','Викторович','','0000-00-00','','',0,'','','','0000-00-00','','opus.89@mail.ru',0,'2010-12-10 05:11:52',0,0,1,0,0,0,0,3,0,'',0,'',0,'',0,0,1474381817,'0000-00-00'),(618,0,'Чиграй','Евгений','Викторович','','1989-11-26','M','Российская Федерация',1,'0809','917552','отделом уфмс россии по хабаровскому краю в железнодорожном районе города хабаровска','2010-04-29','270-002','johni27rus@gmail.com',1,'2010-12-10 05:18:20',4,0,1,1,0,1,0,4,1,'поселок мухен района имени лазо хабаровского края',4212,'295889',914,'4144814',1,0,1474381817,'0000-00-00'),(619,0,'Шаов','Алим','Мухамедович','','0000-00-00','','1',1,'','','','0000-00-00','','alim224@list.ru',1,'2010-12-10 05:34:34',0,0,0,0,0,0,0,1,0,'',0,NULL,0,NULL,1,0,1052202280,'0000-00-00'),(620,0,'Казанова','Ляна','Абугалиевна','','0000-00-00','','1',1,'','','','0000-00-00','','www.bembi_786@mail.ru',1,'2010-12-10 17:06:20',0,0,0,0,0,0,0,1,0,'',0,NULL,0,NULL,1,0,3648410350,'0000-00-00'),(621,0,'Ковалев','Алексей','Андреевич','','0000-00-00','','1',1,'','','','0000-00-00','','akovalev.lrd@gmail.com',1,'2010-12-10 19:05:11',0,0,0,0,0,0,0,1,0,'',0,NULL,0,NULL,1,0,3162900907,'0000-00-00'),(622,0,'Душкевич','Ийя','Георгиевна','','0000-00-00','','1',1,'','','','0000-00-00','','manasha2@mail.ru',1,'2010-12-11 19:12:30',0,0,0,0,0,0,0,1,0,'',0,NULL,0,NULL,1,0,1595625769,'0000-00-00'),(623,0,'Кайфеджян','Элла','Валентиновна','','0000-00-00','','1',1,'','','','0000-00-00','','ella_kaif@mail.ru',1,'2010-12-11 20:41:41',0,0,0,0,0,0,0,1,0,'',0,NULL,0,NULL,1,0,1603905348,'0000-00-00'),(624,0,'Голубенко','Виктория','Сергеевна','','0000-00-00','','1',1,'','','','0000-00-00','','G.viktoria.s@yandex.ru',1,'2010-12-12 12:17:43',0,0,0,0,0,0,0,1,0,'',0,NULL,0,NULL,1,0,1595471250,'0000-00-00'),(625,0,'Бирюков','Валерий','Николаевич','','0000-00-00','','1',1,'','','','0000-00-00','','compcopy@mail.ru',1,'2010-12-12 19:35:50',0,0,0,0,0,0,0,1,0,'',0,NULL,0,NULL,1,0,2994810608,'0000-00-00'),(626,0,'Зумаева','Мадина','Шамановна','','1975-02-09','F','Российская Федерация',1,'9600','162331','ОВД Старопромысловского района г.Грозного ','2001-11-03','202-006','nipi75-3@mail.ru',2,'2010-12-13 10:33:06',8,0,1,1,0,1,0,3,4,'г.Грозный ЧИАССР',8712,'222444',928,'7380940',1,0,1385288348,'0000-00-00'),(627,0,'Зумаева','Мадина','Шамановна','','1975-02-09','F','Российская Федерация',1,'9600','162331','ОВД Старопромысловского района г.Грозного','2001-11-03','202-006','nipi75-3.@mail.ru',2,'2010-12-13 11:41:37',8,0,1,1,0,1,0,4,4,'г.Грозный ЧИАССР',8712,'224044',928,'7380940',1,0,1603909388,'0000-00-00'),(628,0,'Седун','Вера','Витальевна','','0000-00-00','','1',1,'','','','0000-00-00','','verusicika@inbox.ru',1,'2010-12-13 16:49:51',0,0,0,0,0,0,0,1,0,'',0,NULL,0,NULL,1,0,1586202436,'0000-00-00'),(629,0,'Карташова','София','','','0000-00-00','','1',1,'','','','0000-00-00','','sofirus@mail.ru',1,'2010-12-14 07:01:35',0,0,0,0,0,0,0,1,0,'',0,NULL,0,NULL,1,0,1357902467,'0000-00-00'),(630,0,'Карташова','София','','','1984-02-06','F','Российская Федерация',1,'4607','061644','ОВД г.Жуковского Московской области','2005-12-08','502-005','sofirus@yandex.ru',1,'2010-12-14 19:43:52',19,0,1,0,0,1,0,3,1,'г.Жуковский',8926,'5864202',926,'5864202',1,1,1582247777,'0000-00-00'),(632,0,'Князева','Ольга','','','1988-05-26','F','Российская Федерация',1,'8607','887388','тпуфмс России по РК Кемский район','2008-05-30','100-005','olga_avtushenko8@mail.ru',1,'2010-12-15 22:59:04',8,0,1,1,0,0,0,4,1,'Республика Карелия г.Кемь',81458,'28641',953,'5340904',1,0,3648409203,'0000-00-00'),(634,0,'Щеглов','Николай','','','0000-00-00','','1',1,'','','','0000-00-00','','favstus@ya.ru',1,'2010-12-16 08:56:05',0,0,0,0,0,0,0,1,0,'',0,NULL,0,NULL,1,0,1604656704,'0000-00-00'),(635,0,'Шаньгина ','Наталья ','Геннадьевна','','1989-05-24','F','Российская Федерация',1,'8710','423942','отделением УФМС России по Республике Коми в Эжвинском р-не в гор. Сыктывкаре','2010-06-16','110-002','radio8989@mail.ru',1,'2010-12-16 12:26:32',14,0,1,0,1,1,0,3,2,'гор. Сыктывкар',212,'626177',904,'8619567',1,0,1597278212,'0000-00-00'),(636,0,'Жиров','Артем','Витальевич','','0000-00-00','','1',1,'','','','0000-00-00','','wildersky@yandex.ru',1,'2010-12-16 18:09:10',0,0,0,0,0,0,0,1,0,'',0,NULL,0,NULL,1,0,3648412396,'0000-00-00'),(637,0,'Мкртчян','Максим','Мартинович','','0000-00-00','','1',1,'','','','0000-00-00','','mkt081208@mail.ru',1,'2010-12-16 21:47:13',0,0,0,0,0,0,0,1,0,'',0,NULL,0,NULL,1,0,1600786437,'0000-00-00'),(638,0,'Муравьева','Лидия','Сергеевна','','1987-06-27','F','Российская Федерация',1,'1809','395547','Отделением УФМС по Волгоградской области','2009-11-23','340-027','Lidos.87@mail.ru',1,'2010-12-17 06:37:10',8,0,1,1,0,1,0,3,2,'с. Белые пруды, Даниловского района, Волгоградской области',499,'1727121',926,'7451698',1,0,1595540436,'0000-00-00'),(639,0,'Кузина ','Юлия','Александровна','','0000-00-00','F','Российская Федерация',1,'4510','511890','Отделением по району Котловка ОУФМС России по гор. Мосве в ЮЗАО','2009-11-26','770-118','jully_ula@mail.ru',1,'2010-12-17 07:34:15',8,0,1,1,0,1,0,3,1,'г. Москва',499,'1270144',926,'1891602',1,0,1319026888,'0000-00-00'),(640,0,'Тестовый','Тест','Тестович','','1972-01-12','M','Российская Федерация',1,'4343','434343','4343','2000-01-13','777-777','test@ins-iit.ru',1,'2010-12-17 08:15:28',5,0,2,1,0,1,0,4,1,'г.Москва',5432,'434344',434,'4343433',3,0,1399235219,'0000-00-00'),(641,0,'Денисов Евгений','Евгений','Юрьевич','','0000-00-00','M','Российская Федерация',1,'8109','312648','отделением УФМС РОССИИ ПО РЕСПУБЛИКЕ БУРЯТИЯ В СЕЛЕНГИНСКОМ РАЙОНЕ','0000-00-00','030-038','denisovyevgeny555@mail.ru',2,'2010-12-17 11:19:39',18,0,1,0,0,1,0,3,1,'с.ТАТАРСКИЙ-КЛЮЧ ЗАИГРАЕВСКОГО Р-ОНА БУРЯТСКОЙ АССР',924,'7764886',924,'7764886',1,0,1360165525,'0000-00-00'),(642,0,'Каледин','Виталий','Сергеевич','','1979-09-05','M','Российская Федерация',1,'6709','921819','отделом УФМС России по Ханты-Мансийскому автономному округу - югре в городе Ханты-Мансийске','2009-05-20','860-031','nez.urist@list.ru',1,'2010-12-17 12:47:56',0,0,0,0,0,0,0,2,1,'город Есиль Акмолинской области',922,'4003918',922,'4003918',1,0,1580344117,'0000-00-00'),(643,0,'Трофимова','Анна','Николаевна','','1986-10-09','F','Российская Федерация',1,'2406','288813','ОВД Гаврилово-Посадского района Ивановской области','2007-04-03','372-025','Talismanchik_s@mail.ru',2,'2010-12-17 14:55:14',11,0,1,1,0,1,0,3,1,'д. Вахонино Крнакрвского района Калининской области',88622,'688071',918,'1012662',1,0,1437568749,'0000-00-00'),(644,0,'Щанович','Юрий','','','0000-00-00','','1',1,'','','','0000-00-00','','yufan09@mail.ru',1,'2010-12-18 13:05:10',0,0,0,0,0,0,0,1,0,'',0,NULL,0,NULL,1,0,1295130478,'0000-00-00'),(645,0,'Новикова','Анна','','','0000-00-00','','1',1,'','','','0000-00-00','','lapulka-anna@mail.ru',1,'2010-12-18 20:11:19',0,0,0,0,0,0,0,1,0,'',0,NULL,0,NULL,1,0,1054167806,'0000-00-00'),(646,0,'Ракитин','Алексей','Николаевич','','1970-07-26','M','Российская Федерация',1,'0104','010060','ОВД Барнаула','2003-08-22','222-071','rakitin.70@mail.ru',1,'2010-12-19 10:40:16',11,0,1,1,0,1,0,3,1,'Барнаул',3852,'444651',960,'9588888',1,0,1842072816,'0000-00-00'),(647,0,'Скоредин','Сергей','Владимирович','','1987-06-12','M','Российская Федерация',1,'8707','234266','отделом УФМС России по Республике Коми в г. Сыктывкар','2007-06-27','110-001','skoredin@bk.ru',1,'2010-12-21 06:53:17',14,0,1,0,0,1,0,3,1,'г. Сыктывкар',904,'2704263',904,'2704263',1,0,1597276869,'0000-00-00'),(648,0,'Агаева','Эльмира','','','0000-00-00','','1',1,'','','','0000-00-00','','aghayeva@live.ru',1,'2010-12-21 13:12:07',0,0,0,0,0,0,0,1,0,'',0,NULL,0,NULL,1,0,1844277674,'0000-00-00'),(649,0,'Шорникова','Ксения','','','0000-00-00','','1',1,'','','','0000-00-00','','shornikova@inbox.ru',1,'2010-12-21 15:26:22',0,0,0,0,0,0,0,1,0,'',0,NULL,0,NULL,1,0,1540259562,'0000-00-00'),(651,0,'Гребенников','Василий ','Игоревич','','1983-06-28','M','Российская Федерация',1,'6504','807024','Красноуральским ГОВД','2004-08-19','662-033','vasilii-grebennikov@mail.ru',1,'2010-12-23 16:25:18',1,0,1,0,0,1,0,3,1,'Свердловская обл. Красноуральск',34343,'22777',912,'2261330',1,0,3579268115,'0000-00-00'),(652,0,'Маковский','Виталий','Витальевич','','1989-08-30','M','Российская Федерация',1,'5009','581936','Отделом УФМС России по Новосибирской области в Калининском районе','2009-09-25','','vitalij.makovsky@ya.ru',1,'2010-12-24 09:14:19',17,0,1,0,0,1,0,4,1,'г.Новосибирск',913,'4846306',913,'4846306',1,0,1427825015,'0000-00-00'),(653,0,'Ермишин','Вячеслав','Александрович','','0000-00-00','','1',1,'','','','0000-00-00','','ermsla@mail.ru',1,'2010-12-26 08:28:12',0,0,0,0,0,0,0,1,0,'',0,NULL,0,NULL,1,0,1504890308,'0000-00-00'),(654,0,'Трофимов ','Дмитрий','Сергеевич','','0000-00-00','','1',1,'','','','0000-00-00','','lunar2033@yandex.ru',1,'2010-12-27 12:02:08',0,0,0,0,0,0,0,1,0,'',0,NULL,0,NULL,1,0,1402287137,'0000-00-00'),(655,0,'Шевченко','Вадим','Алексеевич','','0000-00-00','','1',1,'','','','0000-00-00','','schewa13@gmail.com',1,'2010-12-27 21:47:13',0,0,0,0,0,0,0,1,0,'',0,NULL,0,NULL,1,0,2994356005,'0000-00-00'),(656,0,'Севостьянов','Алексей','Валерьевич','','0000-00-00','','1',1,'','','','0000-00-00','','lexa4353@list.ru',1,'2010-12-28 09:02:45',0,0,0,0,0,0,0,1,0,'',0,NULL,0,NULL,1,0,1504876068,'0000-00-00'),(657,0,'Евстигнеев','Артем','','','0000-00-00','M','Российская Федерация',1,'0303','748806','Edl центрального окр-га г. краснодара','2002-12-27','','irs2@pochta.ru',1,'2010-12-28 09:17:38',1,0,1,0,0,1,0,3,2,'г. Чита',861,'2592848',952,'8658356',1,0,1437533512,'0000-00-00'),(658,0,'Кубышина','Наталья','Игоревна','','0000-00-00','','1',1,'','','','0000-00-00','','natalya18.solnce@mail.ru',1,'2010-12-28 14:31:26',0,0,0,0,0,0,0,1,0,'',0,NULL,0,NULL,1,0,1565575902,'0000-00-00'),(659,0,'Краснощеков','Александр','Анатольевич','','1989-03-08','M','Российская Федерация',1,'4608','544938','ТП в пос.Курилово ОУФМС РФ по МО  в гор.Подольске','2009-04-08','500-127','Ales-Kras@yandex.ru',1,'2010-12-31 07:19:18',5,0,1,1,1,1,1,3,2,'гор.Шербинка Подольского р-на МО',4967,'651703',916,'4689855',3,0,3566739934,'0000-00-00'),(660,0,'Пузырев','Василий','Алексеевич','','0000-00-00','','1',1,'','','','0000-00-00','','vpuzyrjov@mail.ru',1,'2011-01-02 19:54:14',0,0,0,0,0,0,0,1,0,'',0,NULL,0,NULL,1,0,1042411840,'0000-00-00'),(661,0,'Вцвцв','Цвцвцвцвц','Кпкпкпк','','0000-00-00','','1',1,'','','','0000-00-00','','deffvsdvsd@mail.ru',1,'2011-01-03 09:56:44',0,0,0,0,0,0,0,1,0,'',0,NULL,0,NULL,1,0,1297056455,'0000-00-00'),(662,0,'Липатов','Яков','Алексеевич','','1980-05-25','M','Российская Федерация',1,'1404','323413','ПО1 УВД г.Старый Оскол Белгородской обл','2003-10-28','312-022','lipatovyakov@yandex.ru',1,'2011-01-04 22:23:27',4,0,1,1,0,1,0,3,4,'г. Старый Оскол',4725,'240216',950,'7143530',1,0,1540142014,'0000-00-00'),(663,0,'Пичугина','Дарья','Александровна','','1975-06-17','F','Российская Федерация',1,'4602','289162','Малаховским отделом милиции Люберецкого УВД Московской области','2002-03-11','503-047','info@golden-favorite.ru',1,'2011-01-05 12:32:42',18,0,1,0,0,1,0,3,1,'посёлок Малаховка Люберецкого района Московской области',495,'5015767',926,'2288994',1,0,3578751774,'0000-00-00'),(664,0,'Ханкишиев','Эльчин','','','0000-00-00','','1',1,'','','','0000-00-00','','elchin-@mail.ru',1,'2011-01-05 13:19:51',0,0,0,0,0,0,0,1,0,'',0,NULL,0,NULL,1,0,1434715349,'0000-00-00'),(665,0,'Сазонов','Егор','Олегович','','0000-00-00','','1',1,'','','','0000-00-00','','Dante2809@gmail.com',1,'2011-01-05 21:13:08',0,0,0,0,0,0,0,1,0,'',0,NULL,0,NULL,1,0,2998006484,'0000-00-00'),(666,0,'Слукин','Валерий','Николаевич','','1989-02-21','M','Российская Федерация',1,'5709','416842','отделением УФМС россии по пермскому краю в г чусовом','2009-06-26','590-058','slukin.valerii@mail.ru',1,'2011-01-06 06:55:15',0,0,0,0,0,0,0,2,1,'пермский край г чусовой',34256,'52859',890,'8272809',1,0,1383087768,'0000-00-00'),(667,0,'Дукузов','Магомед','Русланович','','0000-00-00','','1',1,'','','','0000-00-00','','maga_-@mail.ru',1,'2011-01-06 09:22:01',0,0,0,0,0,0,0,1,0,'',0,NULL,0,NULL,1,0,1598624359,'0000-00-00'),(668,0,'Лукунин','Андрей','Александрович','','0000-00-00','','1',1,'','','','0000-00-00','','andreichsb@yandex.ru',1,'2011-01-06 21:16:11',0,0,0,0,0,0,0,1,0,'',0,NULL,0,NULL,1,0,1540073638,'0000-00-00'),(669,0,'Баднаева','Екатерина','Юрьевна','','0000-00-00','F','Российская Федерация',1,'8110','368613','УФМС России р.Бурятия Кяхтинский район','2010-12-08','030-026','sofia@mail.ru',1,'2011-01-08 03:47:23',17,0,1,0,0,1,0,4,4,'с.Хоронхой Кяхтинский район Бурятской АССР',924,'7526096',924,'3963086',1,0,1427829166,'0000-00-00'),(670,0,'Моисеенко','Ольга','Владимировна','','1984-02-14','F','Российская Федерация',1,'7109','765446','Отделом № 1 УФМС России  по Тюменской  обл. в Ленинском АО города Тюмени','2010-03-18','720-001','l1l402@rambler.ru',1,'2011-01-08 05:03:08',11,0,1,1,1,1,0,3,2,'Тюмень',3452,'362238',919,'9578240',1,0,1841476683,'0000-00-00'),(671,0,'Краснов','Андрей','Александрович','','0000-00-00','','1',1,'','','','0000-00-00','','mail-music@mail.ru',1,'2011-01-09 08:31:45',0,0,0,0,0,0,0,1,0,'',0,NULL,0,NULL,1,0,1600729575,'0000-00-00'),(672,0,'Мессер','Андрей','Иосифович','','0000-00-00','','1',1,'','','','0000-00-00','','dron1322@rambler.ru',1,'2011-01-09 10:09:40',0,0,0,0,0,0,0,1,0,'',0,NULL,0,NULL,1,0,1597618089,'0000-00-00'),(673,0,'Чуприна ','Денис','Борисович','','0000-00-00','','1',1,'','','','0000-00-00','','den2008@29.ru',1,'2011-01-09 10:10:16',0,0,0,0,0,0,0,1,0,'',0,NULL,0,NULL,1,0,2990565735,'0000-00-00'),(674,0,'Левочкин','Андрей','Владимирович','','0000-00-00','','1',1,'','','','0000-00-00','','ktdjxrby83@rambler.ru',1,'2011-01-11 09:04:37',0,0,0,0,0,0,0,1,0,'',0,NULL,0,NULL,1,0,1839531224,'0000-00-00'),(675,0,'Себряев','Илья','Владимирович','','0000-00-00','','1',1,'','','','0000-00-00','','hilie@mail.ru',1,'2011-01-11 10:45:17',0,0,0,0,0,0,0,1,0,'',0,NULL,0,NULL,1,0,1489807946,'0000-00-00'),(676,0,'Жуматаева','Анель ','Сериковна','','0000-00-00','','',0,'','','','0000-00-00','','a_zhumatayeva@ctsat.kz',0,'2011-01-11 10:50:57',0,0,0,0,0,0,0,2,0,'',0,'',0,'',0,0,1489807946,'0000-00-00'),(677,0,'Кобылкина','Ксения','','','0000-00-00','','1',1,'','','','0000-00-00','','koksenia@bk.ru',1,'2011-01-11 11:41:29',0,0,0,0,0,0,0,1,0,'',0,NULL,0,NULL,1,0,3283272984,'0000-00-00'),(678,0,'Бечина','Ирина','','','1984-02-18','F','Российская Федерация',1,'4507','442616','ОВД Филевский парк, г.Москвы','2004-07-22','772-040','ka-ora@ya.ru',1,'2011-01-12 10:41:04',4,0,1,1,0,1,0,4,1,'г.Москва',499,'1441332',926,'1814140',1,0,3273406803,'0000-00-00'),(679,0,'Ходоров','Олег','Игоревич','','0000-00-00','','1',1,'','','','0000-00-00','','oleg-khodorov@yandex.ru',1,'2011-01-12 14:45:47',0,0,0,0,0,0,0,1,0,'',0,NULL,0,NULL,1,0,2988613535,'0000-00-00'),(681,0,'Орлов','Роман','Викторович','','0000-00-00','','1',1,'','','','0000-00-00','','orv88@mail.ru',1,'2011-01-13 18:47:45',0,0,0,0,0,0,0,1,0,'',0,NULL,0,NULL,1,0,1311016567,'0000-00-00'),(682,0,'Ляпич','Сергей','','','0000-00-00','','1',1,'','','','0000-00-00','','sergejlyapich@mail.ru',1,'2011-01-13 20:43:15',0,0,0,0,0,0,0,1,0,'',0,NULL,0,NULL,1,0,1834878881,'0000-00-00'),(683,0,'Мануковский','Евгений','Игоревич','','0000-00-00','','1',1,'','','','0000-00-00','','e-i@list.ru',1,'2011-01-14 20:40:17',0,0,0,0,0,0,0,1,0,'',0,NULL,0,NULL,1,0,1595979486,'0000-00-00'),(684,0,'Ляпич','Сергей','Владимирович','','1974-09-09','M','Российская Федерация',1,'4605','062400','2от.мил.Подольского УВД мос.обл.','2003-06-28','503-080','lyapichsergej@mail.ru',1,'2011-01-15 06:29:38',1,0,1,0,0,1,1,4,1,'мос.обл.г.Подольск',903,'7465437',917,'5645549',3,0,1834878142,'0000-00-00'),(685,0,'Милославская','Елена','Вячеславовна','','2011-10-30','F','Российская Федерация',1,'0306','318777','ОВД Кореновского района краснодарского края','2007-02-05','','kairinishad@yandex.ru',1,'2011-01-15 14:28:30',4,0,1,1,1,0,0,3,2,'гор. Донецк Украинская ССР',495,'3165708',926,'2105906',1,0,1336261461,'0000-00-00'),(686,0,'Иванов','Виктор','','','1993-01-21','M','Российская Федерация',1,'3234','435465','fdhgd fd ','2001-01-24','','koroh@mail.ru',1,'2011-01-15 19:59:18',0,0,0,0,0,0,0,2,1,'ffghfghjf',558,'567588675',675,'6758675',1,0,3002892282,'0000-00-00'),(687,0,'Киселев','Олег','Дмитриевич','','1981-12-30','M','Российская Федерация',1,'6003','797491','ОВД Октябрьского р-на, г.Ростов-на-Дону','2003-03-15','','a2298350@ya.ru',1,'2011-01-15 22:05:38',7,0,1,1,0,1,1,4,1,'Ростов-на-Дону',863,'2348077',928,'2298350',1,0,1839537004,'0000-00-00'),(688,0,'Ложникова','Виктория','Андреевна','','1988-12-13','F','Российская Федерация',1,'3609','030065','отделением УФМС России по Самарской области в волжском районе','2009-02-13','630-028','lva-samara@mail.ru',1,'2011-01-17 17:31:45',18,0,1,0,0,1,0,4,2,'самарская область,Волжский район,п.Новоберезовский,ул.Специа',846,'9988317',937,'6407500',1,0,3648412292,'0000-00-00'),(689,0,'Дубровина','Людмила','Васильевна','','1981-01-23','F','Российская Федерация',1,'0301','884485','Новомихайловским ПОМ УВД г. Туапсе Краснодарского края','2002-05-11','233-014','lyuda.dubrovina@yandex.ru',1,'2011-01-18 07:03:59',6,0,7,1,0,1,1,4,4,'п. Новомихайловский Туапсинский район',86167,'99856',928,'8431243',1,1,1427814224,'0000-00-00'),(690,0,'Витлусова','Ирина','Николаевна','','0000-00-00','','1',1,'','','','0000-00-00','','audi8023@bk.ru',1,'2011-01-18 18:16:42',0,0,0,0,0,0,0,1,0,'',0,NULL,0,NULL,1,0,1047070849,'0000-00-00'),(691,0,'Дмитриева','Анна','Сергеевна','','0000-00-00','','1',1,'','','','0000-00-00','','projaba@gmail.com',1,'2011-01-18 19:03:24',0,0,0,0,0,0,0,1,0,'',0,NULL,0,NULL,1,0,1842216067,'0000-00-00'),(692,0,'Бобров','Виктор','Александрович','','1984-02-23','M','Российская Федерация',1,'9802','648389','ОВД Кобяйского улуса Республики Саха (Якутия)','2004-06-22','','sbt23@mail.ru',1,'2011-01-19 09:18:22',4,0,1,1,0,1,0,3,4,'п. Сангар Кобяйского района Якутской АССР',41163,'21114',924,'8603763',1,0,3276095763,'0000-00-00'),(693,0,'Грудцына ','Галина','Владимировна','','1978-09-25','F','Российская Федерация',1,'3399','075877','овд нагорского района Кировской обл','2000-02-07','','Gallina_25@mail.ru',2,'2011-01-20 11:29:26',34,0,1,0,0,0,0,3,2,'п. Нагорск Кировской обл',909,'6345817',909,'6345817',1,0,1507785810,'0000-00-00'),(694,0,'Миронов','Николай','Викторович','','0000-00-00','','1',1,'','','','0000-00-00','','nik2857@ya.ru',1,'2011-01-21 11:04:48',0,0,0,0,0,0,0,1,0,'',0,NULL,0,NULL,1,0,3557003701,'0000-00-00'),(695,0,'Епифанцева','Мария','Владимировна','','1989-02-28','F','Российская Федерация',1,'4510','433870','Отделением по району Преобаженское ОУФМС России по гор. Москве в ВАО','2009-11-03','','zemliani4ka@list.ru',1,'2011-01-21 11:18:33',4,0,1,1,0,1,0,3,1,'Москва',962,'3634453',962,'3634453',1,0,1051559915,'0000-00-00'),(696,0,'Николаев','Артем','Олегович','','1987-09-05','M','Российская Федерация',1,'2510','393666','УФМС России по Иркутской области в Свердловском р-не г. Иркутска','2010-07-23','380-004','artemii666@mail.ru',1,'2011-01-21 20:06:39',4,0,1,1,0,1,0,3,1,'г. Иркутск',914,'9076996',924,'5436176',1,0,1586086698,'0000-00-00'),(697,0,'Данилина','Светлана','Виталиевна','','0000-00-00','','1',1,'','','','0000-00-00','','svetlana-42@mail.ru',1,'2011-01-22 14:58:25',0,0,0,0,0,0,0,1,0,'',0,NULL,0,NULL,1,0,39725813,'0000-00-00'),(698,0,'Пахоменко','Денис','Павлович','','1987-04-12','M','Республика Беларусь',1,'02','774873','Партизанское РУВД г. Минска','2010-08-03','','info-ruz@yandex.ru',1,'2011-01-25 17:44:05',1,0,1,0,0,1,0,3,1,'Республика Беларусь ПГТ Хотимск',481,'3466577',910,'7894266',1,0,1604250043,'0000-00-00'),(699,0,'Муртазалиев','Мурад','Тажудинович','','0000-00-00','','1',1,'','','','0000-00-00','','murtazaliev-2010@mail.ru',1,'2011-01-26 16:55:27',0,0,0,0,0,0,0,1,0,'',0,NULL,0,NULL,1,0,1360547971,'0000-00-00'),(700,0,'Приставко','Елена','Ивановна','','1984-09-21','F','Российская Федерация',1,'0704','456335','Управление Внутренних Дел города пятигорска, ставропольского края','2005-04-05','','Lenchik15@list.ru',2,'2011-01-27 10:58:24',4,0,1,1,0,1,0,3,2,'г.Пятигорск, Ставропольский край',8793,'989799',988,'7640051',1,0,1427814251,'0000-00-00'),(704,0,'Малявчикова','Виктория','Александровна','','1990-12-06','F','Российская Федерация',1,'4611','245981','ТП в гор. Дзержинском ОУФМС Росии по московской обл. в Люберецком р-не','2010-12-21','500-078','nika1063@mail.ru',1,'2011-01-27 22:08:54',6,0,1,1,0,1,0,3,1,'пос. Красково,Люберецкого р-на,Московской обл.',550,'4033',906,'7514078',1,0,3556933800,'0000-00-00'),(705,0,'Ракитина','Инна','Васильевна','','0000-00-00','F','Российская Федерация',1,'6706','714714','хмао-югра г нижневартовск','0000-00-00','860-015','naturela666@mail.ru',1,'2011-01-28 09:24:54',0,0,0,0,0,0,0,2,4,'харьковская обл.пос червоный донец',8902,'8514344',890,'2851434',1,1,1559677597,'0000-00-00'),(706,0,'Бровкин','Денис','','','1979-02-09','M','Российская Федерация',1,'7310','760405','тп уфмс россии в базарном сызгане','2010-06-18','730-026','denver30@mail.ru',2,'2011-01-28 17:30:00',5,0,1,1,0,1,0,4,2,'Казахская сср.Карагандинская обл.г.Шахтинск',84240,'21466',927,'8128821',1,0,1560058532,'0000-00-00'),(707,0,'Чальцев','Андрей','Александрович','','0000-00-00','','1',1,'','','','0000-00-00','','andre13nz@yahoo.co.nz',1,'2011-01-30 02:20:32',0,0,0,0,0,0,0,1,0,'',0,NULL,0,NULL,1,0,3393901012,'0000-00-00'),(708,0,'Афонина','Олеся','Олеговна','','1987-03-20','F','Российская Федерация',1,'6706','672274','ОУФМС РОССИИ ПО ХМАО-ЮГРЕ В Г ЛАНГЕПАС','2007-05-03','','MOON181@MAIL.RU',1,'2011-01-31 10:23:56',17,0,1,0,0,1,0,3,1,'Г ЛАНГЕПАС ТЮМЕНСКОЙ ',922,'7908718',922,'7908718',1,0,3155238634,'0000-00-00'),(709,0,'Полуляхов','Денис','Дмитриевич','','1985-08-29','M','Российская Федерация',1,'1005','928655','ГОВД г. Райчихинска Амурской области','2006-02-07','282-006','amurwebmaster@yandex.ru',1,'2011-02-01 05:21:03',4,0,1,1,0,1,0,4,1,'г. Райчихинск Амурской области',41647,'20433',924,'1479098',1,0,1332337914,'0000-00-00'),(710,0,'Сергиенко','Алексей','','','0000-00-00','','1',1,'','','','0000-00-00','','aser.ki@mail.ru',1,'2011-02-01 07:55:58',0,0,0,0,0,0,0,1,0,'',0,NULL,0,NULL,1,0,1566519109,'0000-00-00'),(711,0,'Воблов','Михаил','Вячеславович','','1976-06-29','M','Российская Федерация',1,'4501','249415','ОВД \"Чертаново-Южное\" г.Москвы','2001-07-26','772-022','voblov@finmarket.ru',1,'2011-02-01 10:50:43',6,0,1,1,0,1,0,4,4,'г.Москва',495,'3823164',916,'6104980',1,1,3582379607,'0000-00-00'),(712,0,'Бобров','Виктор','Александрович','','0000-00-00','','1',1,'','','','0000-00-00','','Victorbobr@rambler.ru',1,'2011-02-01 13:44:07',0,0,0,0,0,0,0,1,0,'',0,NULL,0,NULL,1,0,3276095763,'0000-00-00'),(713,0,'Ооржак','Самира','Андреевна','','0000-00-00','M','Российская Федерация',1,'304','264125','Овд Эрзинского района Республики Тыва','2001-01-21','172-021','samiraor@mail.ru',1,'2011-02-01 16:27:18',0,0,0,0,0,0,0,2,4,'Республика Тыва Эрзинский район с.Бай-Даг',39439,'22141',923,'2653245',1,1,3641237799,'0000-00-00'),(714,0,'Сергеева','Ксения','','','1987-05-25','F','Российская Федерация',1,'4607','766035','ТП№1 ОУФМС России по М.обл. в г. Железнодорожном','2007-05-29','','mikolaia@mail.ru',1,'2011-02-02 07:12:11',0,0,0,0,0,0,0,2,1,'г. Железнодорожный, М. обл.',926,'1685753',926,'1685753',1,0,1427442506,'0000-00-00'),(715,0,'Хайруллаева','Роза ','Абузаровна','','1978-01-14','F','Российская Федерация',1,'3300','131172','Краснополянским ПОМ вятско-полянского района Кировской области','2000-01-16','','roza_hairullaeva@mail.ru',2,'2011-02-02 10:22:30',8,0,1,1,0,1,0,3,4,'Кировская область, р.п.Красная поляна',917,'2896040',917,'2896040',1,1,1441349730,'0000-00-00'),(716,0,'Рамазанова','Лариса','Равильевна','','1987-03-22','F','Российская Федерация',1,'4607','699994','ТП №1в гор. Одинцово ОУФМС России по Московской обл. в Одинцовском р-не','2007-04-24','500-103','larsonhik@mail.ru',1,'2011-02-02 11:47:38',16,0,1,0,0,0,0,3,1,'гор. Одинцово Московской обл.',495,'5938384',926,'5736763',1,0,1412655073,'0000-00-00'),(717,0,'Филимонова','Диана','Надировна','','1983-02-11','F','Российская Федерация',1,'8904','835244','ОВД Пролетарского р-на г.Саранска','2004-11-12','132-003','filimonowa83@mail.ru',2,'2011-02-02 14:32:45',11,0,1,1,0,1,0,3,1,'г.Рузаевка Республика Мордовия',926,'8212215',0,'00000',1,0,1559472101,'0000-00-00'),(718,0,'Ким','Семен','','','0000-00-00','','1',1,'','','','0000-00-00','','kimi-semik@yandex.ru',1,'2011-02-03 18:24:38',0,0,0,0,0,0,0,1,0,'',0,NULL,0,NULL,1,0,1586317636,'0000-00-00'),(719,0,'Литовченко','Мария','Сергеевна','','0000-00-00','','1',1,'','','','0000-00-00','','killerrabiz@mail.ru',1,'2011-02-04 07:00:16',0,0,0,0,0,0,0,1,0,'',0,NULL,0,NULL,1,0,3582608430,'0000-00-00'),(720,0,'Вакуленко','Олег','Александрович','','1977-07-17','M','Российская Федерация',1,'7403','370073','УВД г. Новый Уренгой','2003-04-23','892-001','rock_77@mail.ru',1,'2011-02-04 09:34:40',6,0,1,1,0,1,0,3,4,'г. Орехов, Запорожской обл.',3494,'244706',906,'8865580',1,1,3160290597,'0000-00-00'),(721,0,'Ап','А','А','','1973-01-31','F','Российская Федерация',1,'4575','857898','лшпщшгщ','2001-01-31','','poiuyt22@mail.ru',1,'2011-02-04 10:38:45',7,0,1,1,0,1,0,3,1,'нгенгенген',56546,'456546',546,'5645654',1,0,1539372235,'0000-00-00'),(722,0,'Гусева','Динара','','','1983-04-22','F','Российская Федерация',1,'4509','880112','ОУФМС Ховрино','0000-00-00','','dinara-22@inbox.ru',1,'2011-02-04 10:47:05',7,0,1,1,0,1,0,4,1,'Москва',495,'4555128',926,'2710005',1,0,1539372235,'0000-00-00'),(723,0,'Туривный','Сергей','Николаевич','','1984-10-16','M','',1,'1756','435346','fhtyutr','2001-01-03','','das56@mail.ru',1,'2011-02-06 08:37:59',1,0,1,0,0,1,0,3,1,'Kharkov',5123,'456675',546,'4564567',1,1,1834400430,'0000-00-00'),(724,0,'Долов','Руслан','Салимович','','1981-10-29','M','Российская Федерация',1,'0703','086052','УВД города пятигорска Ставропольского края','2002-07-17','262-027','ruslan-dolov@yandex.ru',1,'2011-02-06 10:37:32',6,0,1,1,0,1,0,3,4,'сШордаково зольского района КБР',8793,'334402',965,'3417632',1,0,1598592235,'0000-00-00'),(725,0,'Москвичева','Дарья','Сергеевна','','0000-00-00','','1',1,'','','','0000-00-00','','moscvichka_84@mail.ru',1,'2011-02-06 18:46:45',0,0,0,0,0,0,0,1,0,'',0,NULL,0,NULL,1,0,1604709947,'0000-00-00'),(726,0,'Энеев','Дмитрий ','Александрович','','0000-00-00','','1',1,'','','','0000-00-00','','eneeff@yandex.ru',1,'2011-02-06 19:38:02',0,0,0,0,0,0,0,1,0,'',0,NULL,0,NULL,1,0,1504868504,'0000-00-00'),(727,0,'Маметов','Александр','Сергеевич','','0000-00-00','','1',1,'','','','0000-00-00','','mametov@bk.ru',1,'2011-02-07 09:43:39',0,0,0,0,0,0,0,1,0,'',0,NULL,0,NULL,1,0,3645755790,'0000-00-00'),(728,0,'Кириенко','Антон','Сергеевич','','1984-09-22','M','Российская Федерация',1,'3204','816752','2 отделением милиции города Белово Кемеровской области','2005-03-01','423-004','dvhant@mail.ru',1,'2011-02-07 10:06:36',4,0,1,1,0,1,1,4,1,'Город Белово Кемеровская область',923,'1047606',923,'1047606',1,0,1402286492,'0000-00-00'),(729,0,'Казаков   ','Вячеслав','Анатольевич','','1988-05-04','M','Российская Федерация',1,'2708','204344','ОУФМС России по Калининградской области Ленинградского р-на Калининграда','2008-12-15','390-003','satir_s@mail.ru',1,'2011-02-07 18:08:48',6,0,1,1,0,1,0,3,1,'Калининград',4012,'735598',905,'2459371',1,0,1406898061,'0000-00-00'),(730,0,'Малка','Олег','','','1987-05-23','M','Российская Федерация',1,'4509','860925','ОУФМС Северное Бутово','2008-10-17','770-121','zdravbude@gmail.com',1,'2011-02-08 11:10:12',4,0,1,1,0,1,0,3,4,'г. Москва',495,'7121523',926,'8310098',1,0,1494296346,'0000-00-00'),(731,0,'Шеремет','Альфира','Халимовна','','1977-02-12','F','Российская Федерация',1,'9802','111111','гувд','2001-01-02','135-000','alfirusha@mail.ru',1,'2011-02-08 11:15:45',6,0,1,1,0,1,0,4,4,'Киргизия',41136,'11111',914,'2589712',1,1,1540328465,'0000-00-00'),(732,0,'Шатов','Дмитрий','Викторович','','0000-00-00','','1',1,'','','','0000-00-00','','shatov-dmitrii@mail.ru',1,'2011-02-08 13:48:26',0,0,0,0,0,0,0,1,0,'',0,NULL,0,NULL,1,0,1841088541,'0000-00-00'),(733,0,'Васильева','Юлия','Гергиевна','','1983-12-30','F','Российская Федерация',1,'0000','000000','Железнодорожным РОВД г.Екатеринбурга','2004-12-27','662-005','vasileva77@yandex.ru',2,'2011-02-09 05:39:28',4,0,1,1,0,1,0,4,1,'город Свердловск',0,'000000',909,'0020545',1,0,1402283476,'0000-00-00'),(734,0,'Костемерова ','Александра','Олеговна','','1982-03-05','F','Российская Федерация',1,'4504','664726','ОВД Р-НА ВОСТОЧНОЕ ДЕГУНИНО, Г МОСКВЫ','2003-01-13','772-018','xxx-1000@yandex.ru',1,'2011-02-09 05:48:26',0,0,0,0,0,0,0,2,1,'МОСКВА',499,'4811162',499,'4811162',1,0,1331824645,'0000-00-00'),(735,0,'Бологов','Василий','','','0000-00-00','','1',1,'','','','0000-00-00','','malrik@yandex.ru',1,'2011-02-09 06:36:01',0,0,0,0,0,0,0,1,0,'',0,NULL,0,NULL,1,0,1357902553,'0000-00-00'),(736,0,'Ионов','Александр','Александрович','','1986-11-23','M','Российская Федерация',1,'4509','970263','ОТДЕЛЕНИЕМ ПО РАЙОНУ ОРЕХОВО-БОРИСОВО ЮЖНОЕ ОУФМС РОССИИ ПО ГОР. МОСКВЕ В ЮАО','2008-11-21','770-040','komdub@bmail.ru',1,'2011-02-09 12:57:20',10,0,1,1,0,1,0,3,1,'ГОРОД МОСКВА',495,'3997526',905,'7297466',1,0,1595702062,'0000-00-00'),(737,0,'Казаков','Вячеслав','Анатольевич','','1988-05-04','M','Российская Федерация',1,'2708','204344','ОУФМС России по Калининградской области Ленинградского р-на Калининграда','2008-12-15','390-003','satir-sj@yandex.ru',1,'2011-02-09 17:14:00',4,0,1,1,0,1,1,4,1,'Калининград',4012,'735598',905,'2459371',1,0,1406898061,'0000-00-00'),(738,0,'Павлун','Анна','Валентиновна','','0000-00-00','','1',1,'','','','0000-00-00','','avaria02@yandex.ru',1,'2011-02-10 22:45:24',0,0,0,0,0,0,0,1,0,'',0,NULL,0,NULL,1,0,3287223106,'0000-00-00'),(739,0,'Хромов','Сергей','Владимирович','','0000-00-00','','1',1,'','','','0000-00-00','','mnemonic9@rambler.ru',1,'2011-02-11 07:00:56',0,0,0,0,0,0,0,1,0,'',0,NULL,0,NULL,1,0,1042413596,'0000-00-00'),(740,0,'Гостев','Вячеслав','Валентинович','','1973-03-06','M','Российская Федерация',1,'1404','085303','ОВД г.Шебекино ','2003-05-17','','ogw@mail.ru',2,'2011-02-11 12:16:31',45,0,1,0,0,1,1,4,1,'г. Бердск Новосибирская область',47248,'29135',903,'6422141',1,0,1598495385,'0000-00-00'),(741,0,'Терещенко','Кирилл','Владимирович','','1991-06-14','M','Российская Федерация',1,'0305','906571','УВД Анапского района Краснодарского края','2005-08-09','232-019','xalk-666@rambler.ru',1,'2011-02-12 17:15:38',0,0,0,0,0,0,0,2,1,'Село Иргаклы Степновского района Ставропольского края',988,'3385174',988,'3385174',1,0,1437558331,'0000-00-00'),(742,0,'Мардиросов','Арсен','Сергеевич','','0000-00-00','','1',1,'','','','0000-00-00','','archer-war@yandex.ru',1,'2011-02-14 00:58:55',0,0,0,0,0,0,0,1,0,'',0,NULL,0,NULL,1,0,1540519946,'0000-00-00'),(744,0,'Сухорукова','Марина','Валентиновна','','1977-12-30','F','Российская Федерация',1,'9002','406258','УВД Пригородного района РСО - Алания','2003-01-22','152-012','m.suhorukova@mail.ru',1,'2011-02-15 09:16:09',8,0,1,1,0,1,0,4,1,'г.Владикавказ',86738,'24347',918,'8210461',1,0,2988640973,'0000-00-00'),(745,0,'Епифанов','Николай','','','0000-00-00','','1',1,'','','','0000-00-00','','Pifan91@mail.ru',1,'2011-02-15 18:00:07',0,0,0,0,0,0,0,1,0,'',0,NULL,0,NULL,1,0,1834961193,'0000-00-00'),(746,0,'Садриева','Любовь','Ибрагимовна','','1987-11-26','F','Российская Федерация',1,'4007','312778','тп №61 отдела уфмс россии по спб и ло в петроградском районе спб','2007-12-28','780-061','lyu-sadrieva@yandex.ru',1,'2011-02-15 19:22:23',0,0,0,0,0,0,0,2,1,'ленинград',818,'3454070',952,'3020724',1,0,1550155539,'0000-00-00'),(747,0,'Аблаков','Дмитрий','Юрьевич','','0000-00-00','','1',1,'','','','0000-00-00','','TimaProFrost@gmail.com',1,'2011-02-16 07:13:48',0,0,0,0,0,0,0,1,0,'',0,NULL,0,NULL,1,0,3648412464,'0000-00-00'),(748,6070,'Очкин','Иван','Анатольевич','','1983-02-14','M','Российская Федерация',1,'0404','058863','УВД г. Железногорск Красноярского края','2003-06-02','242-062','antheus1983@mail.ru',1,'2011-02-16 10:19:12',4,0,1,1,0,1,1,4,1,'г. Красноярск-26',3919,'766782',902,'9438578',1,0,3160146117,'0000-00-00'),(749,0,'Иванов','Петр','Владимирович','','0000-00-00','','1',1,'','','','0000-00-00','','tatpitsem@mail.ru',1,'2011-02-17 09:00:13',0,0,0,0,0,0,0,1,0,'',0,NULL,0,NULL,1,0,1054176361,'0000-00-00'),(750,0,'Соловьева ','Мария','','','0000-00-00','','1',1,'','','','0000-00-00','','solovjeva_ma@mail.ru',1,'2011-02-17 10:05:09',0,0,0,0,0,0,0,1,0,'',0,NULL,0,NULL,1,0,1582242597,'0000-00-00'),(752,0,'Шмакова','Жанна','','','1977-04-29','F','Российская Федерация',1,'7097','039733','УВД Пролетарского района гор.Тулы','1998-06-23','','maxizhaska@mail.ru',1,'2011-02-18 08:38:08',6,0,1,1,0,1,0,3,1,'гор.Тула',4872,'418303',953,'9519119',1,1,1578952149,'0000-00-00'),(753,0,'Кучерова ','Оксана','Александровна','','0000-00-00','','1',1,'','','','0000-00-00','','kucherova.ok@yandex.ru',1,'2011-02-18 11:24:53',0,0,0,0,0,0,0,1,0,'',0,NULL,0,NULL,1,0,1387478077,'0000-00-00'),(754,0,'Делистоянова','Вита','Алексеевна','','1984-11-07','F','Российская Федерация',1,'4444','444444','4444444444444','0000-00-00','222-000','vita1804@yandex.ru',2,'2011-02-18 19:41:26',0,0,0,0,0,0,0,2,1,'111111',495,'1111111',901,'1111111',1,0,1334570180,'0000-00-00'),(755,0,'Яковлева','Татьяна','Борисовна','','0000-00-00','','1',1,'','','','0000-00-00','','tat.yakovleva2011@yandex.ru',1,'2011-02-20 10:32:32',0,0,0,0,0,0,0,1,0,'',0,NULL,0,NULL,1,0,2997962498,'0000-00-00'),(756,0,'Поповченко','Никита','Петрович','','0000-00-00','','1',1,'','','','0000-00-00','','streptocid08@yandex.ru',1,'2011-02-21 01:00:26',0,0,0,0,0,0,0,1,0,'',0,NULL,0,NULL,1,0,1348320051,'0000-00-00'),(757,0,'Симоненко','Яна','Александровна','','1989-07-13','F','Российская Федерация',1,'0309','321763','ОУФМС по Краснодарскому краю в г. Армавире','2009-09-09','230-015','as014@yandex.ru',1,'2011-02-23 08:26:39',16,0,1,0,0,1,0,3,2,'Ставропольсктй край, г. Буденовск',86137,'44110',918,'6410062',1,1,1582108718,'0000-00-00'),(758,0,'Лопаев','Олег','Андреевич','','1985-04-26','M','Российская Федерация',1,'0106','890593','УВД г.Рубцовска Алтайского края','2007-02-06','222-044','oleg@zloy-admin.ru',1,'2011-02-24 14:04:08',6,0,1,1,0,1,0,4,1,'г.Рубцовск',812,'5421969',904,'6130586',1,0,1540069614,'0000-00-00'),(759,0,'Шамаева','Любовь','Валерьевна','','1986-12-22','F','Российская Федерация',1,'3602','649804','самарским ровд города самары','2002-10-25','632-001','www.love23@ovi.com',2,'2011-02-25 10:51:13',18,0,1,0,0,1,0,3,1,'город алмалык ташкентская область уз.сср',917,'9565319',909,'3443621',1,0,3648412333,'0000-00-00'),(760,0,'Зенкова','Мария','Игоревна','','0000-00-00','','1',1,'','','','0000-00-00','','semya_z@mail.ru',1,'2011-02-25 12:03:49',0,0,0,0,0,0,0,1,0,'',0,NULL,0,NULL,1,0,1595514454,'0000-00-00'),(761,0,'Макаренко','Сергей','Петрович','','1973-09-01','M','Российская Федерация',1,'5099','123479','овд венгеровского района нсо','2000-03-01','542-015','Sergei.petrovih.makarenko2011@yandex.ru',2,'2011-02-26 16:16:02',10,0,1,1,0,1,0,3,2,'с 1 петропавловка венгеровский р-он новосибирская область',38369,'22865',963,'9483190',1,0,3567546914,'0000-00-00'),(762,0,'Тен','Роман','Евгеньевич','','1988-10-19','M','Узбекистан',1,'207','5170','Хамзинским РУВД','2001-12-12','','tenroman@gmail.com',1,'2011-02-26 20:00:53',5,0,1,1,0,1,0,3,1,'Узбекистан',99893,'5005478',998,'7129632',1,0,1508693494,'0000-00-00'),(763,0,'Федоров','Леонид','','','1986-06-22','M','Российская Федерация',1,'0000','000000','0000000000','2001-01-03','','fedorov86@gmail.com',1,'2011-02-26 21:26:48',4,0,1,1,0,1,0,4,1,'Химки',0,'0000000',0,'0000000',1,0,3000705059,'0000-00-00'),(764,0,'Лаптев','Сергей','Валентинович','','0000-00-00','','1',1,'','','','0000-00-00','','lapts2008@mail.ru',1,'2011-02-27 17:22:49',0,0,0,0,0,0,0,1,0,'',0,NULL,0,NULL,1,0,1598587893,'0000-00-00'),(765,0,'Лужнов','Виталий','Владимирович','','1981-04-04','M','Российская Федерация',1,'2901','220723','ОВД г. Обнинска Калужской обл.','2001-08-23','402-004','vitalas_diabolic@mail.ru',1,'2011-02-28 10:52:21',5,0,1,1,0,1,0,3,4,'г. Заозерск Мурманской обл.',48439,'46941',953,'3285359',1,1,1475185418,'0000-00-00'),(766,0,'Манжилевский','Владимир','Алексеевич','','1958-12-04','M','Российская Федерация',1,'4402','153815','Омчакским ОМ Тенькинского РОВД Магаданской обл.','2003-12-24','','vamangil@mail.ru',1,'2011-03-01 21:43:02',6,0,1,1,0,1,0,4,2,'с.Славгородское Славгородского р-н Алтайского края',41344,'54291',914,'0318209',1,0,3281478242,'0000-00-00'),(767,0,'Шестаков','Дмитрий','Эдуардович','','1986-11-04','M','Российская Федерация',1,'4607','798580','ОУФМС РФ по московской области в г. Протвино','2007-11-06','500-130','an0911@rambler.ru',1,'2011-03-02 11:17:22',18,0,1,0,0,1,0,3,1,'г. Богородицк',496,'7746558',916,'3068063',1,0,3267261192,'0000-00-00'),(768,0,'Шишпаренок','Александр','Александрович','','0000-00-00','','1',1,'','','','0000-00-00','','sahokkk@mail.ru',1,'2011-03-03 12:31:56',0,0,0,0,0,0,0,1,0,'',0,NULL,0,NULL,1,0,1599389933,'0000-00-00'),(769,0,'Шубин','Андрей','','','0000-00-00','','1',1,'','','','0000-00-00','','ogursan@yandex.ru',1,'2011-03-03 12:51:10',0,0,0,0,0,0,0,1,0,'',0,NULL,0,NULL,1,0,1297617127,'0000-00-00'),(770,0,'Цыренова','Долгор','Цыренболотовна','','1986-11-06','F','Российская Федерация',1,'8105','063471','ОВД Джидинского р-на Бурятия','2006-11-30','032-007','Dolgoraalina@mail.ru',1,'2011-03-04 09:17:24',8,0,1,1,0,1,0,3,1,'Улан-Удэ',9021,'615927',924,'3988406',1,0,1347677770,'0000-00-00'),(771,0,'Мищенко','Елена','Юрьевна','','0000-00-00','','1',1,'','','','0000-00-00','','darkGirl666@inbox.ru',1,'2011-03-04 14:47:44',0,0,0,0,0,0,0,1,0,'',0,NULL,0,NULL,1,0,3285317559,'0000-00-00'),(772,0,'Томашевский','Руслан','Анатольевич','','1975-08-06','M','Российская Федерация',1,'4500','124966','ОВД \"Солнцево\" г.Москвы','2000-12-27','','rustom36@gmail.com',1,'2011-03-08 18:21:34',1,0,1,0,0,1,0,3,1,'Молдова с. Гидерим',495,'5867677',909,'9012370',1,0,1595631678,'0000-00-00'),(773,0,'Ефимов','Павел','Борисович','','1976-05-24','M','Российская Федерация',1,'7503','275565','УВД Курчатовского р-на г.Челябинска','2003-03-31','','pahatoon@gmail.com',1,'2011-03-09 05:54:53',6,0,1,1,0,1,0,3,1,'г.Челябинск',351,'7421249',963,'0915161',1,1,1310523933,'0000-00-00'),(774,0,'Петухов','Анатолий','Алексеевич','','1984-04-01','M','Российская Федерация',1,'4507','740145','ОВД Района Люблино г. Москвы','2004-11-02','772-103','dacent-istra@rambler.ru',1,'2011-03-09 14:39:26',6,0,1,1,1,1,0,3,2,'г. Хабаровск',49631,'51727',926,'6753220',1,0,1357716249,'0000-00-00'),(775,0,'Никифоров','Константин','Александрович','','0000-00-00','','1',1,'','','','0000-00-00','','knstntn_a_n@mail.ru',1,'2011-03-11 07:49:17',0,0,0,0,0,0,0,1,0,'',0,NULL,0,NULL,1,0,1550157982,'0000-00-00'),(776,0,'Соловьев','Иван','Владиславович','','0000-00-00','','1',1,'','','','0000-00-00','','Rockwale@ro.ru',1,'2011-03-11 20:57:16',0,0,0,0,0,0,0,1,0,'',0,NULL,0,NULL,1,0,1475287882,'0000-00-00'),(777,0,'Андреев','Александр','Викторович','','1981-02-27','M','Российская Федерация',1,'4004','961424','74 О/М Красносельского р-на, Спб','2003-12-31','','xandor@inbox.ru',1,'2011-03-12 14:51:08',4,0,1,1,0,1,0,3,1,'Санкт-Петербург',812,'7515697',905,'2182361',1,0,3162900943,'0000-00-00'),(778,0,'Федяев','Иван','Геннадьевич','','0000-00-00','','1',1,'','','','0000-00-00','','fklidwm@gmail.com',1,'2011-03-13 06:34:07',0,0,0,0,0,0,0,1,0,'',0,NULL,0,NULL,1,0,1597679454,'0000-00-00'),(779,0,'Стешинский ','Юрий','Анатольевич','','1984-05-17','M','Российская Федерация',1,'4506','318009','Паспортно-визовым отделением ОВД Пресненского района УВД ЦАО гор.Москвы','2004-07-07','772-112','stalkeryuras@gmail.com',1,'2011-03-14 07:06:01',45,0,1,0,0,1,1,4,1,'Баку',499,'7972906',985,'7880087',3,0,1582236675,'0000-00-00'),(780,931,'Ефременко','Алексей','Анатольевич','','1984-11-23','M','Российская Федерация',1,'4005','519674','82 о/м Красносельского района Санкт-Петербурга','2005-04-19','782-082','e-aleksey@yandex.ru',1,'2011-03-14 21:06:18',45,0,1,1,1,1,1,4,2,'Ленинград',812,'7456841',921,'0910720',1,0,3162909214,'0000-00-00'),(782,0,'Юля','Я Тоже','Не Студент','','1973-01-10','M','Российская Федерация',1,'3213','654327','паспортным','2000-01-19','665-666','ya2@ne.st',1,'2011-03-15 08:57:27',4,0,1,0,0,0,0,3,1,'г.Москва',983,'76766',916,'2533212',1,0,1399235219,'0000-00-00'),(783,0,'Стрельников','Дмитрий','Юрьевич','','1986-10-13','M','Российская Федерация',1,'4508','865017','ОВД Района Крюково УВД Зеленоградского округа г. Москвы','2006-11-23','772-104','strelnikov_dmitr@inbox.ru',1,'2011-03-15 13:34:02',45,0,1,1,0,1,1,4,2,'г. Москва',495,'3096677',915,'1996000',3,1,1833512459,'0000-00-00'),(784,0,'Ковалев','Иван','Владимирович','','0000-00-00','','1',1,'','','','0000-00-00','','kovaliov_iv@mail.ru',1,'2011-03-16 09:29:31',0,0,0,0,0,0,0,1,0,'',0,NULL,0,NULL,1,0,3559724094,'0000-00-00'),(785,0,'Иванов','Иван','Иванович','','0000-00-00','','1',1,'','','','0000-00-00','','mr.derev0@mail.ru',1,'2011-03-17 00:38:29',0,0,0,0,0,0,0,1,0,'',0,NULL,0,NULL,1,0,1441406859,'0000-00-00'),(786,0,'Стрельцова','Елена','Николаевна','','1986-07-11','F','Российская Федерация',1,'7006','897197','Киросвким ом УВД Пролетарского р-на гор.Тулы','2007-04-05','','Streltsova_86@mail.ru',1,'2011-03-17 11:38:56',12,0,1,1,0,1,0,3,2,'г.Тула',0,'000000',967,'2144000',1,0,1371784244,'0000-00-00'),(787,0,'Исаев','Иван','Викторович','','1984-05-06','M','Российская Федерация',1,'0307','677115','ОУФМС РОССИИ ПО КРАСНОДАРСКОМУ КРАЮ В ПРИКУБАНСКОМ ОКРУГЕ ГОР. КРАСНОДАРА','2007-10-19','230-007','i_vano@bk.ru',1,'2011-03-17 12:45:19',0,0,0,0,0,0,0,2,1,'г. Нойштрелитц',915,'1448386',915,'1448386',1,0,3281143046,'0000-00-00'),(788,0,'Лешуков','Олег','Иванович','','0000-00-00','','1',1,'','','','0000-00-00','','svetlana.1234.1234@yandex.ru',1,'2011-03-18 12:22:00',0,0,0,0,0,0,0,1,0,'',0,NULL,0,NULL,1,0,2998023133,'0000-00-00'),(789,6096,'Меньшикова','Татьяна','Алексеевна','','1962-02-11','F','Российская Федерация',1,'2206','935250','Отдел милиции №2 УВД г.Дзержинска','2007-03-20','522-010','menschikova-tatiana@yandex.ru',1,'2011-03-19 10:21:43',50,0,1,1,0,1,1,4,1,'Горьковская обл. Починковский р-н с. Дуброво',8313,'205834',908,'1679139',1,0,1840806467,'0000-00-00'),(790,0,'Ларин','Максим','Иванович','','1983-05-31','M','Российская Федерация',1,'6804','164291','УВД Октябрьского р-н. г. Тамбова','2004-11-09','','Maximlarin@mail.ru',1,'2011-03-19 12:30:29',4,0,1,1,0,1,1,4,2,'г. Мичуринск',495,'3798700',905,'7418877',3,0,1604675155,'0000-00-00'),(791,0,'Однолько','Андрей','Андреевич','','1986-04-09','M','Российская Федерация',1,'0306','148567','ОВД Хостинчкого р-на гор. Сочи','2006-04-28','','odnolko@yandex.ru',1,'2011-03-19 14:53:02',4,0,1,1,0,1,0,4,1,'г. Сочи',8622,'976139',988,'5072177',1,1,1437407688,'0000-00-00'),(792,0,'Федоров','Леонид','Владимирович','','0000-00-00','','1',1,'','','','0000-00-00','','ardar1on@mail.ru',1,'2011-03-21 14:21:06',0,0,0,0,0,0,0,1,0,'',0,NULL,0,NULL,1,0,3000705047,'0000-00-00'),(793,0,'Холопова','Юлия','','','0000-00-00','','1',1,'','','','0000-00-00','','radasvetlova@rambler.ru',1,'2011-03-23 19:46:20',0,0,0,0,0,0,0,1,0,'',0,NULL,0,NULL,1,0,1384779329,'0000-00-00'),(794,0,'Галин','Александр','Константинович','','0000-00-00','','1',1,'','','','0000-00-00','','galin-sever@yandex.ru',1,'2011-03-25 07:52:58',0,0,0,0,0,0,0,1,0,'',0,NULL,0,NULL,1,0,1407577105,'0000-00-00'),(795,0,'Рогозин','Егор','Васильевич','','1973-01-19','M','Российская Федерация',1,'1109','697607','МРО №1 УФМС России по Архангельской области в г.Архангельске','2009-09-23','290-003','rhytm0@bk.ru',1,'2011-03-26 08:43:59',1,0,0,0,0,1,0,4,4,'Архангельск',8950,'6615053',895,'6615053',1,1,2990564903,'0000-00-00'),(796,0,'Цветков','Александр','Львович','','1980-09-13','M','Российская Федерация',1,'6504','646652','Тавдинским ГОВД Свердловской области','2003-12-15','662-054','tavda2004@mail.ru',1,'2011-03-26 18:55:42',0,0,0,0,0,0,0,2,1,'Днепропетровск',964,'3792874',964,'3792874',1,0,3648409187,'0000-00-00'),(797,0,'Исакова','Анна','Владимировна','','0000-00-00','','1',1,'','','','0000-00-00','','hasnoster@gmail.com',1,'2011-03-28 09:25:50',0,0,0,0,0,0,0,1,0,'',0,NULL,0,NULL,1,0,3557574204,'0000-00-00'),(798,0,'Тычинина','Александра','Олеговна','','0000-00-00','','1',1,'','','','0000-00-00','','baby_girl_095@bk.ru',1,'2011-03-28 16:06:35',0,0,0,0,0,0,0,1,0,'',0,NULL,0,NULL,1,0,3269593148,'0000-00-00'),(799,0,'Булатов','Алексей','Николаевич','','0000-00-00','','1',1,'','','','0000-00-00','','B-u-l-a-t-o-v@yandex.ru',1,'2011-03-28 18:37:21',0,0,0,0,0,0,0,1,0,'',0,NULL,0,NULL,1,0,1294493832,'0000-00-00'),(800,0,'Яклич ','Егор','Артемович','','0000-00-00','','1',1,'','','','0000-00-00','','Quito@mail.ru',1,'2011-03-30 13:56:38',0,0,0,0,0,0,0,1,0,'',0,NULL,0,NULL,1,0,1592278544,'0000-00-00'),(801,0,'Тухфатшин','Владислав','Раисович','','1983-06-04','M','other',1,'100','3390','Наоийским ГОВД Навоийской области','2010-10-30','','pqnb@mail.ru',1,'2011-03-30 19:47:22',4,0,1,1,0,1,0,4,4,'Узбекистан, Навои',8436,'2251463',998,'3162183',1,0,3161580335,'0000-00-00'),(802,0,'Трифонова','Татьяна','Александровна','','1991-02-05','F','Российская Федерация',1,'4511','057992','Отделом УФМС России по г.Москве по району Кузьминки','2011-03-01','770-103','tanushka5291@rambler.ru',1,'2011-03-31 21:37:46',0,0,0,0,0,0,0,2,1,'г.Москва',495,'3784505',985,'2449717',1,0,1595686725,'0000-00-00'),(803,0,'Полтавцева','Светлана','','','0000-00-00','','1',1,'','','','0000-00-00','','Poltavceva003@mail.ru',1,'2011-04-01 05:53:55',0,0,0,0,0,0,0,1,0,'',0,NULL,0,NULL,1,0,3276095747,'0000-00-00'),(804,0,'Щепилова','Елена','','','0000-00-00','','1',1,'','','','0000-00-00','','ellna@mail.ru',1,'2011-04-01 13:47:28',0,0,0,0,0,0,0,1,0,'',0,NULL,0,NULL,1,0,1438649034,'0000-00-00'),(805,0,'Дудорева','Елена','Владимировна','','0000-00-00','','1',1,'','','','0000-00-00','','L_elena@bk.ru',1,'2011-04-02 07:05:42',0,0,0,0,0,0,0,1,0,'',0,NULL,0,NULL,1,0,3580629604,'0000-00-00'),(806,0,'Кадач ','Павел','Геннадьевич','','1982-06-22','M','Российская Федерация',1,'0402','446899','УВД г.Канск','2002-08-29','242-030','pavel.kadach@mail.ru',1,'2011-04-03 02:14:18',0,0,0,0,0,0,0,2,1,'г.Канск',983,'2076616',983,'2076616',1,0,3648409370,'0000-00-00'),(807,0,'Себекин','Иван','Николаевич','','0000-00-00','','1',1,'','','','0000-00-00','','sebekin@ro.ru',1,'2011-04-03 09:13:29',0,0,0,0,0,0,0,1,0,'',0,NULL,0,NULL,1,0,1606229624,'0000-00-00'),(808,0,'Иванов','Иван','Иванович','','1981-01-16','M','Российская Федерация',1,'4234','765432','Паспортным столом 4 ОВД Левобережный','2007-01-12','772-191','ivan@ivanov.ru',1,'2011-04-04 07:07:54',50,0,1,1,0,1,0,4,1,'г.Москва',495,'6631562',916,'7770000',1,0,1399235219,'0000-00-00'),(809,0,'Воликовская','Олеся','Анатольевна','','0000-00-00','','1',1,'','','','0000-00-00','','Lisenok.khv@mail.ru',1,'2011-04-05 00:34:17',0,0,0,0,0,0,0,1,0,'',0,NULL,0,NULL,1,0,1598436242,'0000-00-00'),(810,0,'Кравченко','Сергей','Иванович','','1980-12-30','M','Российская Федерация',1,'4703','692979','овд зато скалистый г.гаджиево мурманской области','2003-04-23','512-018','ksi30121980@rambler.ru',1,'2011-04-05 08:11:52',45,0,1,1,0,0,0,4,2,'п.южный усть-лабинский район краснодарский край',34670,'23505',952,'7154860',1,0,3648240971,'0000-00-00'),(811,0,'Гузев','Николай','Вадимович','','0000-00-00','','1',1,'','','','0000-00-00','','s.u.k.u.b@mail.ru',1,'2011-04-07 05:15:31',0,0,0,0,0,0,0,1,0,'',0,NULL,0,NULL,1,0,1502768525,'0000-00-00'),(812,0,'Козлов','Павел','Pavel','','1980-09-16','M','other',1,'66','2859','Суворовским РООГУ УМВС УМВД','1997-05-29','','nickolanovsk@yandex.ru',1,'2011-04-08 22:21:53',45,0,1,1,1,1,0,4,2,'Украина.Одесса',380,'962555207',380,'9625552',1,0,3239170145,'0000-00-00'),(813,0,'Самойлов','Константин ','Викторович','','1989-11-23','M','Российская Федерация',1,'2009','206577','Отделением УФМС России по Воронежской области в Павловском районе','2010-02-09','360-029','costya.samojlov@yandex.ru',2,'2011-04-09 04:08:34',45,0,1,1,0,1,0,3,1,'Киргизия',47362,'63353',960,'1304157',1,0,3278003170,'0000-00-00'),(814,0,'Самойлов','Константин','Викторович','','1989-11-23','M','Российская Федерация',1,'2009','206577','Отделением УФМС России по Воронежской области в Павловском районе ','2010-02-09','360-029','costya.samojilov@yandex.ru',2,'2011-04-09 04:54:15',45,0,1,1,0,1,0,3,1,'Киргизия',47362,'63353',960,'1304157',1,0,3278003170,'0000-00-00'),(815,0,'Шептолуть','Роман','Александрович','','0000-00-00','','1',1,'','','','0000-00-00','','porkyshow@mail.ru',1,'2011-04-09 06:46:22',0,0,0,0,0,0,0,1,0,'',0,NULL,0,NULL,1,0,1597300212,'0000-00-00'),(816,0,'Сергеев','Виктор','Андреевич','','0000-00-00','','1',1,'','','','0000-00-00','','intermovier@gmail.com',1,'2011-04-09 22:19:09',0,0,0,0,0,0,0,1,0,'',0,NULL,0,NULL,1,0,1482016569,'0000-00-00'),(817,0,'Кравченко','Сергей','Иванович','','0000-00-00','','1',1,'','','','0000-00-00','','030121980@rambler.ru',1,'2011-04-11 08:08:25',0,0,0,0,0,0,0,1,0,'',0,NULL,0,NULL,1,0,3648241043,'0000-00-00'),(818,0,'Самойлов','Константин','Викторович','','1989-11-23','M','Российская Федерация',1,'2009','206577','отделением УФМС России по Воронежской обл. в Павловском районе','2010-02-09','360-029','kugart@yandex.ru',2,'2011-04-12 09:42:24',45,0,0,1,0,1,0,4,1,'г. Кок-Янгак, Ошской обл. республики Кыргызстан',47362,'63353',906,'5808905',1,0,3278003170,'0000-00-00'),(819,0,'Савушкина','Виолетта','Николаевна','','1973-03-11','F','Российская Федерация',1,'4511','031949','Отделом УФМС России по г. Москве по району Ивановское','2011-03-30','770-050','matrenka-7@mail.ru',1,'2011-04-12 16:41:56',8,0,1,1,0,1,0,4,2,'г. Москва',495,'3036711',903,'2681841',1,0,3162240461,'0000-00-00'),(820,0,'Самойлов','Константин','Викторович','','1989-11-23','M','Российская Федерация',1,'2009','206577','отделом УФМС России по Воронежской обл. в Павловском районе','2010-02-09','360-019','kostya.samojlov@yandex.ru',2,'2011-04-13 06:26:11',45,0,0,1,0,1,0,4,1,'г.Кок-янкак Ошской обл. р. кыргызстан',47362,'63353',906,'5808905',1,0,3278003170,'0000-00-00'),(821,0,'Игубаева','Татьяна','Витальевна','','0000-00-00','','1',1,'','','','0000-00-00','','m.zaika01@list.ru',1,'2011-04-13 09:11:24',0,0,0,0,0,0,0,1,0,'',0,NULL,0,NULL,1,0,2994854337,'0000-00-00'),(822,0,'Базаренко','Алина','','','1988-09-27','F','Российская Федерация',1,'51','378606','посольство РФ  в Молдове','2007-10-22','','alina.27.09.88@yandex.ru',1,'2011-04-13 12:19:07',0,0,0,0,0,0,0,2,1,'тирасполь',533,'80539',778,'19281',1,0,1054689149,'0000-00-00'),(823,0,'Волошин','Алексей','Андреевич','','1989-09-18','M','Российская Федерация',1,'0809','875840','МО УФМС Росии по Хабаровскому Краю в центральном округе гор. Комсомольска-на-Амуре','2009-10-21','270-008','vtr_Sedoi_vtr@mail.ru',1,'2011-04-16 00:20:58',45,0,1,1,0,1,0,3,1,'гор. Комсомольск-на-Амуре',914,'2127626',914,'2127626',1,0,1578698570,'0000-00-00'),(824,0,'Мельников','Игорь','Владимирович','','0000-00-00','M','Российская Федерация',1,'8905','930292','ОВД Ковылкинского района Респ. Мордовия','0000-00-00','','stone2011@bk.ru',1,'2011-04-17 19:55:34',4,0,1,1,0,1,0,3,1,'Респ. Мордовия',83453,'27342',926,'9916391',1,0,1357902842,'0000-00-00'),(826,0,'Галиновская','Анна','','','0000-00-00','','1',1,'','','','0000-00-00','','ann.g.d@yandex.com',1,'2011-04-20 08:55:45',0,0,0,0,0,0,0,1,0,'',0,NULL,0,NULL,1,0,1540784244,'0000-00-00'),(827,0,'Иванов','Сидор','Петрович','','0000-00-00','','1',1,'','','','0000-00-00','','ratzbartender@mail.ru',1,'2011-04-21 05:31:16',0,0,0,0,0,0,0,1,0,'',0,NULL,0,NULL,1,0,1595420239,'0000-00-00'),(828,0,'Исаков','Алексей','Владиславович','','1983-01-06','M','Российская Федерация',1,'0000','000000','-','2001-01-17','','lexx.nt@mail.com',1,'2011-04-21 05:56:30',45,0,1,1,0,1,0,3,1,'-',916,'0794695',916,'0794695',1,0,1595542322,'0000-00-00'),(829,0,'Иванов','Иван','Иванович','','0000-00-00','','1',1,'','','','0000-00-00','','ivan@mail.ru',1,'2011-04-21 14:51:12',0,0,0,0,0,0,0,1,0,'',0,NULL,0,NULL,1,0,1844239478,'0000-00-00'),(830,0,'Трофимова','Ирина','Григорьевна','','0000-00-00','','1',1,'','','','0000-00-00','','comp-1984@yandex.ru',1,'2011-04-22 17:22:43',0,0,0,0,0,0,0,1,0,'',0,NULL,0,NULL,1,0,1427827027,'0000-00-00'),(831,0,'Шевкаленко','Павел','','','1985-11-15','M','Российская Федерация',1,'4508','484892','ОВД \"Якиманка\" г.москва','2006-04-19','','15wer11@gmail.com',1,'2011-04-26 15:28:43',47,0,0,1,0,1,0,4,2,'г.Москва',495,'3065991',926,'6008209',1,0,1565653947,'0000-00-00'),(832,0,'Иванов','Игорь','Николаевич','','1974-01-13','M','Российская Федерация',1,'7600','583131','ОВД Краснокаменского р-на Читинской обл.','2002-07-15','752-016','gerasimh2@yandex.ru',1,'2011-04-26 15:34:41',4,0,1,1,0,1,0,4,4,'с.Мальта Усольского р-на Иркутской обл',245,'61582',924,'3806231',1,0,1427829233,'0000-00-00'),(833,0,'Мамедов','Вугар','','','0000-00-00','','1',1,'','','','0000-00-00','','info@myfortuna.ru',1,'2011-04-29 20:40:44',0,0,0,0,0,0,0,1,0,'',0,NULL,0,NULL,1,0,3644855466,'0000-00-00'),(834,0,'Букин','Максим','Викторович','','1981-02-09','M','Российская Федерация',1,'7104','069482','УВД Центрального АО г.Тюмени','2003-10-23','722-003','m.bukin@land.ru',1,'2011-05-01 09:45:38',45,0,1,1,1,1,0,4,2,'г.Тюмень',3452,'467186',961,'2119942',1,0,1476299274,'0000-00-00'),(835,0,'Валиев','Исмаил','Советович','','0000-00-00','','1',1,'','','','0000-00-00','','is78mail@mail.ru',1,'2011-05-02 12:34:48',0,0,0,0,0,0,0,1,0,'',0,NULL,0,NULL,1,0,3567577291,'0000-00-00'),(836,0,'Муравьева','Любовь','Сергеевна','','0000-00-00','','1',1,'','','','0000-00-00','','lsm1211@rambler.ru',1,'2011-05-08 10:27:47',0,0,0,0,0,0,0,1,0,'',0,NULL,0,NULL,1,0,3579283803,'0000-00-00'),(837,0,'Букин','Максим','Викторович','','0000-00-00','','1',1,'','','','0000-00-00','','m.bukin@itprof72.ru',1,'2011-05-08 20:22:57',0,0,0,0,0,0,0,1,0,'',0,NULL,0,NULL,1,0,1476299274,'0000-00-00'),(838,0,'Жук','Оксана','Анушавановна','','1974-11-15','F','Российская Федерация',1,'0306','467133','ОВД БЕЛОРЕЧЕНСКОГО РАЙОНА','2007-02-10','232-020','grinadas@mail.ru',1,'2011-05-10 08:06:22',0,0,0,0,0,0,0,2,1,'г.Белореченск',86155,'31226',928,'6645161',1,0,2996673718,'0000-00-00'),(839,0,'Медведев','Рудольф','Анатольевич','','1993-02-15','M','Российская Федерация',1,'8506','353644','ТПОФМС по Республике Калмыкия в Яшалтиснком районе','2007-05-10','','rudolf.medvedev2011@yandex.ru',1,'2011-05-11 15:18:53',45,0,1,1,0,0,0,4,1,'Республика Калмыкия, Яшалтинский район, с.Березовское, ул.За',847,'4595321',985,'2444816',1,0,3162238553,'0000-00-00'),(840,0,'Бутусов ','Константин','Александрович','','0000-00-00','','1',1,'','','','0000-00-00','','artist1003@rambler.ru',1,'2011-05-11 16:08:53',0,0,0,0,0,0,0,1,0,'',0,NULL,0,NULL,1,0,774705319,'0000-00-00'),(841,0,'Бутусов','Константин','Александрович','','1986-03-10','M','Российская Федерация',1,'3805','332282','ОВД рыльского района курской обл.','2006-04-05','462-022','drakula1003@yandex.ru',1,'2011-05-11 16:26:56',45,0,1,1,0,1,0,3,1,'г. Курск',35146,'37243',922,'7251778',1,0,774705319,'0000-00-00'),(842,0,'Соловьев','Алексей','Викторович','','1974-07-18','M','Российская Федерация',1,'3302','657081','Вятско-Полянским РОВД Кировской обл.','2002-06-26','432-007','solovey138@rambler.ru',1,'2011-05-12 11:36:48',50,0,1,1,0,1,0,3,1,'Кировская обл. г. Вятские Поляны',83334,'61920',922,'9128062',1,0,1359273306,'0000-00-00'),(843,0,'Мищенко','Владислав','Игоревич','','0000-00-00','','1',1,'','','','0000-00-00','','qqwweerrttyyuu',1,'2011-05-13 12:47:55',0,0,0,0,0,0,0,1,0,'',0,NULL,0,NULL,1,0,1427814604,'0000-00-00'),(844,0,'Степанова ','Оксана','Геннадьевна','','0000-00-00','','1',1,'','','','0000-00-00','','oxana2@gmx.net',1,'2011-05-14 21:39:21',0,0,0,0,0,0,0,1,0,'',0,NULL,0,NULL,1,0,1379151816,'0000-00-00'),(845,0,'Савин ','Денис','Игоревич','','0000-00-00','','1',1,'','','','0000-00-00','','Slim5600@mail.ru',1,'2011-05-16 15:34:03',0,0,0,0,0,0,0,1,0,'',0,NULL,0,NULL,1,0,1333688539,'0000-00-00'),(846,0,'Наймушин','Владимир','Александрович','','0000-00-00','','1',1,'','','','0000-00-00','','ra3vedrota@mail.ru',1,'2011-05-18 12:09:54',0,0,0,0,0,0,0,1,0,'',0,NULL,0,NULL,1,0,1840083180,'0000-00-00'),(847,0,'Богомазова','Ризида','Гарифовна','','1986-06-04','F','Российская Федерация',1,'8105','030548','Джидинским Отделением милиции ОВД Джидинского района Республики Бурятия','2006-09-27','033-006','04masha06@mail.ru',1,'2011-05-22 10:19:10',11,0,1,1,0,1,0,4,2,'пос. Джида Джидинского района Бурятской АССР',30134,'97525',983,'4227523',1,0,1042390834,'0000-00-00'),(848,0,'Киселев','Алексей','Владимирович','','0000-00-00','','1',1,'','','','0000-00-00','','kav183@rambler.ru',1,'2011-05-24 16:34:01',0,0,0,0,0,0,0,1,0,'',0,NULL,0,NULL,1,0,1545963914,'0000-00-00'),(849,0,'Тухватуллина','Альбина','Равильевна','','1977-10-01','F','Российская Федерация',1,'7505','662760','ОВД Кунашакского района Челябинской области','2006-02-15','742-018','fishsekretar@mail.ru',1,'2011-05-25 10:43:20',50,0,1,1,0,1,0,3,4,'с.Кунашак Челябинской области',35148,'31834',951,'4338163',1,1,530763865,'0000-00-00'),(850,0,'Кротов','Максим','Сергеевич','','0000-00-00','','1',1,'','','','0000-00-00','','Maksim.prm@yandex.ru',1,'2011-05-27 09:46:38',0,0,0,0,0,0,0,1,0,'',0,NULL,0,NULL,1,0,3155250032,'0000-00-00'),(851,0,'Хабибуллин ','Руслан','Радикович','','1986-06-10','M','Российская Федерация',1,'8005','384666','Советским РУВД г.Уфы РБ','2006-06-23','022-007','Milyashk@mail.ru',1,'2011-05-27 10:23:45',8,0,1,1,0,1,0,4,1,'г.Уфа',347,'2237041',937,'3609158',1,0,1841025259,'0000-00-00'),(852,0,'Иванова','Светлана','Николаевна','','0000-00-00','','1',1,'','','','0000-00-00','','iv-na@mail.ru',1,'2011-05-29 13:22:52',0,0,0,0,0,0,0,1,0,'',0,NULL,0,NULL,1,0,1595451978,'0000-00-00'),(853,0,'Спицин','Евгений','Викторович','','1986-07-07','M','Российская Федерация',1,'2206','783108','УВД Сормовского района города Нижнего Новгорода','2006-08-02','','e.spitsin@gmail.com',1,'2011-05-30 14:14:44',3,0,1,0,0,1,0,4,4,'г. Жигулевск Куйбышевской области',937,'1723045',937,'1723045',1,1,773080609,'0000-00-00'),(854,0,'Смирнова ','Марина','','','0000-00-00','','1',1,'','','','0000-00-00','','marismit@mail.ru',1,'2011-05-31 08:25:06',0,0,0,0,0,0,0,1,0,'',0,NULL,0,NULL,1,0,2997928159,'0000-00-00'),(855,0,'Популов','Федор','','','0000-00-00','','1',1,'','','','0000-00-00','','krasnyj-brod@rambler.ru',1,'2011-06-02 02:25:08',0,0,0,0,0,0,0,1,0,'',0,NULL,0,NULL,1,0,3579280355,'0000-00-00'),(856,0,'Пономарева','Юлия','Ивановна','','0000-00-00','','1',1,'','','','0000-00-00','','fbpetrova@gmail.com',1,'2011-06-03 23:26:20',0,0,0,0,0,0,0,1,0,'',0,NULL,0,NULL,1,0,1495030317,'0000-00-00'),(857,0,'Юсибова','Любовь','Сергеевна','','1985-08-15','F','Узбекистан',1,'1245','124578','увд Узбекистан','2010-08-16','','lirika22@mail.ru',1,'2011-06-05 08:36:34',14,0,1,0,0,1,0,4,4,'Нукус',123,'123456',965,'1555622',1,1,1587494422,'0000-00-00'),(858,0,'Дьяконов','Сидор','Иванович','','1983-07-16','M','Российская Федерация',1,'9803','848602','Кобяйским ОВД','2005-02-08','142-023','sid1983ne@mail.ru',1,'2011-06-06 00:01:29',45,0,1,1,0,1,0,3,3,'с. Кобяй',84116,'326559',892,'8652179',1,0,1387478030,'0000-00-00'),(859,0,'Корчагин','Олег','Евгеньевич','','1984-01-16','M','Российская Федерация',1,'6505','236546','Качканарским ГОВД Свердловской области','2004-09-07','662-061','teslaadm@gmail.com',2,'2011-06-06 06:14:25',45,0,1,1,0,1,0,4,2,'Екатеринбург',34341,'61512',961,'5502393',1,1,3155264006,'0000-00-00'),(860,0,'Иванников','Александр','Николаевич','','0000-00-00','','1',1,'','','','0000-00-00','','ali_sanya@mail.ru',1,'2011-06-06 20:17:11',0,0,0,0,0,0,0,1,0,'',0,NULL,0,NULL,1,0,1598652904,'0000-00-00'),(861,0,'Любчанский','Александр','Викторович','','1973-09-22','M','Российская Федерация',1,'4401','053035','УВД г. Магадана','2001-11-23','','raptor@karibu.ru',1,'2011-06-07 04:34:33',4,0,1,1,0,1,0,4,1,'г. Магадан',4132,'648039',914,'8519271',1,0,1383237396,'0000-00-00'),(862,0,'Донецкая','Мария','Дмитриевна','','1987-09-30','F','Азербайджан',1,'01','97878','Сураханское рувд.','2001-01-11','','v.d.mariya@gmail.com',1,'2011-06-07 08:27:35',50,0,1,1,0,1,0,3,1,'Азербайджан',33,'23213',994,'2009958',1,0,3584842697,'0000-00-00'),(863,0,'Киров','Александр','Андреевич','','0000-00-00','','1',1,'','','','0000-00-00','','brokin3@mail.ru',1,'2011-06-08 00:14:50',0,0,0,0,0,0,0,1,0,'',0,NULL,0,NULL,1,0,1331845760,'0000-00-00'),(864,0,'Белоножкин','Юрий','Николаевич','','0000-00-00','','1',1,'','','','0000-00-00','','jury_b@mail.ru',1,'2011-06-08 23:32:49',0,0,0,0,0,0,0,1,0,'',0,NULL,0,NULL,1,0,1298853907,'0000-00-00'),(865,0,'Мельников','Максим','Владимирович','','0000-00-00','','1',1,'','','','0000-00-00','','tanay777@perm.ru',1,'2011-06-09 07:01:33',0,0,0,0,0,0,0,1,0,'',0,NULL,0,NULL,1,0,1502933508,'0000-00-00'),(866,0,'Мелников','Игорь','Владимирович','','1985-06-24','M','Российская Федерация',1,'8905','930292','ОВД Ковылкинского р-на, республики Мордовия ','2006-04-12','132-014','ibox-11@mail.ru',1,'2011-06-09 08:07:27',50,0,1,1,0,1,0,4,1,'с. Троицк, респ. Мордовия',83453,'27342',926,'9916391',1,0,1360606529,'0000-00-00'),(867,0,'Ларцева','Наталья','Юрьевна','','0000-00-00','','1',1,'','','','0000-00-00','','36.ru71@mail.ru',1,'2011-06-10 20:28:44',0,0,0,0,0,0,0,1,0,'',0,NULL,0,NULL,1,0,1435332184,'0000-00-00'),(868,0,'Чернов','Андрей','Алексеевич','','0000-00-00','','1',1,'','','','0000-00-00','','Chera33@mail.ru',1,'2011-06-11 10:53:40',0,0,0,0,0,0,0,1,0,'',0,NULL,0,NULL,1,0,1433663586,'0000-00-00'),(869,0,'Беляев','Алексей','Сергеевич','','1973-01-18','M','Российская Федерация',1,'1907','234345','УВД г. Челябинска','2001-01-18','','abelyaev5@qip.ru',1,'2011-06-11 13:44:55',4,0,1,1,0,1,0,4,4,'г. Челябинск',351,'2353011',905,'2853011',1,1,1402274773,'0000-00-00'),(870,0,'Елунин ','Алексей','Григорьевич','','1973-01-16','M','Российская Федерация',1,'1241','346347','rrrr','2001-01-09','262-031','aleks.aq@ya.ru',1,'2011-06-12 08:38:53',0,0,0,0,0,0,0,2,1,'dddd',235,'23552235',235,'5235235',1,0,775930531,'0000-00-00'),(871,0,'Елунин ','Алексей','Григорьевич','','1991-07-07','M','Российская Федерация',1,'0706','781291','ОВД Шпаковского района Ставропольского края','2006-09-13','262-032','elunin.leha@ya.ru',1,'2011-06-12 08:44:16',4,0,1,1,0,1,0,4,3,'г. Ставрополь',465,'41284',988,'7434075',1,0,775930531,'0000-00-00'),(872,0,'Сапрыкина','Наталья','Владимировна','','0000-00-00','','1',1,'','','','0000-00-00','','natalya_08@list.ru',1,'2011-06-12 12:29:05',0,0,0,0,0,0,0,1,0,'',0,NULL,0,NULL,1,0,1427824890,'0000-00-00'),(873,0,'Сапрыкина','Наталья','Владимировна','','1974-04-15','F','Российская Федерация',1,'0004','491786','1Гом Увд  г Норильска','2001-01-24','243-007','lady.saprikina@yandex.ru',2,'2011-06-12 12:34:34',50,0,1,1,0,1,0,3,1,'Ставропольский край гНевинномысск',3919,'462902',890,'5979271',1,0,1427824890,'0000-00-00'),(874,0,'Анна','Амелина','Ивановна','','1989-12-24','F','Российская Федерация',1,'4501','671789','отделением по району митино оуфмс России по гор.Москве в сзао','2010-07-05','770-093','highdemoness666@mail.ru',1,'2011-06-13 11:46:40',4,0,1,1,0,1,0,4,1,'гор.Москва',495,'7517986',916,'3371032',1,0,1595613583,'0000-00-00'),(875,0,'Гладков','Вадим','Олегович','','0000-00-00','','1',1,'','','','0000-00-00','','factorex@yandex.ru',1,'2011-06-13 15:08:39',0,0,0,0,0,0,0,1,0,'',0,NULL,0,NULL,1,0,1595852216,'0000-00-00'),(876,0,'Никифорова','Татьяна ','Андреевна','','0000-00-00','','1',1,'','','','0000-00-00','','favoriteeee123@mail.ru',1,'2011-06-14 05:02:10',0,0,0,0,0,0,0,1,0,'',0,NULL,0,NULL,1,0,1551637456,'0000-00-00'),(877,0,'Уткин','Дмитрий','Андреевич','','1987-11-09','M','Российская Федерация',1,'0108','297793','ТП УФМС России по алтайскому краю в с. Топчиха','2008-11-12','220-056','dimkautkin1987@mail.ru',2,'2011-06-14 05:57:41',47,0,1,1,0,1,0,3,1,'Алтайский край, Топчихинский район, п. Кировский',3852,'430846',983,'1704093',1,1,1842074194,'0000-00-00'),(878,0,'Соколов','Александр','Андреевич','','0000-00-00','','1',1,'','','','0000-00-00','','Complit-net@mail.ru',1,'2011-06-14 17:59:46',0,0,0,0,0,0,0,1,0,'',0,NULL,0,NULL,1,0,1402283705,'0000-00-00'),(879,0,'Кобякова','Надежда','Александровна','','1986-04-20','F','Российская Федерация',1,'3609','010014','Отделением УФМС России по Самарской области в Кинельском районе','2009-02-24','','tanuxa_alex@mail.ru',1,'2011-06-14 23:35:15',0,0,0,0,0,0,0,2,4,'город Волжский, Промышленный район, волгоградская область',927,'7064646',927,'7064646',1,1,1427809289,'0000-00-00'),(880,0,'Крыскина','Надежда','Александровна','','0000-00-00','','1',1,'','','','0000-00-00','','nadja01311989@rambler.ru',1,'2011-06-15 06:56:27',0,0,0,0,0,0,0,1,0,'',0,NULL,0,NULL,1,0,3162384543,'0000-00-00'),(881,0,'Бубнов','Кирилл','Анатольевич','','1979-03-21','M','Российская Федерация',1,'4509','284764','Отделением по району Тверской ОУФМС России по гор. Москве в ЦАО','2007-11-15','','k.bubnov@gmail.com',1,'2011-06-15 07:32:58',8,0,1,1,0,1,0,4,4,'П. Нахабино Красногорского р-на Московской обл.',499,'9785061',905,'5950404',1,1,1843948130,'0000-00-00'),(882,0,'Добрица','Илона','Алексеевна','','1980-01-24','F','Российская Федерация',1,'6004','686583','ОВД Азовского района Ростовской области','2003-12-25','612-020','ilona_song@mail.ru',1,'2011-06-15 10:47:46',50,0,1,1,0,1,0,3,2,'г. Магдебург ГДР',86342,'40044',904,'4481989',1,0,1603908425,'0000-00-00'),(883,0,'Кинзагулов','Вадим','Владиленович','','1983-06-30','M','Российская Федерация',1,'4703','842270','Кировским ГОВД Мурманской обл.','2003-11-21','','vvkinza@gmail.ru',1,'2011-06-15 17:36:23',4,0,1,1,0,1,0,4,4,'г. Кировск',81531,'94497',921,'6624247',1,1,1597436932,'0000-00-00'),(884,0,'Хафизова','Ирина ','Анатольевна','','0000-00-00','','1',1,'','','','0000-00-00','','vivar2008@yandex.ru',1,'2011-06-15 18:42:15',0,0,0,0,0,0,0,1,0,'',0,NULL,0,NULL,1,0,3559554795,'0000-00-00'),(885,0,'Абдукадыров ','Дамир','','','0000-00-00','','1',1,'','','','0000-00-00','','sectoromega@mail.ru',1,'2011-06-16 05:50:30',0,0,0,0,0,0,0,1,0,'',0,NULL,0,NULL,1,0,1843750270,'0000-00-00'),(886,0,'Хабибуллин','Руслан','Радикович','','1986-06-10','M','Российская Федерация',1,'8005','384666','Советским РУВД г.Уфы РБ','2006-06-23','022-007','Rusha_86@mail.ru',1,'2011-06-16 10:11:14',8,0,1,1,0,1,0,4,2,'г.Уфа',347,'2237041',937,'3609158',1,0,1403976314,'0000-00-00'),(887,0,'Филина','Анастасия','','','1993-07-18','F','Российская Федерация',1,'4509','233520','войковский  оуфмс','0000-00-00','','t-filina@mail.ru',1,'2011-06-16 19:55:58',11,0,1,1,0,1,0,4,1,'москва',495,'9739690',915,'1766206',1,0,1603261943,'0000-00-00'),(888,0,'Володин','Сергей','Викторович','','1975-07-28','M','Российская Федерация',1,'0405','398248','ОВД Чертаново Центральное','2003-03-27','772-014','st.svolodin@gmail.com',1,'2011-06-17 09:39:36',45,0,1,1,0,0,0,3,1,'г. Алмалык',495,'3158434',916,'5165051',1,0,3589767562,'0000-00-00'),(890,0,'Мелехин','Роман','Александрович','','1990-11-30','M','Российская Федерация',1,'8710','458022','Отделом УФМС России Республики Коми в г.Ухте','2010-12-16','110-006','ukhtinec@rambler.ru',1,'2011-06-18 08:27:15',50,0,1,1,0,1,0,4,2,'г.Ухта Коми АССР',88216,'759257',8904,'1052675',1,0,1357902714,'0000-00-00'),(891,0,'Джураев','Акмал','Алимжанович','','1988-07-11','M','Российская Федерация',1,'6511','004907','отд УФМС по Свердловская обл .г нижний тагил ленинском районе','2010-08-18','660-013','akmaljura@mail.ru',1,'2011-06-19 14:14:16',1,0,1,0,0,1,0,4,4,'киргизской сср г Ош',3435,'915422',912,'6894644',1,0,1402283526,'0000-00-00'),(892,0,'Петров','Александр','','','0000-00-00','','1',1,'','','','0000-00-00','','petrofs2010@gmail.com',1,'2011-06-19 18:30:06',0,0,0,0,0,0,0,1,0,'',0,NULL,0,NULL,1,0,1548606209,'0000-00-00'),(893,0,'Костемерова','Александра','Олеговна','','1982-03-05','F','Российская Федерация',1,'4504','664726','ОВД Р-НА ВОСТОЧНОЕ ДЕГУНИНО','2003-01-13','772-018','abstraktsiya@cln.ru',1,'2011-06-20 08:34:18',4,0,1,1,0,1,0,4,1,'МОСКВА',499,'4811162',967,'1400418',1,0,1331824658,'0000-00-00'),(894,0,'Иванеева','Полина','Андреевна','','1994-02-02','F','Российская Федерация',1,'1107','548327','Территориальным пунктом УФМС России по архангельской области в верхнетоемском районе','2008-01-07','290-010','polina_ivaneeva@mail.ru',1,'2011-06-20 08:46:51',45,0,1,1,0,1,0,3,1,'пос. Двинской Верхнетоемского р-на архангельской области',921,'4791736',921,'4791736',1,0,1402274764,'0000-00-00'),(895,0,'Санников','Павел','Вячеславович','','0000-00-00','','1',1,'','','','0000-00-00','','p.sannikov@udm.volga.rt.ru',1,'2011-06-20 09:09:36',0,0,0,0,0,0,0,1,0,'',0,NULL,0,NULL,1,0,1314194407,'0000-00-00'),(896,0,'Хрипунова ','Мария','Сергеевна','','0000-00-00','','1',1,'','','','0000-00-00','','mascha-ya@mail.ru',1,'2011-06-20 11:11:16',0,0,0,0,0,0,0,1,0,'',0,NULL,0,NULL,1,0,1433505009,'0000-00-00'),(897,0,'Котова','Ольга','Сергеевна','','1975-01-13','F','Российская Федерация',1,'4505','481258','ОВД Р-НА ЛОСИНООСТРОВСКИЙ ','2001-01-18','375-252','olga100@yandex.ru',1,'2011-06-20 11:12:02',50,0,1,1,0,1,0,3,4,'МОСКВА',495,'1661187',965,'3250225',1,0,1331824658,'0000-00-00'),(898,0,'Отиашвили','Элгуджа','','','0000-00-00','','1',1,'','','','0000-00-00','','eloty79@gmail.com',1,'2011-06-20 17:07:22',0,0,0,0,0,0,0,1,0,'',0,NULL,0,NULL,1,0,1412649022,'0000-00-00'),(899,0,'Егорова','Ольга ','Александровна','','0000-00-00','','1',1,'','','','0000-00-00','','egorovaoa@rambler.ru',1,'2011-06-21 00:26:54',0,0,0,0,0,0,0,1,0,'',0,NULL,0,NULL,1,0,1658819005,'0000-00-00'),(901,0,'Хороших ','Марина ','Александровна','','0000-00-00','','1',1,'','','','0000-00-00','','marina.pusj17@li.ru',1,'2011-06-21 16:22:39',0,0,0,0,0,0,0,1,0,'',0,NULL,0,NULL,1,0,773191756,'0000-00-00'),(902,0,'Большаков','Антон','Валерьевич','','1985-05-21','M','Российская Федерация',1,'8007','335314','УФМС РФ по РБ в г.Уфа, Орджоникидзевского района','2007-09-24','020-007','controlauto102@gmail.com',1,'2011-06-21 17:30:42',3,0,1,0,0,1,0,4,2,'РБ, г.Уфа',917,'8097177',917,'8097177',1,0,784316674,'0000-00-00'),(903,0,'Капралов','Александр','Игоревич','','0000-00-00','','1',1,'','','','0000-00-00','','sasha-kapralov@mail.ru',1,'2011-06-21 18:32:11',0,0,0,0,0,0,0,1,0,'',0,NULL,0,NULL,1,0,3579281742,'0000-00-00'),(904,0,'Толчинская','Виктория','Валерьевна','','1990-05-23','F','Российская Федерация',1,'4510','754018','отделением по району Ховрино ОУФМС России по гор. Москве в САО','2010-06-30','','vikatol@rambler.ru',1,'2011-06-21 20:38:42',45,0,1,1,0,1,0,3,1,'Россия, г. Москва',495,'7086629',903,'2370661',1,0,1595506615,'0000-00-00'),(905,0,'Кузьмина ','Анна ','','','0000-00-00','','1',1,'','','','0000-00-00','','an-kuzmina@yandex.ru',1,'2011-06-22 05:21:23',0,0,0,0,0,0,0,1,0,'',0,NULL,0,NULL,1,0,1572760562,'0000-00-00'),(906,0,'Кузьмина','Анна ','','','1975-04-28','F','Российская Федерация',1,'3204','809347','УВД Центрального района г.Кемерово','2005-02-07','422-001','akuzmina@toyotakemerovo.ru',1,'2011-06-22 10:18:28',14,0,1,0,0,1,0,4,1,'г.Кемерово',3842,'538237',913,'2804703',1,1,1572760562,'0000-00-00'),(907,0,'Фывфывфы','Фыавапыва','','','1973-01-04','M','Российская Федерация',1,'1231','123123','asdafgasd','2001-01-11','','123@asdasd.com',1,'2011-06-22 20:24:49',45,0,1,1,0,1,0,4,1,'gdfgsfd',12312,'3332323232',123,'1231234',1,0,1582247169,'0000-00-00'),(908,0,'Третьякова','Дарья','Александровна','','1989-04-11','F','Российская Федерация',1,'7509','585370','Отделением УФМС России по Челябинской обл в гор. Еманжелинске','2009-11-12','740-010','didochka89@inbox.ru',1,'2011-06-22 22:35:59',50,0,1,1,1,1,0,4,2,'пос. Зауральский гор. Еманжелинска Челябинской области',35138,'40220',922,'7078833',1,0,530762376,'0000-00-00'),(909,0,'Соколов','Андрей','Андреевич','','0000-00-00','','1',1,'','','','0000-00-00','','scrammer99@mail.ru',1,'2011-06-24 02:35:34',0,0,0,0,0,0,0,1,0,'',0,NULL,0,NULL,1,0,1595565906,'0000-00-00'),(910,0,'Утягулова','Юлия','Фдоровна','','1977-08-28','F','Российская Федерация',1,'309','943790','отд.УФМС России по Оренб.облю в промышл.р-не г.Оренбурга','2010-03-29','560-003','burokr1@gmail.com',1,'2011-06-24 05:39:02',0,0,0,0,0,0,0,2,1,'г.Оренбург',3532,'528798',961,'9438776',1,0,1598998667,'0000-00-00'),(911,0,'Утягулова','Юлия ','Фёдоровна','','1977-08-28','F','Российская Федерация',1,'5309','943790','УФМС РОССИИ ОРЕНБ.ОБЛ.В ПРОМЫШЛ.Р-НЕ Г.ОРЕНБУРГА','2010-03-29','560-003','ulyasha77@gmail.com',1,'2011-06-24 07:25:13',50,0,1,1,0,1,0,3,1,'ОРЕНБУРГ',3532,'528798',961,'9438776',1,0,1599002424,'0000-00-00'),(912,0,'Григорьева','Анастасия','Сергеевна','','0000-00-00','','',0,'','','','0000-00-00','','anestesy@bk.ru',0,'2011-06-24 17:42:48',0,0,0,0,0,0,0,2,0,'',0,'',0,'',0,0,1117416411,'0000-00-00'),(913,0,'Хасанова','Анастасия','Радиевна','','1990-01-24','F','Российская Федерация',1,'7409','719176','ОУФМС России по Я.Н.А.О в городе Надым','2010-03-03','','taisiya19-90@mail.ru',1,'2011-06-25 22:37:49',0,0,0,0,0,0,0,2,1,'Белорусская ССР,ГорюВитебск',3499,'538359',929,'2517836',1,0,1519858979,'0000-00-00'),(914,0,'Потемина','Екатерина','Анатольевна','','0000-00-00','','1',1,'','','','0000-00-00','','ekaterina_111@yahoo.com',1,'2011-06-27 04:27:09',0,0,0,0,0,0,0,1,0,'',0,NULL,0,NULL,1,0,3162530142,'0000-00-00'),(915,0,'Мусонов ','Сергей','','','0000-00-00','','1',1,'','','','0000-00-00','','serzhic33@mail.ru',1,'2011-06-27 07:42:06',0,0,0,0,0,0,0,1,0,'',0,NULL,0,NULL,1,0,3000285156,'0000-00-00'),(916,0,'Петухов','Роман','','','1994-04-27','M','Российская Федерация',1,'5707','210105','ТП УФМС РОССИИ ПО ПЕРМСКОМУ КРАЮ В УСОЛЬСКОМ РАЙОНЕ','2004-05-30','','romario.5@mail.ru',1,'2011-06-27 07:51:21',0,0,0,0,0,0,0,2,1,'Пермский край, Усольский район, с.Щекино',3424,'426317',963,'8847642',1,0,3579267710,'0000-00-00'),(917,0,'Алексанян','Николай','Борисович','','1972-05-11','M','Российская Федерация',1,'4099','146737','75 ОМ Невского р-на г. Санкт- Петербурга','1999-05-14','782-075','domose72@mail.ru',1,'2011-06-27 07:52:04',50,0,1,1,0,1,0,3,1,'Ленинград',499,'72006667',985,'2741639',1,0,1845295326,'0000-00-00'),(918,0,'Греков','Александр','Михайлович','','0000-00-00','M','Российская Федерация',1,'4504','416140','ОВД района Солнцево г. Москвы','2002-11-20','772-036','grekovs77@mail.ru',1,'2011-06-27 15:03:53',1,0,1,0,0,1,0,4,1,'г. Москва',495,'3042044',910,'4643148',1,0,1840068771,'0000-00-00'),(919,0,'Люц','Наталия','Александровна','','1979-10-10','F','Российская Федерация',1,'7108','644059','Отделом №2 УФМС России по Тюменской обл.в Ленинском АО г. Тюмени','2008-11-20','720-021','89199384797@mail.ru',2,'2011-06-27 20:49:44',50,0,1,1,0,1,0,3,1,'г.Тюмень',3452,'355827',919,'9384797',1,0,1560260407,'0000-00-00'),(920,0,'Трофименко','Александр','Константинович','','1994-10-01','M','Российская Федерация',1,'4509','977772','отделением по р-ну Обручевский ОУФМС России по гор.Москве в ЮЗАО','2008-11-17','','trofiman2011@mail.ru',1,'2011-06-28 08:36:57',50,0,1,1,0,1,0,4,1,'Москва',8499,'7374308',985,'1377484',1,0,3162236569,'0000-00-00'),(921,0,'Иващенко','Евгений','Михайлович','','1989-10-20','M','Российская Федерация',1,'0410','999016','Увд Тао','2011-02-03','240-071','iva@mail.smnet.ru',1,'2011-06-28 10:29:36',18,0,1,0,0,1,0,4,1,'Дудинка',39111,'50477',950,'9684052',1,0,1373533955,'0000-00-00'),(922,0,'Головина','Татьяна','Николаевна','','0000-00-00','M','Российская Федерация',1,'4007','134671','24отделом милиции невского района Санкт-Петербурга','2007-03-17','782-024','tatjanagolovina@mail.ru',2,'2011-06-28 11:07:38',47,0,1,1,0,1,0,3,1,'Талгарский район Алма Атинская областьь',812,'4415313',905,'2099223',1,0,3580678297,'0000-00-00'),(923,0,'Иващенко','Евгений','Михайлович','','0000-00-00','','',0,'','','','0000-00-00','','clivcavs@rambler.ru',0,'2011-06-28 13:04:03',50,0,1,1,0,1,0,3,0,'',0,'',0,'',0,0,1373533955,'0000-00-00'),(924,0,'Токмашев','Артем','','','0000-00-00','','1',1,'','','','0000-00-00','','atokmashev@yandex.ru',1,'2011-06-28 16:42:02',0,0,0,0,0,0,0,1,0,'',0,NULL,0,NULL,1,0,1504252990,'0000-00-00'),(925,0,'Миронов','Степан','','','0000-00-00','','1',1,'','','','0000-00-00','','kraim.eee@mail.ru',1,'2011-06-29 02:31:31',0,0,0,0,0,0,0,1,0,'',0,NULL,0,NULL,1,0,3648405553,'0000-00-00'),(926,0,'Михайлова ','Светлана','Анатольевна','','1973-04-02','F','Российская Федерация',1,'2405','187794','ОВД Лежневского района','2005-10-25','372-006','samihailova@mail.ru',2,'2011-06-29 10:18:06',50,0,1,1,0,1,0,4,2,'г.Иваново',4932,'932048',920,'6731688',1,0,1432057521,'0000-00-00'),(927,0,'Михайлова','Светлана','Анатольевна','','1981-04-02','F','Российская Федерация',1,'2405','187794','ОВД Лежневского района Ивановской области','2005-10-25','372-006','cvetlana-mihailowa@yandex.ru',2,'2011-06-29 10:34:19',50,0,1,1,0,1,0,4,2,'Иваново',4832,'932048',920,'6731688',1,0,1432057521,'0000-00-00'),(928,0,'Меркулова','Мария','Викторовна','','0000-00-00','','1',1,'','','','0000-00-00','','portyanko85@mail.ru',1,'2011-06-29 20:18:05',0,0,0,0,0,0,0,1,0,'',0,NULL,0,NULL,1,0,774755717,'0000-00-00'),(929,0,'Масленникова','Аделина','Анваровна','','0000-00-00','','1',1,'','','','0000-00-00','','adamaslennikova@yahoo.com',1,'2011-06-29 20:43:00',0,0,0,0,0,0,0,1,0,'',0,NULL,0,NULL,1,0,2999860937,'0000-00-00'),(930,0,'Журавлев','Павел','','','0000-00-00','','1',1,'','','','0000-00-00','','remmal@bk.ru',1,'2011-06-30 08:00:11',0,0,0,0,0,0,0,1,0,'',0,NULL,0,NULL,1,0,1540123902,'0000-00-00'),(931,6248,'Зыков ','Андрей','Дмитриевич','','1994-07-14','M','Российская Федерация',1,'4608','696615','ТП №1 отдела УФМС по Московской обл. в городе Королёве','2009-05-29','500-055','natalli747@rambler.ru',1,'2011-06-30 11:24:08',45,0,1,1,0,0,1,4,1,'гор. Калининград Московской обл.',495,'5168383',906,'0387212',3,0,1608365161,'0000-00-00'),(932,0,'Искусных','Максим','Константинович','','0000-00-00','','1',1,'','','','0000-00-00','','gev84@bk.ru',1,'2011-06-30 13:08:31',0,0,0,0,0,0,0,1,0,'',0,NULL,0,NULL,1,0,530759999,'0000-00-00'),(933,4487,'Никулин','Александр','Николаевич','','1977-05-25','M','Российская Федерация',1,'0303','109732','ОПВС Ленинградского РОВД Краснодарского края','2002-07-05','232-042','south_asia@ymail.com',1,'2011-06-30 15:16:09',4,0,1,1,0,1,0,4,1,'гор.Чусовой Пермской обл',86145,'39136',961,'5258256',1,0,782170157,'0000-00-00'),(934,0,'Чомаева','Альбина','','','0000-00-00','','1',1,'','','','0000-00-00','','albi_09_09@mail.ru',1,'2011-07-01 08:44:14',0,0,0,0,0,0,0,1,0,'',0,NULL,0,NULL,1,0,1427814512,'0000-00-00'),(935,0,'Нукр','Смиси','Унврси','','0000-00-00','','1',1,'','','','0000-00-00','','asdfa@dfg.ru',1,'2011-07-01 13:00:19',0,0,0,0,0,0,0,1,0,'',0,NULL,0,NULL,1,0,1051001292,'0000-00-00'),(936,0,'Сагель','Александр','Викторович','','1973-01-04','M','Российская Федерация',1,'2504','295617','УВД г.Братска Иркутской области','2001-01-04','382-025','sagel-aleksandr@rambler.ru',1,'2011-07-01 19:51:03',45,0,1,1,0,1,0,3,1,'г.Братск Иркутская область',3953,'461837',914,'9531211',1,0,1551762137,'0000-00-00'),(937,0,'Перфилов','Андрей','Альбертович','','1969-02-22','M','Российская Федерация',1,'5703','863574','ОВД г.Чусового','2003-04-22','','AndreyPerfilov@mail.ru',1,'2011-07-02 03:22:28',50,0,1,1,0,1,0,3,2,'гор. Чусовой Пермской облласти',34258,'33144',919,'4783244',1,0,1383081264,'0000-00-00'),(938,0,'Петров','Дима','','','0000-00-00','','1',1,'','','','0000-00-00','','asd@asd.asd',1,'2011-07-02 13:23:54',0,0,0,0,0,0,0,1,0,'',0,NULL,0,NULL,1,0,1051001292,'0000-00-00'),(939,0,'Жук','Павел','','','0000-00-00','','1',1,'','','','0000-00-00','','fhil-03@mail.ru',1,'2011-07-02 13:24:53',0,0,0,0,0,0,0,1,0,'',0,NULL,0,NULL,1,0,2997982296,'0000-00-00'),(940,0,'Шаповалов','Максим','Александрович','','0000-00-00','','1',1,'','','','0000-00-00','','MaksimShap@gmail.com',1,'2011-07-02 13:25:59',0,0,0,0,0,0,0,1,0,'',0,NULL,0,NULL,1,0,1490525540,'0000-00-00'),(941,0,'Петров','Дима','','','0000-00-00','','1',1,'','','','0000-00-00','','fgh412@mail.ru',1,'2011-07-02 13:26:53',0,0,0,0,0,0,0,1,0,'',0,NULL,0,NULL,1,0,1051001292,'0000-00-00'),(942,0,'Нестеров','Сергей','Леонидович','','0000-00-00','','1',1,'','','','0000-00-00','','RichardBee@yandex.ru',1,'2011-07-02 15:21:07',0,0,0,0,0,0,0,1,0,'',0,NULL,0,NULL,1,0,3648409366,'0000-00-00'),(943,0,'Огинский','Евгений','Анатольевич','','0000-00-00','','1',1,'','','','0000-00-00','','e.oginski@mail.ru',1,'2011-07-04 06:00:51',0,0,0,0,0,0,0,1,0,'',0,NULL,0,NULL,1,0,3559552646,'0000-00-00'),(944,6286,'Григорьев','Сергей','Валерианович','','1981-01-31','M','Российская Федерация',1,'8803','516890','Заводским ОМ г.Йошкра-Ола','2003-05-05','123-001','gris-81@mail.ru',1,'2011-07-04 11:33:52',13,0,2,1,0,1,1,4,4,'г.Йошкра-Ола',925,'0598477',925,'0598477',3,1,2997902211,'0000-00-00'),(945,0,'Ильичев','Владимир','Владимирович','','1981-09-03','M','Российская Федерация',1,'3208','657490','отделом УФМС по Кемеровской области в Центральном районе гор. Кемерово','2009-03-16','','july1107@gmail.com',1,'2011-07-04 11:41:40',45,0,1,1,0,1,0,3,1,'С. Давыдово кемеровского района кемеровской обл',495,'3109759',906,'7384169',1,0,3561320222,'0000-00-00'),(946,0,'Кивер','Илья','Вадимович','','1989-10-27','M','Российская Федерация',1,'6009','588175','Межрайонным отделом УФМС России по Ростовской области в городе Гуково','2009-11-22','610-026','kiverskii@mail.ru',1,'2011-07-04 12:04:52',45,0,1,1,0,1,0,3,1,'г. Гуково Ростовской обл.',86361,'41214',960,'4540657',1,0,3648409886,'0000-00-00'),(947,0,'Плескачев','Сергей','','','0000-00-00','','1',1,'','','','0000-00-00','','taurus90@list.ru',1,'2011-07-04 12:28:31',0,0,0,0,0,0,0,1,0,'',0,NULL,0,NULL,1,0,3271741062,'0000-00-00'),(948,0,'Логунова','Марина','Олеговна','','1987-02-01','F','Российская Федерация',1,'6606','245153','ОВД Сафоновского р-на','2007-02-28','','mlogunowa@mail.ru',1,'2011-07-04 15:24:28',17,0,1,0,0,1,0,4,3,'г. Сафоново',48142,'44810',960,'5830827',1,1,1402274662,'0000-00-00'),(949,0,'Васильев','Александр','Анатольевич','','1976-07-10','M','Российская Федерация',1,'4506','422346','ОВД \"Фили-Давыдково\" г.Москвы','2003-09-16','772-035','valvs@bk.ru',1,'2011-07-04 20:52:56',50,0,1,1,0,1,0,4,1,'г.Москва',499,'1709288',985,'1602479',1,0,1408043255,'0000-00-00'),(950,0,'Попырин','Виктор','Васильевич','','1988-12-26','M','Российская Федерация',1,'3708','302136','отделом УФМС России по Курганской области в городе Кургане','2009-01-14','','popirin.v@gmail.com',1,'2011-07-05 04:47:19',4,0,1,1,0,1,0,4,1,'гор. Курган',3522,'418295',912,'9748566',1,1,1315720886,'0000-00-00'),(951,0,'Нестерова','Светлана','','','1990-10-19','F','Российская Федерация',1,'4210','659323','УФМС Данковского района Липецкой области','2010-11-24','','svetik-9009@mail.ru',1,'2011-07-05 07:23:25',11,0,1,1,0,1,0,4,1,'г Данков',903,'8670515',920,'5045031',1,0,3580693138,'0000-00-00'),(952,0,'Костемерова','Александра','Олеговна','','1982-03-05','F','Российская Федерация',1,'4504','664726','ОВД РАЙОНА ВОСТОЧНОЕ ДЕГУНИНО Г МОСКВЫ','2003-01-13','772-018','kostemerowa@yandex.ru',1,'2011-07-05 07:35:59',4,0,1,1,0,1,0,4,1,'МОСКВА Г',499,'4811162',967,'1400418',1,1,1331824652,'0000-00-00'),(953,0,'Дешевых','Валерий','Николаевич','','0000-00-00','','1',1,'','','','0000-00-00','','VDeshevyh@vail.ru',1,'2011-07-05 07:42:16',0,0,0,0,0,0,0,1,0,'',0,NULL,0,NULL,1,0,3264675405,'0000-00-00'),(954,0,'Немтинова','Анна','Александровна','','0000-00-00','','1',1,'','','','0000-00-00','','golden_tigra@mail.ru',1,'2011-07-05 08:17:23',0,0,0,0,0,0,0,1,0,'',0,NULL,0,NULL,1,0,3587057134,'0000-00-00'),(955,0,'Вишневская ','Екатерина ','Сергеевна','','0000-00-00','','1',1,'','','','0000-00-00','','brusnikina@tut.by',1,'2011-07-05 11:00:05',0,0,0,0,0,0,0,1,0,'',0,NULL,0,NULL,1,0,1383336198,'0000-00-00'),(956,0,'Шигапов','Айдар','Альмирович','','0000-00-00','','1',1,'','','','0000-00-00','','htrlss@gmail.com',1,'2011-07-05 12:46:17',0,0,0,0,0,0,0,1,0,'',0,NULL,0,NULL,1,0,1560271250,'0000-00-00'),(957,0,'Русских','Сергей','Васильевич','','1976-05-07','M','Российская Федерация',1,'3300','400484','Ленинским РОВД г. Кирова','2001-10-29','432-040','rousskikh@gmail.com',1,'2011-07-05 13:03:27',4,0,1,1,0,1,0,4,1,'г. Киров',8332,'475911',912,'8275911',1,1,1604800130,'0000-00-00'),(958,0,'Русских','Сергей','Васильевич','','1976-05-07','M','Российская Федерация',1,'3300','400484','Ленинским РОВД г. Кирова','2001-10-29','432-040','rousskikh@aol.com',1,'2011-07-05 13:28:04',4,0,1,1,0,1,0,4,1,'г. Киров',8332,'475911',912,'8275911',1,1,1604800130,'0000-00-00'),(959,0,'Вишневская','Екаткрина ','Сергеевна','','1988-11-10','F','Российская Федерация',1,'6708','825208','ОУФМС России по Ханты-Мансийскому Автоном. окр.-Югре в гор. Покачи','2008-11-13','','brusnikina_katka@mail.ru',2,'2011-07-06 03:37:28',8,0,1,1,0,1,0,4,4,'гор. Могилев БССР',34669,'73449',982,'5268254',1,0,1383336198,'0000-00-00'),(960,0,'Ыва','Апнгл','Выас','','0000-00-00','','1',1,'','','','0000-00-00','','hrachbad@mail.ru',1,'2011-07-06 05:28:18',0,0,0,0,0,0,0,1,0,'',0,NULL,0,NULL,1,0,776349123,'0000-00-00'),(961,6206,'Тремасов','Михаил','Павлович','','1988-06-18','M','Российская Федерация',1,'8908','059428','ТП УФМС России по Республике Мордовия в Темниковском муниципальном районе','2008-07-10','130-021','easycoding@mail.ru',1,'2011-07-06 06:05:15',45,0,4,1,1,0,1,4,2,'Республика Мордовия, Темниковский район, с.Польское Цибаево',951,'3424960',987,'6800444',1,0,1432337857,'0000-00-00'),(962,0,'Лягина','Евгения','Константиновна','','0000-00-00','','1',1,'','','','0000-00-00','','issuss@mail.ru',1,'2011-07-06 06:54:32',0,0,0,0,0,0,0,1,0,'',0,NULL,0,NULL,1,0,3641204034,'0000-00-00'),(963,0,'Хамидов ','Руслан','Олимович','','0000-00-00','','1',1,'','','','0000-00-00','','strayker___89@mail.ru',1,'2011-07-06 10:10:28',0,0,0,0,0,0,0,1,0,'',0,NULL,0,NULL,1,0,1586316272,'0000-00-00'),(964,0,'Кузнецов','Ростислав','Вадимович','','1988-02-18','M','Российская Федерация',1,'4509','566131','отделением по району Соколиная Гора ОУФМС России по гор. Москве в ВАО','2008-03-19','770-059','lordc88@gmail.com',1,'2011-07-06 13:49:51',4,0,1,1,0,1,0,4,1,'г. Москва',499,'1660109',906,'0372195',1,0,776549367,'0000-00-00'),(965,0,'Жуланова','Екатерина','','','1991-10-22','F','Российская Федерация',1,'4606','884404','ОВД Звездного городка Щелковского УВД МО','2005-10-25','','zhylen91@mail.ru',1,'2011-07-06 14:31:44',1,0,1,0,0,1,0,4,1,'г. Ленинск Кзыл-Ординской обл.',916,'0694913',916,'0694913',1,1,1842303072,'0000-00-00'),(966,0,'Жуков','Роман','Александрович','','0000-00-00','','1',1,'','','','0000-00-00','','romanmen@bk.ru',1,'2011-07-06 16:13:53',0,0,0,0,0,0,0,1,0,'',0,NULL,0,NULL,1,0,1592859461,'0000-00-00'),(967,0,'Зуев ','Алексей ','Михаилович','','0000-00-00','','1',1,'','','','0000-00-00','','ww11235@mail.ru',1,'2011-07-06 16:20:03',0,0,0,0,0,0,0,1,0,'',0,NULL,0,NULL,1,0,1294486956,'0000-00-00'),(968,0,'Коркунов','Марк','Владимирович','','1973-02-13','M','Российская Федерация',1,'4509','082427','ПАСПОРТНО ВИЗОВЫМ ОТДЕЛЕНИЕМ ОВД РАЙОНА ЮЖНОЕ БУТОВО ГОРОДА МОСКВЫ','2007-03-20','','perv22@list.ru',1,'2011-07-07 01:18:28',4,0,1,1,0,1,0,4,1,'Скобелевская дом 5 кв 3 ',499,'7431931',917,'5601286',1,0,1520164728,'0000-00-00'),(969,0,'Калашников','Алексей','','','0000-00-00','','1',1,'','','','0000-00-00','','ak-81@ngs.ru',1,'2011-07-07 04:34:06',0,0,0,0,0,0,0,1,0,'',0,NULL,0,NULL,1,0,1604291624,'0000-00-00'),(971,0,'Майоренко','Дарья','','','0000-00-00','','1',1,'','','','0000-00-00','','asik16191@mail.ru',1,'2011-07-07 11:11:05',0,0,0,0,0,0,0,1,0,'',0,NULL,0,NULL,1,0,1412653351,'0000-00-00'),(972,0,'Сорокин','Владимир','Владимирович','','1982-03-19','M','Российская Федерация',1,'4707','057390','наро-фоминским ом увд наро-фоминского райна московской области','2005-12-07','503-055','vovanar@mail.ru',1,'2011-07-07 12:25:52',45,0,1,1,0,1,0,3,1,'гор.легница республики польша',909,'9371729',909,'9371729',1,0,1598567088,'0000-00-00'),(973,0,'Константинова','Оксана ','Юръевна','','0000-00-00','','1',1,'','','','0000-00-00','','ksu-konstantinova@mail.ru',1,'2011-07-08 10:38:41',0,0,0,0,0,0,0,1,0,'',0,NULL,0,NULL,1,0,1407033657,'0000-00-00'),(974,0,'Егорова','Наталья','Николаевна','','0000-00-00','','1',1,'','','','0000-00-00','','natali2617@yandex.ru',1,'2011-07-08 22:37:42',0,0,0,0,0,0,0,1,0,'',0,NULL,0,NULL,1,0,1504904765,'0000-00-00'),(975,0,'Морозова','Надежда','Валерьевна','','0000-00-00','','1',1,'','','','0000-00-00','','secrets84@mail.ru',1,'2011-07-09 07:27:14',0,0,0,0,0,0,0,1,0,'',0,NULL,0,NULL,1,0,1560273834,'0000-00-00'),(976,0,'Манько ','Карина','Генадьевна','','1991-11-15','F','белорусское',1,'15','235643','рувд','2007-11-08','','anfisa_44@mail.ru',1,'2011-07-09 11:29:05',18,0,1,0,0,1,0,4,1,'португалия',8015,'3332425',29,'6663564',1,1,1441867163,'0000-00-00'),(977,0,'Чудесников','Антон','Дмитриевич','','1981-05-07','M','Российская Федерация',1,'4509','307646','Отделением по району Бирюлево Восточное ОУФМС России по гор. Москве в ЮАО','2007-10-02','770-029','rojercoke@gmail.com',1,'2011-07-09 12:02:56',4,0,1,1,0,1,0,3,1,'г.Москва',495,'3261236',916,'0788125',1,0,1051724746,'0000-00-00'),(978,0,'Силонова','Екатерина','Владимировна','','1993-10-31','F','Российская Федерация',1,'3407','875800','Отделом УФМС Россиипо Костромской области в Шарьинском районе','2007-11-08','440-028','4o4-not-found@mail.ru',1,'2011-07-09 14:21:39',45,0,1,1,0,1,0,3,1,'Шарья, Костромская обл.',49449,'59417',953,'6493586',1,0,1839268962,'0000-00-00'),(979,6274,'Фенин','Павел','Иванович','','1991-01-20','M','Российская Федерация',1,'2910','442590','ОУФМС России по Калужской обл','2011-02-11','400-007','truepak@ya.ru',1,'2011-07-10 14:29:56',45,0,1,1,0,0,1,4,1,'Калужская обл. г. Боровск',919,'0371017',919,'0371017',1,0,3563730546,'0000-00-00'),(980,0,'Ларионов','Олег','Викторович','','1968-05-14','M','Российская Федерация',1,'4501','457786','ОВД \"Восточное Измайлово\" г.Москвы','2002-03-19','772-066','olviklar@yandex.ru',2,'2011-07-10 15:32:45',4,0,1,1,0,1,0,4,4,'г. Москва',499,'7486967',916,'5015277',1,0,1531837973,'0000-00-00'),(981,0,'Васильев','Сергей','','','0000-00-00','','1',1,'','','','0000-00-00','','explorer_112358@mail.ru',1,'2011-07-10 20:15:07',0,0,0,0,0,0,0,1,0,'',0,NULL,0,NULL,1,0,1051001292,'0000-00-00'),(982,0,'Донец','Сергей','Григорьевич','','0000-00-00','','1',1,'','','','0000-00-00','','donets_@rambler.ru',1,'2011-07-11 07:36:40',0,0,0,0,0,0,0,1,0,'',0,NULL,0,NULL,1,0,1593781788,'0000-00-00'),(983,0,'Кондратенко','Ольга','Николаевна','','1976-01-17','F','Российская Федерация',1,'0400','836559','овд администрации города зеленогорска красноярского края','2001-05-18','','kon3178@yandex.ru',1,'2011-07-11 08:07:45',50,0,1,1,1,1,0,4,2,'гор.красноярск-45',39169,'24205',923,'3672679',1,0,1572655158,'0000-00-00'),(984,0,'Иванова','Ивана','Ивановна','','0000-00-00','','1',1,'','','','0000-00-00','','clio-mi@mail.ru',1,'2011-07-11 10:50:34',0,0,0,0,0,0,0,1,0,'',0,NULL,0,NULL,1,0,3162238924,'0000-00-00'),(985,0,'Мельник','Лариса','','','0000-00-00','','1',1,'','','','0000-00-00','','Cezargay@km.ru',1,'2011-07-11 12:56:53',0,0,0,0,0,0,0,1,0,'',0,NULL,0,NULL,1,0,3648410567,'0000-00-00'),(986,0,'Ситдиков','Радмир','Анисович','','1983-01-04','M','Российская Федерация',1,'8005','632365','Туймазинским ГРОВД','2005-10-31','022-020','forest.rsa@mail.ru',1,'2011-07-11 12:59:06',4,0,1,1,0,1,0,4,2,'с.Калмашбаш, Чекмагушевского района,Респ.Башкортостан',965,'2419392',965,'2419392',1,0,2953716887,'0000-00-00'),(987,0,'Шипилова','Евгения','Викторовна','','1975-04-29','F','Российская Федерация',1,'4703','724247','ОВД г. Апатиты','2003-07-15','512-005','jeini@piterm.ru',1,'2011-07-11 18:58:21',47,0,1,1,0,1,0,3,1,'г. Апатиты',921,'6619929',921,'6619929',1,0,1402274598,'0000-00-00'),(988,0,'Колпакова','Екатерина','Юрьевна','','1973-01-19','F','Российская Федерация',1,'5807','931790','Отделом УФМС России по Псковской области в городе Пскове','2008-02-26','600-002','nayance@list.ru',1,'2011-07-12 03:32:34',45,0,1,1,0,1,1,4,1,'гор. Печоры Псковской обл.',985,'7046126',985,'7046026',3,0,1506852899,'0000-00-00'),(989,0,'Ханнанова','Лилия','Фидарисовна','','1985-07-17','F','Российская Федерация',1,'7404','852639','ОВД г.Салехард ЯНАО','2004-07-25','829-004','www.lilek85@mail.ru',1,'2011-07-12 08:12:31',0,0,0,0,0,0,0,2,2,'г.Ташкент',34922,'48746',961,'5503435',1,1,3155415072,'0000-00-00'),(990,0,'Ростовщикова','Наталья','','','1982-12-21','F','Российская Федерация',1,'4106','848174','ОВД Кингисеппского р-на Ленинградской области','2006-08-10','','mauvenox@yandex.ru',1,'2011-07-12 11:27:53',47,0,1,1,0,1,0,4,4,'п.Кингисеппский, Кингисеппского р-на Ленинградской области',81375,'33022',921,'3825663',1,1,774888315,'0000-00-00'),(991,0,'Полякова','Юлия','Александровна','','0000-00-00','','1',1,'','','','0000-00-00','','komsomolka34reg@mail.ru',1,'2011-07-12 13:30:01',0,0,0,0,0,0,0,1,0,'',0,NULL,0,NULL,1,0,1427827030,'0000-00-00'),(992,0,'Анисимов','Андрей','Валерьевич','','1981-11-23','M','Российская Федерация',1,'4605','318274','Долгопрудненским ОВД МО','2003-08-15','502-014','ipandrew@mail.ru',1,'2011-07-12 14:33:17',4,0,1,1,0,1,0,4,2,'МО г.Долгопрудный',495,'4081652',925,'8200500',1,0,1475289117,'0000-00-00'),(993,0,'Ильичев','Владимир','Владимирович','','1981-09-03','M','Российская Федерация',1,'3208','657490','Отделом УФМС России по Кемеровской области в Центральном районе гор.Кемерово','2009-03-16','420-002','klepto@globalclimat.ru',1,'2011-07-12 16:08:19',45,0,1,1,0,1,1,4,1,'С.Давыдово Кемеровского р-на Кемеровской обл.',495,'3104359',906,'7384169',3,0,3561320222,'0000-00-00'),(994,0,'Гимаева','Татьяна','Михайловна','','0000-00-00','','1',1,'','','','0000-00-00','','t.gimaeva@yandex.ru',1,'2011-07-13 05:46:55',0,0,0,0,0,0,0,1,0,'',0,NULL,0,NULL,1,0,1427826861,'0000-00-00'),(995,0,'Жук','Павел','Михайлович','','1985-03-15','M','Баларусь',1,'265','9411','РУВД Советсткого р-на г.Минска','2010-01-26','','ymolozhavy@gmail.ru',2,'2011-07-13 15:05:08',47,0,1,1,0,1,0,3,1,'г.Минск',926,'0178942',926,'0178942',1,0,1504853541,'0000-00-00'),(996,0,'Иванова','Оксана','Витальевна','','1988-08-31','F','Российская Федерация',1,'0808','761678','Отделением УФМС России по хабаровскому краю в Верхнебуреинском районе','2008-09-15','270-014','Natissa2008@mail.ru',1,'2011-07-15 05:03:30',14,0,1,0,0,1,0,4,2,'Чегдомын',42149,'51589',914,'2176965',1,0,1433554270,'0000-00-00'),(997,0,'Гоголева','Лидия','Ивановна','','1986-10-17','F','Российская Федерация',1,'4510','497263','ОУФМС Косино-Ухтомский','2010-03-09','770-052','Lidia-8888@inbox.ru',1,'2011-07-15 06:45:30',50,0,1,0,0,0,0,3,1,'Москва',926,'3192255',926,'3192255',1,0,1504882742,'0000-00-00'),(998,0,'Сайгин','Станислав','Олегович','','1983-04-02','M','Российская Федерация',1,'8005','586116','орджоникидзевским рувд г.Уфы','2006-06-07','022-005','zastasa@gmail.com',1,'2011-07-15 09:00:50',45,0,1,1,0,1,0,4,1,'Уфа',347,'2609083',927,'3320625',1,0,1579809185,'0000-00-00'),(999,0,'Сизых','Елена','Геннадиевна','','0000-00-00','','1',1,'','','','0000-00-00','','sizyh_lena@mail.ru',1,'2011-07-15 09:15:19',0,0,0,0,0,0,0,1,0,'',0,NULL,0,NULL,1,0,1334599982,'0000-00-00'),(1000,0,'Люкова ','Ольга','Петровна','','0000-00-00','','1',1,'','','','0000-00-00','','olgagold_24@mail.ru',1,'2011-07-15 10:06:36',0,0,0,0,0,0,0,1,0,'',0,NULL,0,NULL,1,0,1599195145,'0000-00-00'),(1001,0,'Леконцев','Дмитрий ','Александрович','','1989-08-13','M','Российская Федерация',1,'5709','439270','отделением УФМС России по Пермскому краю в городе Добрянке','2009-08-14','590-022','Kuvalda13@mail.ru',1,'2011-07-15 13:41:58',4,0,1,1,0,1,0,4,4,'Пермский край г. Добрянка',3422,'25641',912,'8882724',1,1,3286145768,'0000-00-00'),(1002,0,'Самуйлов','Сергей','Валентинович','','0000-00-00','','1',1,'','','','0000-00-00','','mudir@evroazia.com',1,'2011-07-15 20:35:18',0,0,0,0,0,0,0,1,0,'',0,NULL,0,NULL,1,0,531303474,'0000-00-00'),(1003,0,'Дроботов','Александр','Викторович','','0000-00-00','','1',1,'','','','0000-00-00','','avdrobotov@gmail.com',1,'2011-07-15 22:38:24',0,0,0,0,0,0,0,1,0,'',0,NULL,0,NULL,1,0,1559475056,'0000-00-00'),(1004,0,'Вишневская','Екатерина','Сергеевна','','1988-11-10','F','Российская Федерация',1,'6708','825208','ОУФМС России по ХМАО-Югре в г. Покачи','2008-11-13','','b_r_u_s_n_i_4_k_a@mail.ru',2,'2011-07-16 08:22:51',8,0,1,1,0,1,0,4,1,'г. Могилев БССР',34669,'73449',982,'5268254',1,0,1519848062,'0000-00-00'),(1005,0,'Самойлов','Виктор','Андреевич','','1991-11-10','M','Российская Федерация',1,'4405','221619','Управлением Внутренних Дел г. Магадана','2006-05-31','492-001','Eenie-manie@mail.ru',1,'2011-07-16 12:34:00',0,0,0,0,0,0,0,2,1,'г. Магадан',6,'21055',964,'4578433',1,0,1427829175,'0000-00-00'),(1006,0,'Мкртчян','Людвиг','','','0000-00-00','','1',1,'','','','0000-00-00','','rockaxriv@bk.ru',1,'2011-07-17 12:23:53',0,0,0,0,0,0,0,1,0,'',0,NULL,0,NULL,1,0,1475455391,'0000-00-00'),(1007,0,'Галанина','Светлана','Сергеевна','','0000-00-00','','1',1,'','','','0000-00-00','','svetic1505@mail.ru',1,'2011-07-17 12:52:59',0,0,0,0,0,0,0,1,0,'',0,NULL,0,NULL,1,0,1385287825,'0000-00-00'),(1008,0,'К','К','К','','0000-00-00','','1',1,'','','','0000-00-00','','olja@nm.ru',1,'2011-07-17 13:30:14',0,0,0,0,0,0,0,1,0,'',0,NULL,0,NULL,1,0,522906822,'0000-00-00'),(1009,0,'Бактыгелди','Асхат','','','0000-00-00','','1',1,'','','','0000-00-00','','Asxat_001@mail.ru',1,'2011-07-17 14:09:05',0,0,0,0,0,0,0,1,0,'',0,NULL,0,NULL,1,0,1597599036,'0000-00-00'),(1010,0,'Савиденко','Марина','','','0000-00-00','','1',1,'','','','0000-00-00','','savidenko_marina@mail.ru',1,'2011-07-17 20:47:42',0,0,0,0,0,0,0,1,0,'',0,NULL,0,NULL,1,0,1402285035,'0000-00-00'),(1011,0,'Аникеев','Андрей','','','0000-00-00','','1',1,'','','','0000-00-00','','anikeev@web.de',1,'2011-07-18 09:21:29',0,0,0,0,0,0,0,1,0,'',0,NULL,0,NULL,1,0,1340771150,'0000-00-00'),(1012,0,'Градюк','Василий','Васильевич','','0000-00-00','','1',1,'','','','0000-00-00','','gradyukvv@gmail.com',1,'2011-07-19 08:37:54',0,0,0,0,0,0,0,1,0,'',0,NULL,0,NULL,1,0,1383341217,'0000-00-00'),(1013,0,'Кокурин','Максим','Александрович','','1986-06-25','M','Российская Федерация',1,'1706','777262','УВД г.Коврова и р-на.','2006-09-04','332-010','makasimka-83420@mail.ru',2,'2011-07-19 11:08:52',1,0,1,1,1,1,0,3,2,'г.Ковров Владимирской обл.',499,'324569999',929,'5873219',1,0,2997902650,'0000-00-00'),(1014,6572,'Беланчук','Павел','Александрович','','1980-07-08','M','Российская Федерация',1,'7106','423182','Отделом №2 УФМС России по Тюменской обл. в Ленинском АО города Тюмени','2007-10-05','720-021','belanchuk@bk.ru',1,'2011-07-20 01:34:49',45,0,1,1,0,1,1,4,1,'г.Тюмень',3452,'643293',912,'0775784',1,0,530802971,'0000-00-00'),(1015,0,'Сизов','Леонид','Георгиевич','','0000-00-00','','1',1,'','','','0000-00-00','','sizovleonid@hotmail.com',1,'2011-07-20 05:19:55',0,0,0,0,0,0,0,1,0,'',0,NULL,0,NULL,1,0,3557626516,'0000-00-00'),(1016,0,'Фисенко','Раиса','Александровна','','0000-00-00','','1',1,'','','','0000-00-00','','raisaberzencova@mail.ru',1,'2011-07-20 08:17:30',0,0,0,0,0,0,0,1,0,'',0,NULL,0,NULL,1,0,1332340651,'0000-00-00'),(1017,0,'Савельева','Ирина ','Андреевна','','1986-09-14','F','Российская Федерация',1,'4601','889562','ТП в ','2010-02-11','','irina_mihaleva@bk.ru',1,'2011-07-21 15:16:11',50,0,1,1,0,1,0,3,1,'Большевик',4967,'251235',926,'1123564',1,0,788070478,'0000-00-00'),(1018,0,'Ковалевич','Алексей','','','0000-00-00','','1',1,'','','','0000-00-00','','av.kovalski@yandex.ru',1,'2011-07-21 19:54:35',0,0,0,0,0,0,0,1,0,'',0,NULL,0,NULL,1,0,1608366987,'0000-00-00'),(1019,0,'Белугин','Павел','Игоревич','','1992-02-28','M','Российская Федерация',1,'6605','179419','отделом внутренних дел промышленного района города Смоленска','2006-03-07','672-002','darkdevil67@rambler.ru',1,'2011-07-22 18:44:52',45,0,1,1,0,0,0,3,3,'Смоленск',4812,'662668',925,'7173080',1,0,1428093783,'0000-00-00'),(1020,0,'Булов','Дмитрий','Олегович','','0000-00-00','','1',1,'','','','0000-00-00','','bulov.dima@gmail.com',1,'2011-07-23 23:00:03',0,0,0,0,0,0,0,1,0,'',0,NULL,0,NULL,1,0,1842216179,'0000-00-00'),(1021,0,'Дроздова','Анна','Владимировна','','0000-00-00','','1',1,'','','','0000-00-00','','drozdova_anka@mail.ru',1,'2011-07-25 06:32:44',0,0,0,0,0,0,0,1,0,'',0,NULL,0,NULL,1,0,3641201285,'0000-00-00'),(1022,0,'Халилова','Ульвия','Сабировна','','0000-00-00','','1',1,'','','','0000-00-00','','miss.ulviyya@mail.ru',1,'2011-07-25 07:39:39',0,0,0,0,0,0,0,1,0,'',0,NULL,0,NULL,1,0,1578392464,'0000-00-00'),(1024,0,'Гибадуллин','Эдимир','Рамилевич','','1973-09-09','M','Российская Федерация',1,'6710','066026','Отделением УФМС России по Ханты-Мансийскому автоном. окр.-Югре в гор.Пыть-Ях','2010-10-02','','kr3w@mail.ru',1,'2011-07-27 18:48:38',11,0,1,1,0,1,0,4,2,'г.Пыть-Ях',83463,'426119',912,'4118385',1,0,1580384467,'0000-00-00'),(1025,0,'Червов','Виталий','Сергеевич','','0000-00-00','','1',1,'','','','0000-00-00','','vitaliychervov@yandex.ru',1,'2011-07-28 06:03:26',0,0,0,0,0,0,0,1,0,'',0,NULL,0,NULL,1,0,1333286693,'0000-00-00'),(1026,0,'Якимов','Вадим','Александрович','','0000-00-00','','1',1,'','','','0000-00-00','','aykimchik-2011@mail.ru',1,'2011-07-28 07:20:54',0,0,0,0,0,0,0,1,0,'',0,NULL,0,NULL,1,0,1402274792,'0000-00-00'),(1027,0,'Баева','Анна','Александровна','','1992-11-11','F','Российская Федерация',1,'4007','035420','40 o/м Фрунзенского района С-Пб','2007-01-17','782-040','tampam@mail.ru',1,'2011-07-28 10:44:00',18,0,1,0,0,1,0,3,3,'Санкт-Петербург',812,'7088482',953,'3410690',1,0,2994866021,'0000-00-00'),(1028,0,'Касьянова','Елена ','Владимировна','','0000-00-00','','1',1,'','','','0000-00-00','','elena_kasyanova@inbox.ru',1,'2011-07-28 11:28:50',0,0,0,0,0,0,0,1,0,'',0,NULL,0,NULL,1,0,1294131994,'0000-00-00'),(1029,0,'Сухачев','Анатолий','Викторович','','1985-10-08','M','Российская Федерация',1,'0105','811291','ОВД Усть-Калманского района','2005-12-18','222-061','anatoliis85@yahoo.com',1,'2011-07-28 13:10:21',0,0,0,0,0,0,0,2,3,'Новобураново',38599,'29346',923,'7915883',1,1,1841480124,'0000-00-00'),(1030,0,'Перекрест','Наталья','Васильевна','','0000-00-00','','1',1,'','','','0000-00-00','','natalya@rambler.ru',1,'2011-07-29 04:26:41',0,0,0,0,0,0,0,1,0,'',0,NULL,0,NULL,1,0,2998634474,'0000-00-00'),(1031,0,'Чуркина','Елена','Олеговна','','1986-10-11','F','Российская Федерация',1,'4910','964706','Отделом УФМС России по Новгородской области в гор. Великий Новгород','2011-01-28','530-002','lnnansy@mail.ru',1,'2011-07-30 20:16:40',50,0,1,1,0,1,0,4,4,'Гор. Зарасай Литва',8162,'661971',906,'2027524',1,0,1360026338,'0000-00-00'),(1032,0,'Киселев','Сергей','Александрович','','0000-00-00','','1',1,'','','','0000-00-00','','kisel713@yandex.ru',1,'2011-07-31 07:05:55',0,0,0,0,0,0,0,1,0,'',0,NULL,0,NULL,1,0,1598671901,'0000-00-00'),(1033,0,'Носков','Владимир','Сергеевич','','0000-00-00','','1',1,'','','','0000-00-00','','vladimir_noskov@bk.ru',1,'2011-07-31 21:06:45',0,0,0,0,0,0,0,1,0,'',0,NULL,0,NULL,1,0,1311057838,'0000-00-00'),(1034,0,'Дивеева','Светлана','Николаевна','','1988-01-24','F','Российская Федерация',1,'5310','996765','отделением УФМС  России по Оренбургской обл. в гор. Медногорске ','2011-02-25','560-012','sv-et@bk.ru',2,'2011-08-01 08:47:11',0,0,1,0,0,0,0,4,3,'гор. Орск Оренбургской обл.',922,'5359929',922,'5359929',1,0,1427826855,'0000-00-00'),(1035,0,'Гаджиева','Татьяна','','','0000-00-00','','1',1,'','','','0000-00-00','','tasword@ya.ru',1,'2011-08-01 10:03:03',0,0,0,0,0,0,0,1,0,'',0,NULL,0,NULL,1,0,3645093283,'0000-00-00'),(1036,0,'Соснин','Олег ','Валентинович','','1976-03-29','M','Российская Федерация',1,'4500','144801','ОВД \"Измайлово\"','2000-07-05','772-051','Katerinafeol@yandex.ru',1,'2011-08-01 12:20:52',50,0,1,1,0,1,0,3,1,'г. Дархан Монгольской НР',903,'1535081',903,'1535081',1,0,1358655683,'0000-00-00'),(1037,0,'Иванов','Иван','Иванович','','0000-00-00','','1',1,'','','','0000-00-00','','pypson@rambler.ru',1,'2011-08-01 16:59:06',0,0,0,0,0,0,0,1,0,'',0,NULL,0,NULL,1,0,3280164091,'0000-00-00'),(1038,0,'Носков','Владимир','Сергеевич','','1986-06-23','M','Российская Федерация',1,'8604','800453','ОВД г. Сортавала респ. Карелия','2006-08-21','102-017','vladimir_noskov@frrt.ru',1,'2011-08-01 17:26:30',1,0,1,0,0,1,0,4,2,'респ. Карелия г. Сортавала',81430,'45694',921,'0140679',1,1,1550179665,'0000-00-00'),(1039,0,'Семенов','Михаил','Валерьевич','','1987-05-14','M','Российская Федерация',1,'2006','830260','отделом УФМС по Воронежской области в Коминтерновском районе города Воронежа','2007-06-15','360-004','majestic141@rambler.ru',1,'2011-08-01 19:11:07',8,0,1,0,0,1,0,4,4,'город Актюбинск Каз. ССР',965,'1565341',965,'1565341',1,1,1608287670,'0000-00-00'),(1040,0,'Медведева','Светлана','Ивановна','','1972-10-12','F','Российская Федерация',1,'9500','047720','ОВД г.Черногорска РХ','2000-12-04','192-002','svetlana_medvedeva1972@mail.ru',1,'2011-08-02 07:44:44',50,0,1,1,0,1,0,3,2,'с.Калинино Усть-Абаканского р-на РХ',39031,'38156',961,'7414924',1,0,1436465784,'0000-00-00'),(1041,0,'Осипов','Алексей','Вячеславович','','1973-05-03','M','Российская Федерация',1,'8203','052996','ОВД г.Каспийска Республики Дагестан','2003-01-10','052-006','smart-alex73@mail.ru',1,'2011-08-02 19:34:08',4,0,1,1,0,1,0,4,2,'г.Зерноград, Ростовской области',87246,'64265',909,'4823502',1,0,1840003855,'0000-00-00'),(1042,0,'Михайлов','Айхал','Владимирович','','1980-11-29','M','Российская Федерация',1,'9807','051261','уфмс россии по рс(я) в г.Якутске','2007-05-17','140-002','heltanindya@yandex.ru',1,'2011-08-03 12:15:15',45,0,1,1,0,1,0,3,1,'г.Якутск',4112,'214811',924,'4607889',1,0,1427829238,'0000-00-00'),(1043,0,'Белков ','Максим','','','1986-06-14','M','Российская Федерация',1,'8005','538525','Ишимбайским ГРОВД','2006-07-28','022-017','maxim@anegabur.ru',1,'2011-08-04 08:20:12',4,0,1,1,0,1,0,4,2,'п. Комсомольский г Воркуты Республики Коми',34794,'32620',917,'8007856',1,0,3287260994,'0000-00-00'),(1044,0,'Куваева','Татьяна','Андреевна','','1992-10-26','F','Российская Федерация',1,'4607','463640','увд пушкинского района овд города ивантеевки','2006-11-23','','shlyakov_81@mail.ru',1,'2011-08-04 22:18:08',50,0,1,1,1,1,0,3,2,'м.о. город ивантеевка',926,'6856954',926,'6856954',1,0,1566480945,'0000-00-00'),(1045,0,'Чумаченко','Олег','Вячеславович','','1975-11-17','M','Российская Федерация',1,'3004','337672','УВД г.Петропавловска-Камчатского','2005-08-21','412-001','ole1787@yandex.ru',1,'2011-08-05 06:02:03',50,0,1,1,0,1,0,3,1,'пгт.Усть-Камчатск, Камчатской обласи',4152,'300498',909,'8391002',1,0,1318969509,'0000-00-00'),(1046,0,'Молянов','Федор','Александрович','','0000-00-00','','1',1,'','','','0000-00-00','','selecigor@gmail.com',1,'2011-08-05 07:18:40',0,0,0,0,0,0,0,1,0,'',0,NULL,0,NULL,1,0,1357902511,'0000-00-00'),(1047,0,'Крейдич','Дмитрий','','','0000-00-00','','1',1,'','','','0000-00-00','','figi2001@mail.ru',1,'2011-08-05 11:59:15',0,0,0,0,0,0,0,1,0,'',0,NULL,0,NULL,1,0,1298948738,'0000-00-00'),(1048,0,'Кудрявцев','Александр','Сергеевич','','0000-00-00','','1',1,'','','','0000-00-00','','snaik2002@mail.ru',1,'2011-08-05 17:09:29',0,0,0,0,0,0,0,1,0,'',0,NULL,0,NULL,1,0,1357732580,'0000-00-00'),(1049,0,'Николаев','Андрей','Эдуардович','','0000-00-00','','1',1,'','','','0000-00-00','','nikolaevandrglaz@mail.ru',1,'2011-08-05 21:24:33',0,0,0,0,0,0,0,1,0,'',0,NULL,0,NULL,1,0,1592963883,'0000-00-00'),(1050,0,'Арсланова ','Наталья','Николаевна','','0000-00-00','','1',1,'','','','0000-00-00','','arslanova1983@mail.ru',1,'2011-08-07 09:36:57',0,0,0,0,0,0,0,1,0,'',0,NULL,0,NULL,1,0,3166372586,'0000-00-00'),(1051,0,'Гоголева','Лидия','','','0000-00-00','F','Российская Федерация',1,'4510','497263','ОУФМС Косино-Ухтомский','2010-03-09','','go.daria@yandex.ru',1,'2011-08-07 09:44:08',0,0,0,0,0,0,0,2,1,'Москва',926,'3192255',926,'3192255',1,0,1595643720,'0000-00-00'),(1052,0,'Шацкова','Екатерина','Владимировна','','1992-03-23','F','Российская Федерация',1,'4508','623632','ПВО ОВД района Коньково г.Москвы','2006-06-08','772-027','5472@bk.ru',1,'2011-08-07 10:33:27',18,0,1,0,0,1,0,4,2,'г.Москва',906,'7700927',906,'7700927',1,1,1476106458,'0000-00-00'),(1053,0,'Владарская','Ирина','Сергеевна','','0000-00-00','','1',1,'','','','0000-00-00','','irka906.mail.ru@mail.ru',1,'2011-08-08 06:32:49',0,0,0,0,0,0,0,1,0,'',0,NULL,0,NULL,1,0,1840776793,'0000-00-00'),(1054,0,'Миньков','Андрос','Алексеевич','','0000-00-00','','1',1,'','','','0000-00-00','','Zihvred@mail.ru',1,'2011-08-08 09:28:56',0,0,0,0,0,0,0,1,0,'',0,NULL,0,NULL,1,0,1593045096,'0000-00-00'),(1055,0,'Ухина','Антонина','Петровна','','0000-00-00','','1',1,'','','','0000-00-00','','bfgy@mail.ru',1,'2011-08-08 09:31:22',0,0,0,0,0,0,0,1,0,'',0,NULL,0,NULL,1,0,3571191474,'0000-00-00'),(1056,0,'Бартенева','Алиса','','','1993-04-27','F','Российская Федерация',1,'4510','748672','отделением по району Сокол ОУФМС России по гор. Москве в САО','2010-07-16','770-025','alicebarteneva@aol.com',1,'2011-08-08 16:58:23',47,0,1,1,0,0,1,3,1,'гор.Москва',909,'7780223',909,'7780223',3,0,1422691357,'0000-00-00'),(1057,0,'Сухарев','Виктор','Александрович','','1987-11-29','M','Российская Федерация',1,'5609','911441','ОВД Башмаковского р-на Пензенской обл','2010-02-25','','volanderay@mail.ru',1,'2011-08-09 06:46:17',1,0,1,0,0,1,0,4,1,'пгт Башмаково Пензенской обл',903,'6776492',965,'3611751',1,0,1504843551,'0000-00-00'),(1059,0,'Сечина','Светлана','','','0000-00-00','','1',1,'','','','0000-00-00','','718226@list.ru',1,'2011-08-10 07:33:31',0,0,0,0,0,0,0,1,0,'',0,NULL,0,NULL,1,0,1603959336,'0000-00-00'),(1061,0,'Денисов','Анатолий','Павлович','','0000-00-00','','1',1,'','','','0000-00-00','','denisow.anatoli.@yndex.ru',1,'2011-08-11 06:23:14',0,0,0,0,0,0,0,1,0,'',0,NULL,0,NULL,1,0,1598555616,'0000-00-00'),(1063,0,'Алипанахи','Айнура','Эльдаровна','','0000-00-00','','1',1,'','','','0000-00-00','','aynuraalipanahi@hotmail.com',1,'2011-08-11 14:09:26',0,0,0,0,0,0,0,1,0,'',0,NULL,0,NULL,1,0,1578374647,'0000-00-00'),(1064,6340,'Шевченко','Сергей','Андреевич','','1990-02-26','M','Российская Федерация',1,'4511','059349','УФМС России по городу Москве по району Раменки','2011-02-07','770-070','s_shef@list.ru',1,'2011-08-11 14:25:15',45,0,2,1,0,1,1,4,1,'Москва',495,'9323479',925,'0442269',3,1,1599401336,'0000-00-00'),(1065,0,'Султанова','Наргиз','','','1988-06-22','F','азербажан',1,'125','456321','мрр','2000-01-13','','nergizsultanova@mail.ru',1,'2011-08-12 10:45:32',0,0,0,0,0,0,0,2,1,'баку',12,'4288980',50,'7601535',1,0,2991329274,'0000-00-00'),(1066,0,'Кашевич','Юрий','Николаевич','','0000-00-00','','1',1,'','','','0000-00-00','','delmand@mail.ru',1,'2011-08-12 11:38:28',0,0,0,0,0,0,0,1,0,'',0,NULL,0,NULL,1,0,2994455134,'0000-00-00'),(1067,0,'Бородулина','Татьяна','Александровна','','1977-10-24','F','Российская Федерация',1,'7002','575823','УВД Новомосковского р-на Тульской области','2002-04-19','712-021','borodulina.tatiana@yandex.ru',1,'2011-08-12 13:06:02',0,0,0,0,0,0,0,2,1,'Тульская обл. г. Новомосковск',499,'1842872',915,'2746324',1,0,1505751523,'0000-00-00'),(1068,0,'Подосинников','Дмитрий','','','1991-02-14','M','Российская Федерация',1,'4611','256103','оуфмс истринского р-она ','2001-07-04','500-041','dimj@bk.ru',1,'2011-08-12 16:37:54',8,0,1,1,0,1,0,4,1,'шахты',965,'3728672',965,'3728672',1,0,1608301853,'0000-00-00'),(1069,0,'Мамедов','Анар','Мамед ','','0000-00-00','','1',1,'','','','0000-00-00','','m.anar75@mail.ru',1,'2011-08-13 19:53:00',0,0,0,0,0,0,0,1,0,'',0,NULL,0,NULL,1,0,1578378644,'0000-00-00'),(1070,0,'Путинцев','Максим','Викторович','','1979-08-04','M','Российская Федерация',1,'3002','174033','ОВД Елизовского РМО Камчатской области','2002-09-28','412-005','write_note@inbox.ru',1,'2011-08-14 12:25:56',4,0,1,1,0,1,0,4,4,'г.Елизово Камчатской области',41531,'42285',909,'8907788',1,1,1427829039,'0000-00-00'),(1071,0,'Марулиди','Алексей','Ильич','','0000-00-00','','1',1,'','','','0000-00-00','','Garfild13-06@yandex.ru',1,'2011-08-14 14:25:39',0,0,0,0,0,0,0,1,0,'',0,NULL,0,NULL,1,0,3584768428,'0000-00-00'),(1072,0,'Файзулина','София','Ильшатовна','','1988-11-15','F','Российская Федерация',1,'8009','901117','Ленинским РОВД г Уфы','2009-11-16','','an_nisa@mail.ru',1,'2011-08-14 19:07:24',11,0,1,1,0,1,0,3,4,'казахстан гвардейский район п. Сары озек',927,'3003555',927,'3003555',1,0,1402276179,'0000-00-00'),(1073,0,'Салов','Кирилл','','','0000-00-00','','1',1,'','','','0000-00-00','','kirill-sal@yandex.ru',1,'2011-08-15 07:11:02',0,0,0,0,0,0,0,1,0,'',0,NULL,0,NULL,1,0,3559692706,'0000-00-00'),(1074,0,'Иманова','Елена','','','0000-00-00','','1',1,'','','','0000-00-00','','lena__i@mail.ru',1,'2011-08-15 09:46:21',0,0,0,0,0,0,0,1,0,'',0,NULL,0,NULL,1,0,1595535674,'0000-00-00'),(1076,0,'Костяшин','Сергей','Николаевич','','1974-09-02','M','Российская Федерация',1,'1504','333206','ОВД Навлинского района Брянской области','2004-11-05','','shadow_c@bk.ru',1,'2011-08-15 16:26:18',0,0,0,0,0,0,0,2,4,'п.Навля Брянской облпсти',920,'8537093',920,'8537093',1,0,1582014459,'0000-00-00'),(1077,0,'Иманова','Елена','','','1975-05-06','F','Российская Федерация',1,'4500','534355','ОВД\"МОСКВОРЕЧЬЕ-САБУРОВО\"города МОСКВЫ','2001-01-09','','vip.imanova@inbox.ru',2,'2011-08-16 07:09:00',50,0,1,1,0,1,0,3,1,'ГОРОД СЕВЕРОУРАЛЬСК СВЕРДЛОВСКОЙ ОБЛАСТИ',499,'2499335',963,'6065525',1,0,1595443308,'0000-00-00'),(1078,0,'Назаров','Всеволод','Юрьевич','','0000-00-00','','1',1,'','','','0000-00-00','','123z07.62@mail.ru',1,'2011-08-16 18:26:47',0,0,0,0,0,0,0,1,0,'',0,NULL,0,NULL,1,0,2992341023,'0000-00-00'),(1079,0,'Абрамов','Сергей','Владимирович','','1974-12-11','M','Российская Федерация',1,'5301','640150','Саракташским РОВД Оренбургской области','2003-03-11','562-033','sergei111274@mail.ru',2,'2011-08-18 05:56:25',1,0,1,0,0,1,0,4,1,'с. Спасское Саракташского района Оренбургской области',3536,'27090',919,'8426084',1,0,2989265258,'0000-00-00'),(1080,0,'Матросов','Александр','Александрович','','0000-00-00','','1',1,'','','','0000-00-00','','maat@bk.ru',1,'2011-08-18 10:33:07',0,0,0,0,0,0,0,1,0,'',0,NULL,0,NULL,1,0,3648409881,'0000-00-00'),(1081,0,'Трацевский ','Игорь','Александрович','','1986-07-24','M','Российская Федерация',1,'4909','936805','Отделением УФМС России по Новгородской области в Окуловском районе','2010-09-18','','tratsevsky@mail.ru',1,'2011-08-19 01:23:53',1,0,1,0,0,1,0,4,2,'Окуловка',81657,'24294',952,'3899009',1,0,528872726,'0000-00-00'),(1082,0,'Трацевский','Игорь','','','1986-07-24','M','Российская Федерация',1,'4909','936805','Отделением УФМС России по Новгородской области в Окуловском районе','2010-09-18','','kodibanks@mail.ru',1,'2011-08-19 01:40:21',45,0,1,1,0,1,0,3,2,'Окуловка',81657,'24294',952,'3899009',1,0,528872726,'0000-00-00'),(1083,0,'Минов ','Радик ','','','0000-00-00','','1',1,'','','','0000-00-00','','radon86@inbox.ru',1,'2011-08-19 05:03:32',0,0,0,0,0,0,0,1,0,'',0,NULL,0,NULL,1,0,1559666958,'0000-00-00'),(1084,0,'Лузгина','Евгения','Викторовна','','1981-05-04','F','Российская Федерация',1,'4507','582011','ОВД р-на Тёплый Стан','2005-01-11','','wanill@inbox.ru',1,'2011-08-19 06:29:12',47,0,1,1,0,1,0,3,1,'г.Терновка, Днепропетровской обл.',495,'3388644',926,'5205753',1,0,1595679360,'0000-00-00'),(1085,0,'Израева','Елена','','','0000-00-00','','1',1,'','','','0000-00-00','','yusechek@gmail.com',1,'2011-08-19 07:27:00',0,0,0,0,0,0,0,1,0,'',0,NULL,0,NULL,1,0,1372795784,'0000-00-00'),(1086,0,'Савельев','Михаил','Александрович','','1961-06-16','M','Российская Федерация',1,'0505','203823','УВД Ленинского района гор.Владивостока','2006-07-03','252-001','sa.mikhail@yandex.ru',1,'2011-08-19 12:18:58',4,0,1,1,0,1,0,4,2,'гор.Южно-Сахалинск',84232,'0000000000',924,'2310170',1,0,1836986570,'0000-00-00'),(1087,0,'Панов','Павел','Сергеевич','','0000-00-00','','1',1,'','','','0000-00-00','','triton503@mail.ru',1,'2011-08-19 20:15:10',0,0,0,0,0,0,0,1,0,'',0,NULL,0,NULL,1,0,1294304042,'0000-00-00'),(1088,0,'Ягупов','Александр','Дмитриевич','','1978-05-08','M','Российская Федерация',1,'1806','925029','ОВД Жирновского района Волгоградской области','2002-02-09','','jagupov@mail.ru',1,'2011-08-20 13:33:47',4,0,1,1,0,1,0,4,1,'г. Исфара Ленинабадской области',927,'5285044',927,'5285044',1,0,1427827172,'0000-00-00'),(1089,0,'Ким','Анастасия','Вениаминовна','','0000-00-00','','1',1,'','','','0000-00-00','','nastiakim95@mail.ru',1,'2011-08-20 14:42:04',0,0,0,0,0,0,0,1,0,'',0,NULL,0,NULL,1,0,2997883517,'0000-00-00'),(1090,0,'Глушаков ','Максим','Алексеевич','','1990-12-09','M','Российская Федерация',1,'7810','852204','Отделением УФМС Росиипо Ярославской области в гор. Тутаеве и Тутаевском районе','2011-07-12','760-022','9099890928@mail.ru',2,'2011-08-21 15:44:26',0,0,0,0,0,0,0,2,2,'г. Тутаев Ярославской области',903,'7103341',909,'9890928',1,0,784076802,'0000-00-00'),(1091,0,'Дубровина','Анна','Сергеевна','','1989-10-19','F','Российская Федерация',1,'4510','408734','отделением по району Дорогомилово ОУФМС по гор. Москве в ЗАО','2009-12-02','770-062','anna-fera@yandex.ru',1,'2011-08-22 01:02:22',0,0,0,0,0,0,0,2,1,'гор. Москва',495,'2431654',916,'3234878',1,0,2953741707,'0000-00-00'),(1092,0,'Протоковилова','Оксана','Владимировна','','1989-03-25','F','Российская Федерация',1,'6709','912306','ТП В С.П. Солнечный ОУФМС России по Ханты-Мансийскому Округу-Югре в Сургутском районе','0000-00-00','860-012','protokovilova.oksana@mail.ru',1,'2011-08-22 21:24:41',18,0,1,0,0,1,0,4,1,'с.Сытомино Сургутского района Тюменской области',960,'1829638',960,'1829638',1,0,3648413021,'0000-00-00'),(1093,0,'Маряскин','Алексей','Владимирович','','1990-04-23','M','Российская Федерация',1,'7509','686790','УФМС по Челябинской области по г. Миассу','2010-05-25','','noscriptt@gmail.com',1,'2011-08-23 03:37:52',4,0,1,1,0,1,0,4,2,'Миасс, Челябинская область',951,'7991880',951,'7991880',1,0,3641930035,'0000-00-00'),(1094,0,'Дубинский','Сергей','Леонидович','','1976-04-14','M','Российская Федерация',1,'2701','317595','ОВД Московского района г. Калининграда','2001-11-26','','sergey@dubinsky.su',1,'2011-08-23 06:12:24',45,0,1,1,0,1,0,4,1,'Бельцы, Молдова',905,'7039297',916,'9402981',1,0,1427479448,'0000-00-00'),(1096,0,'Теплов','Павел','Витальевич','','1979-10-19','M','Российская Федерация',1,'1701','352338','УВД г.Коврова и Ковровского района Владимирской области','2001-10-19','332-010','pavel.teplov@gmail.com',1,'2011-08-24 05:52:40',45,0,1,1,0,1,1,4,3,'г.Ковров Владимирской области',985,'1459525',905,'5155869',3,0,1397084362,'0000-00-00'),(1097,0,'Растриженко ','Алена ','Александровна','','0000-00-00','','1',1,'','','','0000-00-00','','aaalena1977mg@mail.ru',1,'2011-08-24 06:52:47',0,0,0,0,0,0,0,1,0,'',0,NULL,0,NULL,1,0,1307800290,'0000-00-00'),(1098,0,'Метиков','Семен','Александрович','','1988-05-20','M','Российская Федерация',1,'0408','594863','Отделом УФМС России по Красноярскому краю в Советском р-не гор. Красноярска','2008-06-26','240-003','Saimoninst@gmail.com',1,'2011-08-24 10:01:38',50,0,1,1,0,1,0,3,1,'гор. Минусинск Красноярского края',391,'2663335',906,'9156996',1,0,3579280069,'0000-00-00'),(1099,0,'Жабин','Владимир','Владимирович','','1986-04-10','M','Российская Федерация',1,'4508','257637','ОВД района \"Новогиреево\" гор. Москвы','2006-04-14','','exerus@mail.ru',1,'2011-08-24 13:30:24',4,0,1,1,0,1,0,4,2,'г. Москва',495,'3021394',915,'4211615',1,0,3563362658,'0000-00-00'),(1100,0,'Демкин ','Юрий','Алексеевич','','0000-00-00','','1',1,'','','','0000-00-00','','ura1982@list.ru',1,'2011-08-24 14:26:24',0,0,0,0,0,0,0,1,0,'',0,NULL,0,NULL,1,0,3583058914,'0000-00-00'),(1101,0,'Захаров','Юрий','Николаевич','','1965-06-26','M','Российская Федерация',1,'7510','753257','ОУФМС РОССИИ по Челябинской области','2010-07-12','740-031','yuriy_z@inbox.ru',1,'2011-08-24 14:50:27',11,0,1,1,0,1,0,4,1,'г.Златоуст',3513,'546715',902,'8981084',1,0,1540167968,'0000-00-00'),(1102,0,'Цапун','Михаил','Михайлович','','1982-08-04','M','Российская Федерация',1,'0802','723140','ОВД Центрального округа, г. Комсомольск-на-Амуре','2002-09-20','272-008','formeplease@mail.ru',1,'2011-08-24 21:00:26',0,0,0,0,0,0,0,2,1,'г.Комсомольск-на-Амуре',4217,'591709',909,'8216049',1,0,1427829064,'0000-00-00'),(1103,0,'Садовский ','Александр','Сергеевич','','0000-00-00','','',0,'','','','0000-00-00','','Brabus_18@mail.ru',0,'2011-08-25 05:49:22',0,0,0,0,0,0,0,2,0,'',0,'',0,'',0,0,3648410503,'0000-00-00'),(1105,0,'Баранов','Михаил','Викторович','','0000-00-00','','1',1,'','','','0000-00-00','','mihail-barashek@mail.ru',1,'2011-08-26 09:55:24',0,0,0,0,0,0,0,1,0,'',0,NULL,0,NULL,1,0,780847575,'0000-00-00'),(1106,0,'Сироткин','Иван','Юрьевич','','1973-03-27','M','Российская Федерация',1,'4508','736825','овд \" Измайлово\" г. Москвы','2006-07-24','772-051','vano27@ro.ru',1,'2011-08-26 20:27:03',0,0,0,0,0,0,0,2,2,'г.Мурманск',495,'9652611',903,'6888722',1,0,1504853122,'0000-00-00'),(1107,0,'Гришина','Ольга','Валерьевна','','0000-00-00','','1',1,'','','','0000-00-00','','olja_natasha@mail.ru',1,'2011-08-28 12:22:31',0,0,0,0,0,0,0,1,0,'',0,NULL,0,NULL,1,0,3158866135,'0000-00-00'),(1108,0,'Паша','Инга','Ивановна','','1980-05-26','F','MDA Moldova',1,'38','2960','OO Kishinau Moldova','2009-01-13','','inga.negruzzi@mail.ru',1,'2011-08-28 13:17:43',50,0,1,1,0,1,0,3,1,'Moldova Singerei',498,'6977014',926,'0258001',1,0,1536109058,'0000-00-00'),(1109,0,'Колмыкова','Ирина','Николаевна','','1973-04-23','F','Российская Федерация',1,'0103','114713','ОВД Железнодорожного района г.Барнаула','2002-05-18','','irinaiskra_82@mail.ru',2,'2011-08-29 05:05:19',18,0,1,0,0,1,0,3,1,'г.Барнаул',83852,'668436',913,'2644012',1,0,2998637137,'0000-00-00'),(1111,0,'Инякина','Ирина','Викторовна','','1982-08-13','F','Российская Федерация',1,'8910','203682','Территориальный пункт №1 межрайонного отделения УФМС России по республике Мордовия в Ковылкинском ра','2011-08-03','130-012','ira10751@yandex.ru',1,'2011-08-29 06:49:22',3,0,1,1,0,1,1,3,4,'с. Заречье, Ульяновского района, Калужской области',0,'0000000',926,'1597731',1,1,1399235219,'0000-00-00'),(1112,0,'Смирнов','Владимир','Геннадьевич','','1973-01-01','M','Российская Федерация',1,'1212','121212','негег','2001-01-02','','ins-iit@yandex.ru',1,'2011-08-29 08:43:45',47,0,1,1,0,1,1,3,1,'Кострома',0,'124545',0,'124512',1,0,1399235219,'0000-00-00'),(1113,0,'Ростовщикова','Наталья','','','1982-12-21','F','Российская Федерация',1,'4106','848174','ОВД Кингисеппского р-на Ленинградской области','2006-08-10','','mauvenox@rambler.ru',1,'2011-08-29 09:09:25',47,0,1,1,0,1,0,3,4,'п.Кингисеппский, Кингисеппского р-на Ленинградской области',81375,'33022',921,'3825663',1,1,774888315,'0000-00-00'),(1114,6350,'Антонов','Антон','Валерьевич','','1989-07-14','M','Российская Федерация',1,'4510','334982','отд-м по р-ну Покровское- стрешнево ОУФМС России по гор.Москве в СЗАО','2009-09-14','774-094','kasami@live.ru',1,'2011-08-29 09:20:24',45,0,1,1,0,1,1,4,1,'Москва',495,'4911292',925,'8800553',3,1,1504870237,'0000-00-00'),(1116,0,'Кашапова','Лилия','','','0000-00-00','','1',1,'','','','0000-00-00','','liliya_08_kisa@mail.ru',1,'2011-08-29 13:17:46',0,0,0,0,0,0,0,1,0,'',0,NULL,0,NULL,1,0,1504881178,'0000-00-00'),(1117,0,'Супранкова','Ольга','Валерьевна','','0000-00-00','','1',1,'','','','0000-00-00','','OSYPRANKOVA@MAIL.RU',1,'2011-08-30 06:14:19',0,0,0,0,0,0,0,1,0,'',0,NULL,0,NULL,1,0,39654010,'0000-00-00'),(1118,6285,'Ефремычев','Дмитрий','Павлович','','1981-07-21','M','Российская Федерация',1,'4506','239944','ОВД \"Раменки\" г.Москвы','2003-08-13','772-128','dmitriy_e@bk.ru',1,'2011-08-30 15:56:57',47,0,1,1,0,0,1,4,1,'г.Москва',499,'1435756',903,'9622177',3,0,1372067062,'0000-00-00'),(1119,0,'Филатов','Святослав','Валерьевич','','0000-00-00','','1',1,'','','','0000-00-00','','djediki@bk.ru',1,'2011-08-31 12:32:51',0,0,0,0,0,0,0,1,0,'',0,NULL,0,NULL,1,0,1837038561,'0000-00-00'),(1120,0,'Кашапова','Лилия','','','1991-01-06','F','Российская Федерация',1,'9210','050223','Отделом УФМС по Республике Татарстан в Бугульминском районе','2011-03-17','160-025','kate_28_11@mail.ru',1,'2011-08-31 16:21:21',8,0,1,1,0,1,0,4,1,'г. Лениногорск , Татарской АССР',495,'3448747',926,'7681296',1,0,1595485998,'0000-00-00'),(1121,0,'Стог','Ольга','Владимировна','','1984-09-10','F','Российская Федерация',1,'3609','118618','Отделом УФМС России по Сам.области в Комсомольском р-не г.Тольятти','2011-11-09','630-040','kulichik2009@rambler.ru',2,'2011-09-01 07:28:44',50,0,1,1,0,1,0,3,1,'г.Тольятти',927,'7711717',925,'0511404',1,0,3559011995,'0000-00-00'),(1122,0,'Соломатова','Олеся','Андреевна','','1989-08-26','F','Российская Федерация',1,'2510','442814','ОУФМС России по иркутской обл. в г. Ангарске','2010-10-26','380-007','lisok-kobrochka@mail.ru',1,'2011-09-01 08:06:11',45,0,1,1,0,1,1,4,3,'г. Екатеринбург Свердловской обл.',924,'6266682',964,'1199691',1,0,2956696015,'0000-00-00'),(1123,0,'Гусев','Денис','','','0000-00-00','','1',1,'','','','0000-00-00','','denis.v.gusev@gmail.com',1,'2011-09-01 09:00:37',0,0,0,0,0,0,0,1,0,'',0,NULL,0,NULL,1,0,3648406024,'0000-00-00'),(1124,0,'Марчук','Ирина','Алексеевна','','0000-00-00','','1',1,'','','','0000-00-00','','pandora_shadow@mail.ru',1,'2011-09-01 09:47:48',0,0,0,0,0,0,0,1,0,'',0,NULL,0,NULL,1,0,3641467141,'0000-00-00'),(1125,0,'Киреева','Татьяна','Николаевна','','1982-02-14','F','Российская Федерация',1,'4706','106821','ТО в г.Оленегорске МО УФМС России по Мурманской области в г.Мончегорске','2007-06-27','510-011','ptiza7@rambler.ru',1,'2011-09-01 10:43:31',50,0,1,1,0,1,0,3,1,'г.Грозный',81537,'43726',911,'3356240',1,1,3645020178,'0000-00-00'),(1126,0,'Урбанович','Екатерина','Викторовна','','1991-05-15','F','Беларусь',1,'16','96739','Щучинским РОВД Гродненской Области','2008-02-20','','eurbanovich@bk.ru',1,'2011-09-01 11:22:16',11,0,1,1,0,1,0,4,2,'Республика Беларусь,г.Щучин',378,'6000',916,'2145083',1,0,1595596953,'0000-00-00'),(1127,0,'Кипкеева ','Галина','','','1979-12-24','F','Российская Федерация',1,'9102','201781','У-Джегутинским РОВД КЧР','2002-08-21','','galinakipke@mail.ru',1,'2011-09-01 11:56:44',18,0,1,0,0,1,0,4,1,'г.Усть-Джегута',928,'3125573',928,'3869899',1,0,1427814934,'0000-00-00'),(1128,0,'Койков','Александр','Александрович','','1990-01-04','M','Российская Федерация',1,'3309','920317','ТП УФМС России по Кировской области в Белохолуницком районе','2010-02-18','430-003','koykov@list.ru',1,'2011-09-01 17:42:07',50,0,1,1,0,0,0,4,2,'Кировская область город Белая Холуница',83364,'42254',963,'0003139',1,0,1541272155,'0000-00-00'),(1129,0,'Соловцов','Алексей','Олегович','','0000-00-00','','1',1,'','','','0000-00-00','','alexey@forpost.md',1,'2011-09-01 17:43:30',0,0,0,0,0,0,0,1,0,'',0,NULL,0,NULL,1,0,1054699361,'0000-00-00'),(1130,0,'Пайдулов','Павел','Валерьевич','','0000-00-00','','1',1,'','','','0000-00-00','','paydulov@hotmail.com',1,'2011-09-01 17:58:02',0,0,0,0,0,0,0,1,0,'',0,NULL,0,NULL,1,0,1310544572,'0000-00-00'),(1132,0,'Азарова','Анна','Николаевна','','1988-08-12','F','Российская Федерация',1,'4608','497469','ТП №1 Отделения УФМС России по Московской обл. в городе Дубне','2009-03-31','500-027','miracle809@gmail.com',1,'2011-09-02 03:33:24',48,0,1,1,1,1,0,3,2,'гор.Дубна',496,'2149624',916,'0724051',3,0,1598557283,'0000-00-00'),(1133,0,'Яровая','Алина','Юрьевна','','0000-00-00','','1',1,'','','','0000-00-00','','Hloe87@mail.ru',1,'2011-09-03 09:04:46',0,0,0,0,0,0,0,1,0,'',0,NULL,0,NULL,1,0,1566501502,'0000-00-00'),(1134,0,'Белимов','Юрий','Алексеевич','','0000-00-00','','1',1,'','','','0000-00-00','','yuriy-bel@mail.ru',1,'2011-09-04 07:48:17',0,0,0,0,0,0,0,1,0,'',0,NULL,0,NULL,1,0,1551632894,'0000-00-00'),(1135,0,'Сопов','Роман','','','0000-00-00','','1',1,'','','','0000-00-00','','roman@sopov.net',1,'2011-09-04 09:49:04',0,0,0,0,0,0,0,1,0,'',0,NULL,0,NULL,1,0,1307796343,'0000-00-00'),(1136,0,'Хиль ','Таисия','Андреевна','','0000-00-00','','1',1,'','','','0000-00-00','','hil.aisiya@mail.ru',1,'2011-09-04 14:17:04',0,0,0,0,0,0,0,1,0,'',0,NULL,0,NULL,1,0,1359835554,'0000-00-00'),(1137,0,'Бон','Светлана','Павловна','','1967-02-18','F','Российская Федерация',1,'2503','922912','ОВД г.Усолье-Сибирское Иркутской обл.','2003-09-02','','praktikym@mail.ru',1,'2011-09-04 15:10:41',45,0,1,1,0,1,0,3,2,'г.Усолье-Сибирское Иркутской обл.',39542,'32026',924,'7119725',1,0,2956694035,'0000-00-00'),(1138,0,'Коригова','Белла','Алихановна','','0000-00-00','','1',1,'','','','0000-00-00','','bella4444@mail.ru',1,'2011-09-05 03:59:11',0,0,0,0,0,0,0,1,0,'',0,NULL,0,NULL,1,0,1597751542,'0000-00-00'),(1139,0,'Зенкин','Илья','Викторович','','1986-06-21','M','Российская Федерация',1,'4508','666600','ОВД р-на Красносельский УВД ЦАО г. Москвы','2006-10-31','','zenkin.ilya@gmail.com',1,'2011-09-05 07:17:27',45,0,1,1,0,1,0,3,1,'г. Томск',495,'4778401',915,'4053070',1,0,3575755858,'0000-00-00'),(1140,0,'Касумова','Амина','Габибуллаховна','','1990-06-27','F','Российская Федерация',1,'8210','866962','отелом УФМС РОССИИ ПО РЕСП.ДАГЕСТАНА   В ГОР.  ИЗБЕРБАШ','2010-08-03','050-007','amina1990062790@mail.ru',1,'2011-09-05 07:41:22',0,0,0,0,0,0,0,2,1,'ГОР.ИЗБЕРБАШ АГЕСТАНСКОЙ АССР',963,'4130648',963,'4130648',1,0,1360547917,'0000-00-00'),(1141,0,'Бартенева','Алиса','Львовна','','1993-04-27','F','Российская Федерация',1,'4510','748672','Отделение по району Сокол ОУФМС России по г. Москве в САО','2010-07-16','770-025','iol-alisa@hotmail.com',1,'2011-09-05 12:20:18',47,0,1,1,0,0,1,3,1,'гор москва',499,'1986560',909,'7780223',3,0,1559472075,'0000-00-00'),(1142,0,'Журавлева','Наталья','Юрьевна','','0000-00-00','','1',1,'','','','0000-00-00','','natka-zhu@mail.ru',1,'2011-09-05 12:53:41',0,0,0,0,0,0,0,1,0,'',0,NULL,0,NULL,1,0,1578726268,'0000-00-00'),(1143,0,'Хабибуллин','Даниил','','','1988-07-11','M','Российская Федерация',1,'4608','226978','отделением ОУФМС России по московской области в Балашихинском районе в городе Реутове','2008-07-24','','khabibullin.daniil@gmail.com',1,'2011-09-05 22:37:48',8,0,1,1,0,1,0,4,1,'Балашиха',985,'1591451',985,'1591451',1,0,1506858262,'0000-00-00'),(1144,6664,'Снежкова','Елена','Евгеньевна','','1979-12-03','F','Российская Федерация',1,'4704','883596','ОВД г. Мончегорска Мурманской обл','2004-06-04','512-010','snezhkova@list.ru',1,'2011-09-06 08:13:34',47,0,3,1,0,1,1,4,4,'г. Мончегорск, Мурманской обл.',87932,'46880',962,'4270537',1,0,773682502,'0000-00-00'),(1145,0,'Чеглов','Анатолий','Владимирович','','1971-10-16','M','Российская Федерация',1,'4702','570068','ОВД г. Североморска','2002-12-13','','anatolijcheglov@yandex.ru',1,'2011-09-06 12:13:19',1,0,1,0,0,1,0,3,2,'с. П-Пригородное Тамбовской обл.',81537,'65352',911,'3117721',1,0,3584571705,'0000-00-00'),(1146,0,'Савина','Светлана','Игоревна','','1988-09-03','F','Российская Федерация',1,'4608','388625','отделом уфмс россии по московской области в гор. электростали','2008-09-23','500-186','snejka2140@rambler.ru',1,'2011-09-06 15:09:32',0,0,0,0,0,0,0,2,2,'гор. электросталь московской обл.',49657,'24260',910,'4431286',1,0,3579283824,'0000-00-00'),(1147,0,'Данилов ','Илья','Викторович','','0000-00-00','','1',1,'','','','0000-00-00','','stavnet@gmail.com',1,'2011-09-07 01:56:34',0,0,0,0,0,0,0,1,0,'',0,NULL,0,NULL,1,0,2907414874,'0000-00-00'),(1148,0,'Элбоев','Бузургмехр','Бафокулович','','0000-00-00','','1',1,'','','','0000-00-00','','buzya_1993@mail.ru',1,'2011-09-08 07:47:47',0,0,0,0,0,0,0,1,0,'',0,NULL,0,NULL,1,0,3244885867,'0000-00-00'),(1149,0,'Нестеров','Александр','Игорревич','','0000-00-00','','1',1,'','','','0000-00-00','','Alik_melkor@mail.ru',1,'2011-09-09 02:52:40',0,0,0,0,0,0,0,1,0,'',0,NULL,0,NULL,1,0,3648406120,'0000-00-00'),(1150,0,'Проселков','Владимир','Владимирович','','0000-00-00','','1',1,'','','','0000-00-00','','prokter89@mail.ru',1,'2011-09-09 07:29:39',0,0,0,0,0,0,0,1,0,'',0,NULL,0,NULL,1,0,1604810411,'0000-00-00'),(1151,0,'Битюцкий','Владислав','Александрович ','','0000-00-00','','1',1,'','','','0000-00-00','','wlad_0000@mail.ru',1,'2011-09-10 06:19:29',0,0,0,0,0,0,0,1,0,'',0,NULL,0,NULL,1,0,1147893893,'0000-00-00'),(1152,0,'Мусаева','Мая','','','0000-00-00','','1',1,'','','','0000-00-00','','musayewa@rambler.ru',1,'2011-09-11 11:04:05',0,0,0,0,0,0,0,1,0,'',0,NULL,0,NULL,1,0,3652118539,'0000-00-00'),(1153,0,'Мурина','Людмила','Павловна','','0000-00-00','','1',1,'','','','0000-00-00','','myrina2204@rambler.ru',1,'2011-09-12 12:01:29',0,0,0,0,0,0,0,1,0,'',0,NULL,0,NULL,1,0,1441605073,'0000-00-00'),(1154,0,'Шариков','Алексей','Валерьевич','','1975-04-23','M','Российская Федерация',1,'7498','021894','Красноселькупским РОВД','2000-05-11','892-010','alexsharikov@mail.ru',1,'2011-09-13 02:52:56',4,0,1,1,0,1,0,4,4,'г. Тольятти',34932,'22118',952,'6723682',1,1,1583694715,'0000-00-00'),(1155,0,'Хубулури ','Теймураз','Дмитревич','','0000-00-00','','1',1,'','','','0000-00-00','','timati-73w@yandex.ru',1,'2011-09-13 05:14:57',0,0,0,0,0,0,0,1,0,'',0,NULL,0,NULL,1,0,1437409731,'0000-00-00'),(1156,0,'Боровец','Тимофей','Михайлович','','1992-08-12','M','Российская Федерация',1,'2005','711730','ОВД Таловского района по Воронежской области','2006-10-31','362-037','amit-aziat@mail.ru',1,'2011-09-13 14:30:49',45,0,1,1,0,1,0,4,2,'гор. Ташкент Узбекистан',499,'2093390',915,'3755159',1,0,1845262758,'0000-00-00'),(1157,0,'Калинин','Юрий','Геннадьевич','','1990-11-25','M','Российская Федерация',1,'4210','651181','Отделом УФМС по Липецкой Области в сов. окр. г. Липецка','2010-12-30','480-002','POLTINNICHEK@MAIL.RU',1,'2011-09-14 02:22:25',45,0,1,1,0,1,0,3,1,'гор. Липецк',4742,'272145',960,'1551287',1,0,1315620508,'0000-00-00'),(1158,0,'Сидорина','Ольга','Александровна','','0000-00-00','','1',1,'','','','0000-00-00','','Lelikred@mail/ru',1,'2011-09-14 09:50:17',0,0,0,0,0,0,0,1,0,'',0,NULL,0,NULL,1,0,1843762608,'0000-00-00'),(1161,0,'Гусаков','Николай','Юрьевич','','1955-02-09','M','Российская Федерация',1,'8800','080984','Заводским ОМ УВД гор. Йошкар-Олы','2001-02-23','123-001','gusnik55@gmail.com',1,'2011-09-16 02:31:24',0,0,0,0,0,0,0,2,1,'г. Дегтярск Ревдинского района Свердловской области',836,'2631873',927,'8703592',1,1,3166404755,'0000-00-00'),(1162,0,'Салихов','Гамид','Кадиевич','','1989-03-18','M','Российская Федерация',1,'2908','316813','ТП УФМС РОССИИ ПО КАЛУЖСКОЙ ОБЛАСТИ В ФЕРЗИКОВСКОМ РАЙОНЕ','2009-06-01','400-026','gama555@mail.ru',2,'2011-09-16 09:46:31',53,0,1,0,0,0,0,3,1,'ПОС. ОКТЯБРЬСКИЙ ФЕРЗИКОВСКИЙ РАЙОН КАЛУЖСКОЙ ОБЛАСТИ',8484,'3753869',920,'0908163',1,0,3584720578,'0000-00-00'),(1163,0,'Ткаченко','Михаил','Александрович','','1988-12-06','M','Российская Федерация',1,'2909','349049','Отделением УФМС России по Калужской Области в Жуковском Районе','2009-08-18','400-011','mat-pro@yandex.ru',1,'2011-09-16 11:01:09',53,0,1,0,0,0,0,4,1,'Город Чита Центрального Района Читинской Области',48432,'51862',910,'5241879',1,0,3563725746,'0000-00-00'),(1164,0,'Меньшенина','Елена','','','1980-10-26','F','Российская Федерация',1,'4103','271680','Ульяновским ОМ Тосненского р-на Ленинградской области ','2003-09-17','','ecm@bk.ru',1,'2011-09-16 12:25:39',17,0,1,0,0,0,0,4,1,'Нижневартовск',495,'7943942',916,'5918226',1,0,3582381954,'0000-00-00'),(1165,0,'Солодовников ','Никита','Николаевич','','0000-00-00','','1',1,'','','','0000-00-00','','solodovnikov.nik@mail.ru',1,'2011-09-16 17:35:31',0,0,0,0,0,0,0,1,0,'',0,NULL,0,NULL,1,0,2992199266,'0000-00-00'),(1166,0,'Асланов','Мирсафтар','','','0000-00-00','','1',1,'','','','0000-00-00','','khaganaslan@hotmail.com',1,'2011-09-18 12:53:20',0,0,0,0,0,0,0,1,0,'',0,NULL,0,NULL,1,0,3170739291,'0000-00-00'),(1167,0,'Хоменко','Дмитрий','Сергеевич','','0000-00-00','','1',1,'','','','0000-00-00','','l-777webster777-l@yandex.ru',1,'2011-09-18 15:37:03',0,0,0,0,0,0,0,1,0,'',0,NULL,0,NULL,1,0,1310295515,'0000-00-00'),(1168,0,'Мирзоев','Юсиф','Джавад Оглы','','0000-00-00','','1',1,'','','','0000-00-00','','mirzeyev.yusif@mail.ru',1,'2011-09-18 16:15:03',0,0,0,0,0,0,0,1,0,'',0,NULL,0,NULL,1,0,3642299556,'0000-00-00'),(1169,0,'Яковлев ','Матвей ','Дмитриевич','','0000-00-00','','1',1,'','','','0000-00-00','','matvey2007-95@mail.ru',1,'2011-09-18 16:30:08',0,0,0,0,0,0,0,1,0,'',0,NULL,0,NULL,1,0,3278023178,'0000-00-00'),(1170,0,'Волина ','Ирина','Николаевна','','0000-00-00','','1',1,'','','','0000-00-00','','volina_irina.81@inbox.ru',1,'2011-09-19 03:32:58',0,0,0,0,0,0,0,1,0,'',0,NULL,0,NULL,1,0,3155398484,'0000-00-00'),(1171,0,'Гаврилова','Мария','Дмитриевна','','1988-07-03','F','Российская Федерация',1,'4608','245358','ОУФМС России по Московской обл. в г.Жуковском','2008-08-28','500-036','minaku_@mail.ru',1,'2011-09-19 07:33:10',0,0,0,0,0,0,0,2,1,'г.Жуковский Московская обл.',49848,'25703',967,'0085646',1,0,1539987008,'0000-00-00'),(1172,0,'Василькова','Светлана','Владимировна','','0000-00-00','','1',1,'','','','0000-00-00','','Vasilek041183@mail.ru',1,'2011-09-19 08:39:38',0,0,0,0,0,0,0,1,0,'',0,NULL,0,NULL,1,0,3648410572,'0000-00-00'),(1173,0,'Гладырева ','Татьяна','','','0000-00-00','','1',1,'','','','0000-00-00','','ymb977@yandex.ru',1,'2011-09-20 08:54:49',0,0,0,0,0,0,0,1,0,'',0,NULL,0,NULL,1,0,1833220482,'0000-00-00'),(1174,0,'Мирзоев','Юсиф','Джавад Оглы','','1995-05-09','M','Азербайджанская Республика',1,'012','082738','Себаиловским РПУ гор. Баку','2011-05-11','','c.mirzeyev@hotmail.com',1,'2011-09-20 16:22:27',0,0,0,0,0,0,0,2,1,'гор. Баку, Азербайджанской Республики',99412,'5027480',50,'3340310',1,0,1844387156,'0000-00-00'),(1175,0,'Сасина','Людмила','Петровна','','1973-01-22','F','Российская Федерация',1,'6700','274781','ОВД г.Мегиона','2001-05-26','','lsasina@yandex.ru',2,'2011-09-21 14:40:05',0,0,0,0,0,0,0,2,2,'Кировская область',34663,'56880',922,'4300362',1,0,2989452763,'0000-00-00'),(1176,0,'Хлебников ','Сергей','Иванович','','0000-00-00','','1',1,'','','','0000-00-00','','skh66@ya.ru',1,'2011-09-22 05:10:48',0,0,0,0,0,0,0,1,0,'',0,NULL,0,NULL,1,0,1833421077,'0000-00-00'),(1177,0,'Гусев','Константин ','Леонидович','','0000-00-00','','1',1,'','','','0000-00-00','','Saylor4@yandex.ru',1,'2011-09-22 05:32:35',0,0,0,0,0,0,0,1,0,'',0,NULL,0,NULL,1,0,1540602132,'0000-00-00'),(1178,6659,'Осипов','Иван','Вадимович','','1989-05-24','M','Российская Федерация',1,'4608','664620','ТП в гор. Кубинке ОУФМС России по Московской обл. в Одинцовской р-не','2009-07-16','500-106','ivan-osipov89@yandex.ru',1,'2011-09-23 10:07:45',45,0,3,0,0,0,1,4,1,'гор. Москва',905,'5138969',926,'8259578',3,0,1385287825,'0000-00-00'),(1180,0,'Ланин','Станислав','Дмитриевич','','0000-00-00','M','Российская Федерация',1,'4608','241444','тп гор. Коломна-1 Коломенского р-на УФМС России по Московской обл','2009-05-05','500-215','stas-lanin@mail.ru',1,'2011-09-23 16:01:16',0,0,0,0,0,0,0,2,1,'гор. Коломна-1,Московской обл.',496,'6178248',965,'3201058',1,0,1541580542,'0000-00-00'),(1181,0,'Мачихин','Егор','Викторович','','0000-00-00','','1',1,'','','','0000-00-00','','egor_medved@inbox.ru',1,'2011-09-23 17:56:18',0,0,0,0,0,0,0,1,0,'',0,NULL,0,NULL,1,0,1317322912,'0000-00-00'),(1182,0,'Качалова','Анастасия','Александровна','','1985-05-28','F','Российская Федерация',1,'8611','021040','ТП УФМС РОССИИ ПО РЕСПУБЛИКЕ КАРЕЛИЯ В КЕМСКОМ РАЙОНЕ','2011-08-15','100-005','nastyushenka@mail.ru',1,'2011-09-24 09:52:00',0,0,0,0,0,0,0,2,2,'г. Москва',812,'5882062',952,'3646647',1,0,1475951532,'0000-00-00'),(1183,0,'Смирнова','Екатерина','Олеговна','','1987-05-21','F','Российская Федерация',1,'6609','536624','МО УФМС по Смоленской области в городе Вязьма','2010-04-24','','ketysmir@mail.ru',1,'2011-09-25 17:25:20',0,0,0,0,0,0,0,2,2,'Смоленская обл.город Вязьма',952,'9919253',952,'9919253',1,0,1604790402,'0000-00-00'),(1184,0,'Акаро','Наталья','Викторовна','','0000-00-00','','1',1,'','','','0000-00-00','','shenv@mail.ru',1,'2011-09-25 17:29:43',0,0,0,0,0,0,0,1,0,'',0,NULL,0,NULL,1,0,3162239497,'0000-00-00'),(1185,0,'Логинов','Артем','Александрович','','0000-00-00','','1',1,'','','','0000-00-00','','qq@smtp.ru',1,'2011-09-26 02:15:35',0,0,0,0,0,0,0,1,0,'',0,NULL,0,NULL,1,0,2989299990,'0000-00-00'),(1186,0,'Капицын','Владислав','Сергеевич','','0000-00-00','','1',1,'','','','0000-00-00','','asrogaw@yahoo.com',1,'2011-09-26 07:41:10',0,0,0,0,0,0,0,1,0,'',0,NULL,0,NULL,1,0,3282707425,'0000-00-00'),(1187,0,'Купцов','Максим','Владимирович','','0000-00-00','','1',1,'','','','0000-00-00','','fill9552@gmail.com',1,'2011-09-26 21:29:24',0,0,0,0,0,0,0,1,0,'',0,NULL,0,NULL,1,0,1586440747,'0000-00-00'),(1188,0,'Ильницкая','Алена','Алексеевна','','1980-01-20','F','Российская Федерация',1,'7500','956646','УВД Курчатовского района г.Челябинска','2001-11-21','742-043','ilnit555@mail.ru',1,'2011-09-27 04:27:57',50,0,1,1,0,1,0,4,1,'г.Челябинск',904,'9720419',909,'0905512',1,0,1578678372,'0000-00-00'),(1189,0,'Иванов','Вячеслав','Владимирович','','0000-00-00','','1',1,'','','','0000-00-00','','ivanov.slava@mail.ru',1,'2011-09-27 15:27:59',0,0,0,0,0,0,0,1,0,'',0,NULL,0,NULL,1,0,1504665128,'0000-00-00'),(1190,0,'Йорха','Хакаева','','','0000-00-00','','1',1,'','','','0000-00-00','','yhy@yandex.ru',1,'2011-09-28 07:00:22',0,0,0,0,0,0,0,1,0,'',0,NULL,0,NULL,1,0,1598562337,'0000-00-00'),(1191,0,'Журавлев','Андрей','Александрович','','0000-00-00','','1',1,'','','','0000-00-00','','azhuravlev1@gmail.com',1,'2011-09-28 09:12:41',0,0,0,0,0,0,0,1,0,'',0,NULL,0,NULL,1,0,1844055909,'0000-00-00'),(1192,0,'Мазин','Владимир','Николаевич','','1977-11-29','M','Российская Федерация',1,'2902','427446','перемышельский ОВД калужской области','2002-05-16','402-021','mazinvn@mail.ru',1,'2011-09-28 15:49:25',45,0,1,1,0,1,0,3,2,'калужская область перемышельский район. д. еловка',910,'7085462',910,'7085462',1,0,3579283621,'0000-00-00'),(1193,0,'Савина','Мария ','Сергеевна','','0000-00-00','','1',1,'','','','0000-00-00','','afekc@mail.ru',1,'2011-09-28 18:06:17',0,0,0,0,0,0,0,1,0,'',0,NULL,0,NULL,1,0,788076770,'0000-00-00'),(1194,0,'Медведева','Ирина','Викторовна','','1981-05-16','F','Российская Федерация',1,'0103','460448','Ровд Краснощековского р-на Алтайского края','2001-01-12','222-021','9609404448@mail.ru',2,'2011-09-29 01:33:53',53,0,1,0,0,1,0,4,2,'с.Новошипуново Краснощековского р-на',903,'9488853',960,'9404448',1,0,1042388973,'0000-00-00'),(1195,6658,'Пустохин','Александр','Евгеньевич','','1979-02-09','M','Российская Федерация',1,'1902','730670','Кич-Городецким РОВД Вологодской области','2002-12-15','','kich_alex654@mail.ru',1,'2011-09-29 10:29:55',45,0,1,0,0,1,1,4,2,'д. Горетово Можайского р-на Московской области',921,'1400904',921,'1400904',1,0,1402274364,'0000-00-00'),(1196,0,'Чащин','Игорь','Константинович','','1969-01-27','M','Российская Федерация',1,'4608','661781','отдел УФМС РФ по Московской области в Солнечногорском районе','2009-09-19','500-158','starichok69@mail.ru',1,'2011-09-29 11:43:04',47,0,1,1,0,1,0,4,2,'пос. Полысаево гор. Ленинск-Кузнецкий Кемеровской области',905,'7514520',905,'7514520',1,0,1402276125,'0000-00-00'),(1197,0,'Старчилова','Кристина','Михайловна','','0000-00-00','','1',1,'','','','0000-00-00','','sexyvredina@ya.ru',1,'2011-09-29 15:05:22',0,0,0,0,0,0,0,1,0,'',0,NULL,0,NULL,1,0,1603964726,'0000-00-00'),(1198,0,'Федотов-Любомирский','Алексей','Анатольевич','','1989-12-05','M','Российская Федерация',1,'1909','673388','Отделением УФМС России по Вологодской области в Череповецком районе','2010-05-26','350-028','flaayeri@gmail.com',1,'2011-09-29 19:39:33',45,0,1,1,0,1,0,3,1,'дер. Аксёново Череповецкого района Вологодской области',8202,'695211',953,'5057263',1,0,1550157103,'0000-00-00'),(1199,0,'Иванов','Иван','Петрович','','0000-00-00','','1',1,'','','','0000-00-00','','mea@iandex.ru',1,'2011-09-30 12:07:22',0,0,0,0,0,0,0,1,0,'',0,NULL,0,NULL,1,0,1604249631,'0000-00-00'),(1200,0,'Курганюк','Дарья','Валентиновна','','0000-00-00','','1',1,'','','','0000-00-00','','seksssi@mail.ru',1,'2011-10-01 07:54:21',0,0,0,0,0,0,0,1,0,'',0,NULL,0,NULL,1,0,1604294393,'0000-00-00'),(1201,0,'Иванов','Алексей','Александрович','','1986-05-04','M','Российская Федерация',1,'4608','032623','ТП в гор. Красногорске ОУФМС России по МО в Красногорском р-не','2008-02-13','500-059','zoblin@inbox.ru',1,'2011-10-02 08:22:06',46,0,1,1,0,1,1,4,2,'Московская обл., г.Красногорск',495,'5641493',985,'4248393',3,0,1336172236,'0000-00-00'),(1202,0,'Холод','Анастасия','Федоровна','','0000-00-00','','1',1,'','','','0000-00-00','','asja2706@mail.ru',1,'2011-10-02 13:23:04',0,0,0,0,0,0,0,1,0,'',0,NULL,0,NULL,1,0,1608344247,'0000-00-00'),(1203,0,'Бондарь','Владислав','Владимирович','','1992-07-19','M','Российская Федерация',1,'4007','063843','73 отделением милиции фрунзенского р-на','2006-11-24','','dell-design@bk.ru',1,'2011-10-02 15:25:00',1,0,1,0,0,1,0,4,2,'Лен.область, г.Тихвин',0,'0000000',952,'2445650',1,0,3162907929,'0000-00-00'),(1204,0,'Летовальцев','Алексей','Андреевич','','1984-12-15','M','Российская Федерация',1,'6505','678663','ОМ РУВД  Ленинского района г. Екатеринбурга','2004-10-11','','Alexey.Letovalzev@gmail.com',1,'2011-10-03 08:56:52',3,0,1,0,0,1,0,4,2,'г. Екатеринбург',922,'1731256',912,'6259593',1,0,3582864157,'0000-00-00'),(1205,0,'Плоскодняк','Елена','Васильевна','','1965-01-26','F','Российская Федерация',1,'8710','418245','ОУФМС в г.Воркуте','2010-05-11','110-003','Pullena-07@yandex.ru',1,'2011-10-03 19:19:43',45,0,1,1,0,1,0,3,1,'г.Воркута, Республика У',82151,'64908',922,'2731716',1,0,1402282850,'0000-00-00'),(1206,0,'Медведева','Ирина','Викторовна','','0000-00-00','','1',1,'','','','0000-00-00','','89609404448@mail.ru',1,'2011-10-04 07:18:22',0,0,0,0,0,0,0,1,0,'',0,NULL,0,NULL,1,0,3648409362,'0000-00-00'),(1207,0,'Герзмава','Наталья','Вадимовна','','0000-00-00','','1',1,'','','','0000-00-00','','gerzmava.nat@yandex.ru',1,'2011-10-05 04:21:29',0,0,0,0,0,0,0,1,0,'',0,NULL,0,NULL,1,0,3277571451,'0000-00-00'),(1208,6785,'Лебедева ','Анна','Алексеевна','','1989-02-07','F','Российская Федерация',1,'5608','843181','ОУФМС России по Пензенской области в Каменском районе','2009-02-13','580-005','anyta2009.89@mail.ru',1,'2011-10-05 08:02:03',47,5,1,1,0,1,1,4,1,'г.Ташкент,Узбекская ССР',495,'6891922',926,'7595411',3,0,1334788794,'0000-00-00'),(1209,0,'Энеев','Дмитрий','Александрович','','0000-00-00','','1',1,'','','','0000-00-00','','aneo85@mail.ru',1,'2011-10-05 11:51:33',0,0,0,0,0,0,0,1,0,'',0,NULL,0,NULL,1,0,1435343271,'0000-00-00'),(1210,0,'Сидельников ','Сергей ','Юрьевич','','1973-10-02','M','Казахстан',1,'020','534712','МЮ РК','2007-05-21','','sidelnikovs@rambler.ru',1,'2011-10-06 04:17:26',11,0,1,1,0,1,0,4,4,'РК г. Новый Узень',7292,'504333',701,'1443772',1,1,1307927074,'0000-00-00'),(1211,0,'Стариков','Александр','Михайлович','','0000-00-00','','1',1,'','','','0000-00-00','','fly-68@mail.ru',1,'2011-10-07 04:46:06',0,0,0,0,0,0,0,1,0,'',0,NULL,0,NULL,1,0,1311010614,'0000-00-00'),(1212,0,'Орешникова','Светлана','Константиновна','','1979-01-14','F','Российская Федерация',1,'2503','157447','ОВД Усольского района Иркутской области','2002-07-08','382-023','svetl-79@mail.ru',1,'2011-10-07 16:32:50',18,0,1,0,0,1,0,4,2,'город Южно-Сахалинск, Сахалинской области',4912,'371997',910,'5056736',1,0,1500169510,'0000-00-00'),(1213,0,'Спинова','Яна','Александровна','','1979-05-04','F','Российская Федерация',1,'7102','818027','ОПВС УВД г.Тобольска Тюменской области','2003-01-27','722-020','buh@toyoya89.ru',2,'2011-10-08 03:38:00',18,0,1,0,0,1,0,4,1,'п.Менделеево г.Тобольска Тюменской области',922,'0902575',922,'0902575',1,1,3160289802,'0000-00-00'),(1214,0,'Вдовин','Виктор','Анатольевич','','1989-01-27','M','Российская Федерация',1,'4608','596661','отделом УФМС РФ по м.о. в Домодедовском р.','2008-03-17','500-023','Vidzya@mail.ru',1,'2011-10-08 07:40:36',46,0,1,0,0,1,1,4,2,'м.о',906,'7948382',906,'7948382',1,0,1565555292,'0000-00-00'),(1215,0,'Anar','Mamedv','Vuqdat','','0000-00-00','','1',1,'','','','0000-00-00','','anar-0988@mail.ru',1,'2011-10-08 11:49:45',0,0,0,0,0,0,0,1,0,'',0,NULL,0,NULL,1,0,1566072325,'0000-00-00'),(1216,0,'Киселев','Евгений','Владимирович','','1992-12-20','M','Российская Федерация',1,'2906','168782','ОВД Октябрьского округа г.Калуга','2007-01-24','','evgeniy_kisa@mail.ru',1,'2011-10-08 21:02:58',45,0,1,1,0,1,0,4,1,'г.Калуга',4842,'522300',964,'1491330',1,0,1315629254,'0000-00-00'),(1217,0,'Трусов','Григорий','','','0000-00-00','','1',1,'','','','0000-00-00','','ringbel@mail.ru',1,'2011-10-10 18:39:49',0,0,0,0,0,0,0,1,0,'',0,NULL,0,NULL,1,0,3162385961,'0000-00-00'),(1218,0,'Зайцев','Александр','Сергеевич','','0000-00-00','','1',1,'','','','0000-00-00','','alexandr-z18@rambler.ru',1,'2011-10-10 18:40:22',0,0,0,0,0,0,0,1,0,'',0,NULL,0,NULL,1,0,3158345718,'0000-00-00'),(1219,0,'Фомин','Сергей','Сергеевич','','0000-00-00','','1',1,'','','','0000-00-00','','Fominss@inbox.ru',1,'2011-10-10 19:31:34',0,0,0,0,0,0,0,1,0,'',0,NULL,0,NULL,1,0,3645018635,'0000-00-00'),(1220,0,'Джиоева','Кристина','Георгиевна','','0000-00-00','','1',1,'','','','0000-00-00','','linkkristina@rambler.ru',1,'2011-10-11 01:00:16',0,0,0,0,0,0,0,1,0,'',0,NULL,0,NULL,1,0,1606313082,'0000-00-00'),(1221,0,'Астахов','Виктор','Валериевич','','0000-00-00','','1',1,'','','','0000-00-00','','sendves@rambler.ru',1,'2011-10-11 01:32:11',0,0,0,0,0,0,0,1,0,'',0,NULL,0,NULL,1,0,1578953414,'0000-00-00'),(1222,0,'Парамонова ','Вероника ','Валерьевна','','1984-10-02','F','Российская Федерация',1,'2708','170965','УФМС России по КАЛИНИНГРАДСКОЙ.ОБЛ.','2008-06-26','390-019','nika021084@rambler.ru',2,'2011-10-11 06:57:53',47,0,1,1,1,1,0,3,2,'Казахстан',952,'7952555',952,'7952555',1,0,1406901191,'0000-00-00'),(1223,0,'Довлетова','Мая','','','1976-05-28','F','Туркменистан',1,'1','060252','ОП Байрамалийского этрапа','1999-11-11','','mayadovletova@yahoo.com',1,'2011-10-11 06:59:06',0,0,0,0,0,0,0,2,4,'г.Байрамали',99312,'940719',365,'880906',1,1,3652117986,'0000-00-00'),(1224,0,'Лебедев','Сергей','Борисович','','0000-00-00','','1',1,'','','','0000-00-00','','znatok6262@mail.ru',1,'2011-10-12 05:19:58',0,0,0,0,0,0,0,1,0,'',0,NULL,0,NULL,1,0,1842216493,'0000-00-00'),(1225,0,'Васильева','Наталия','Викторовна','','1978-05-29','F','Российская Федерация',1,'5402','388215','Малоархангельским РОВД Орловской области','2002-09-22','','natv@list.ru',1,'2011-10-13 08:44:54',3,0,1,0,0,1,0,4,1,'г. Малоархангельск Орловской обл.',916,'6973990',916,'6973990',1,1,3559724643,'0000-00-00'),(1226,0,'Перегудов','Алексей','Алексеевич','','0000-00-00','','1',1,'','','','0000-00-00','','164354@mail.ru',1,'2011-10-13 10:56:36',0,0,0,0,0,0,0,1,0,'',0,NULL,0,NULL,1,0,1508612486,'0000-00-00'),(1227,0,'Гордеев','Николай','Николаевич','','1981-04-30','M','Российская Федерация',1,'4603','947149','Нахабинским О.М. Красногорского УВД М.О.','2002-12-07','503-040','hyuga@pisem.net',1,'2011-10-13 11:04:34',4,0,1,1,0,1,0,4,1,'пос.Нахабино Красногорского района М.О.',495,'5667897',926,'7176940',1,0,1565569800,'0000-00-00'),(1228,0,'Пачин','Евгений','','','0000-00-00','','1',1,'','','','0000-00-00','','john2048@yandex.ru',1,'2011-10-14 20:15:59',0,0,0,0,0,0,0,1,0,'',0,NULL,0,NULL,1,0,3645020210,'0000-00-00'),(1229,0,'Гонтовой','Игорь','Вячеславович','','1973-04-19','M','Российская Федерация',1,'9802','410303','Нерюнгринским ГУВД РС (Якутия)','2002-09-26','','gontovoy2011@mail.ru',1,'2011-10-15 21:57:09',53,0,1,0,0,1,0,3,1,'Калининград',924,'1602672',924,'1602672',1,0,1334133952,'0000-00-00'),(1230,0,'Маратканова','Анна','Дмитриевна','','0000-00-00','','1',1,'','','','0000-00-00','','www.maratkanova.anna@yandex.ru',1,'2011-10-16 17:34:33',0,0,0,0,0,0,0,1,0,'',0,NULL,0,NULL,1,0,1385288367,'0000-00-00'),(1231,0,'Дьяков ','Андрей','Юрьевич','','1967-07-09','M','Российская Федерация',1,'4603','419613','Реутовским ГОВД','2002-08-13','502-052','silaichik2@mail.ru',1,'2011-10-17 07:20:25',53,0,1,0,0,1,0,3,1,'с. Лаптев-Лог Угловского района, Алтайского края',495,'7570035',916,'1783160',1,0,3277872703,'0000-00-00'),(1232,0,'Иванов','Александр','Сергеевич','','1973-01-07','M','Российская Федерация',1,'7106','476284','УВД Калининского АО г.Тюмени','2007-03-30','722-022','Alex204914@mail.ru',1,'2011-10-17 08:13:37',45,0,1,1,0,1,0,4,1,'г.Тюмень',8922,'0089948',922,'0089948',1,1,3166344516,'0000-00-00'),(1233,0,'Черемных','Екатерина','Александровна','','0000-00-00','','1',1,'','','','0000-00-00','','ceremnyh.ekaterina@mail.ru',1,'2011-10-17 08:38:14',0,0,0,0,0,0,0,1,0,'',0,NULL,0,NULL,1,0,3155168770,'0000-00-00'),(1234,0,'Кояков','Сергей','Алексеевич','','1979-01-28','M','Российская Федерация',1,'2903','851849','ОВД Малоярославецкого района Калужской области','2003-10-16','402-017','sergei.koyakov@yandex.ru',1,'2011-10-17 13:00:23',53,0,1,0,0,1,0,4,1,'гор.Потсдам ГДР',48431,'26851',919,'0356765',1,0,3563728589,'0000-00-00'),(1235,0,'Велижанин','Сергей','Николаевич','','0000-00-00','','1',1,'','','','0000-00-00','','Sergey.Velizhanin@gmail.com',1,'2011-10-18 09:59:15',0,0,0,0,0,0,0,1,0,'',0,NULL,0,NULL,1,0,1540040053,'0000-00-00'),(1237,0,'Курбанов','Ниджат','','','0000-00-00','','1',1,'','','','0000-00-00','','reaw_nicat@mail.ru',1,'2011-10-19 07:42:13',0,0,0,0,0,0,0,1,0,'',0,NULL,0,NULL,1,0,3001894084,'0000-00-00'),(1238,6712,'Шафиев ','Гасан','Малик','','1969-10-07','M','Российская Федерация',1,'4','048920','Хатаинский районный паспортный отделение г.Баку','2005-10-23','','tesla@box.az',1,'2011-10-19 08:05:15',45,0,1,1,1,1,1,4,2,'г.Баку',99412,'3711377',70,'3364172',3,0,531306906,'0000-00-00'),(1239,0,'Антипина','Анастасия','Александровна','','0000-00-00','','1',1,'','','','0000-00-00','','Nastya.ru-19921992@mail.ru',1,'2011-10-20 04:24:37',0,0,0,0,0,0,0,1,0,'',0,NULL,0,NULL,1,0,1433662248,'0000-00-00'),(1240,0,'Файзулина','Оксана','Сергеевна','','0000-00-00','','1',1,'','','','0000-00-00','','fai-oksaha@mail.ru',1,'2011-10-20 05:15:35',0,0,0,0,0,0,0,1,0,'',0,NULL,0,NULL,1,0,530765909,'0000-00-00'),(1241,0,'Литвинова','Светлана','Владимировна','','1983-05-23','F','Российская Федерация',1,'0307','684449','УФМС г. Анапа','2007-11-21','230-020','litvinova020@yandex.ru',1,'2011-10-20 10:51:21',47,0,1,1,0,1,0,4,1,'ст. Благовещенская',988,'3135501',918,'4846092',1,0,521099335,'0000-00-00'),(1242,0,'Пенкин','Андрей','Николаевич','','1984-08-31','M','Российская Федерация',1,'6111','692711','Отделением УФМС России по рязанской области в клепиковском районе','2011-07-07','620-005','penkandr@yandex.ru',1,'2011-10-20 20:32:11',45,0,1,1,0,1,0,3,1,'село Криуша Клепиковского района Рязанской области',0,'000000',910,'6451738',1,0,1600783441,'0000-00-00'),(1243,0,'Ларков','Евгений ','Владимирович','','1989-07-13','M','Российская Федерация',1,'3209','757972','уфмс россии по кемеровской области','2008-08-31','','larkov1989@mail.ru',1,'2011-10-21 06:15:15',45,0,1,1,0,1,0,4,4,'Кемеровская область  г.Юрга',951,'1821932',951,'1821932',1,0,783597030,'0000-00-00'),(1244,0,'Остапчук','Виталий','Васильевич','','0000-00-00','M','Российская Федерация',1,'4606','119473','УВД г. Балашиха','0000-00-00','503 001','ostapchukvv@km.ru',1,'2011-10-21 13:06:37',45,0,1,1,0,1,0,4,4,'г.Мирный Якутия',0,'',924,'3632551',1,0,3162506186,'0000-00-00'),(1245,0,'Самородов','Павел','Николаевич','','0000-00-00','','1',1,'','','','0000-00-00','','sapavel@yandex.ru',1,'2011-10-21 21:18:49',0,0,0,0,0,0,0,1,0,'',0,NULL,0,NULL,1,0,2953739536,'0000-00-00'),(1246,0,'Пилипенко','Денис','Витальевич','','0000-00-00','','1',1,'','','','0000-00-00','','mydinic@list.ru',1,'2011-10-22 08:27:52',0,0,0,0,0,0,0,1,0,'',0,NULL,0,NULL,1,0,3584571699,'0000-00-00'),(1247,0,'Козарь','Константин','Владимирович','','1982-04-06','M','Российская Федерация',1,'7704','057445','ОВД Анадырского района','2004-09-27','','kkv841@rambler.ru',1,'2011-10-23 13:05:36',0,0,0,0,0,0,0,2,2,'Краснодарский край г. Ейск',42732,'55126',924,'6655673',1,0,1604820211,'0000-00-00'),(1248,0,'Беклемышева','Екатерина','Александровна','','0000-00-00','','1',1,'','','','0000-00-00','','bekl@yandex.ru',1,'2011-10-24 09:36:02',0,0,0,0,0,0,0,1,0,'',0,NULL,0,NULL,1,0,3579268193,'0000-00-00'),(1249,0,'Овчинников ','Антон','Сергеевич','','0000-00-00','','1',1,'','','','0000-00-00','','antoska71@mail.ru',1,'2011-10-24 10:06:06',0,0,0,0,0,0,0,1,0,'',0,NULL,0,NULL,1,0,1531848245,'0000-00-00'),(1250,0,'Мигунов','Станислав','Андреевич','','0000-00-00','','1',1,'','','','0000-00-00','','stanislav83@inbox.ru',1,'2011-10-25 07:23:12',0,0,0,0,0,0,0,1,0,'',0,NULL,0,NULL,1,0,3564626205,'0000-00-00'),(1251,0,'Руцкая','Лариса','','','0000-00-00','','1',1,'','','','0000-00-00','','larisagovorova@mail.ru',1,'2011-10-25 07:30:59',0,0,0,0,0,0,0,1,0,'',0,NULL,0,NULL,1,0,2989265548,'0000-00-00'),(1252,0,'Конончук','Янина','Евгеньевна','','0000-00-00','','1',1,'','','','0000-00-00','','kendra25@list.ru',1,'2011-10-25 11:34:05',0,0,0,0,0,0,0,1,0,'',0,NULL,0,NULL,1,0,1540167948,'0000-00-00'),(1254,0,'Демидова','Наталья ','Александровна','','1989-05-29','F','Российская Федерация',1,'7808','709918','отделением УФМС России по Ярославской области в Ярославском районе','2009-06-25','760-023','smailetata@mail.ru',1,'2011-10-25 18:50:07',0,0,0,0,0,0,0,2,1,'г. Ярославль',962,'9022013',962,'9022013',1,0,2953724309,'0000-00-00'),(1255,0,'Кандинская ','Елена ','Владимировна','','1981-11-22','F','Российская Федерация',1,'9803','678988','Булунским РОВД,Республики Саха(Якутия)','2004-03-12','','kelena2211@mail.ru',1,'2011-10-26 02:14:24',11,0,1,0,0,1,0,4,1,'Республика Саха(Якутия) Булунский улус н.Кюсюр',8411,'23316',924,'5637267',1,0,1427829150,'0000-00-00'),(1257,0,'Бандурин','Андрей','Викторович','','1977-10-31','M','Российская Федерация',1,'0104','225601','ТОМ Ленинского района','2003-11-25','','band.andrey@yandex.ru',1,'2011-10-26 10:25:53',45,0,1,0,0,1,0,3,1,'Барнаул',3852,'487732',983,'3814533',1,0,1592164109,'0000-00-00'),(1258,0,'Абсалямова','Рузиля','Рахимчановна','','1973-01-23','F','Российская Федерация',1,'7110','803975','МО УФМС России по тюменской области в городе тобольске','2010-09-21','','absalyamova90@mail.ru',2,'2011-10-27 03:59:48',0,0,0,0,0,0,0,2,2,'Дер.Тоболтура Тобольского района Тюменской области',3456,'334288',922,'0555932',1,1,1357902815,'0000-00-00'),(1259,6742,'Когай','Валерия','Евгеньевна','','1981-06-19','F','Узбекистан',1,'СА','2273913','Овд Миробадского района города Ташкент','2006-07-11','','sujun@mail.ru',1,'2011-10-27 06:10:34',50,0,1,1,0,1,1,4,1,'Ташкент',903,'1340138',903,'1340138',3,0,1559475579,'0000-00-00'),(1260,0,'Майорова','Анна','Михайловна','','1973-01-19','F','Российская Федерация',1,'3200','030600','кемеровским говд','2001-01-19','','ab_maj@mail.ru',1,'2011-10-27 06:53:18',17,0,1,0,0,1,0,4,1,'кемерово',908,'9523530',908,'9523530',1,0,1593512232,'0000-00-00'),(1261,0,'Ионов','Даниил','Юрьевич','','0000-00-00','','1',1,'','','','0000-00-00','','danila21@inbox.ru',1,'2011-10-27 18:00:57',0,0,0,0,0,0,0,1,0,'',0,NULL,0,NULL,1,0,1385288467,'0000-00-00'),(1262,0,'Сенькова','Елена','Игоревна','','1985-01-04','F','Российская Федерация',1,'7104','237570','УВД Ленинского АО г.Тюмени','2005-02-10','722-001','elena_senkova20@yahoo.com',1,'2011-10-28 06:35:18',45,0,2,1,0,1,1,3,4,'г. Тюмень',3452,'361526',912,'3836591',1,1,3648273370,'0000-00-00'),(1263,0,'Загваздина','Полина','Александровна','','0000-00-00','','1',1,'','','','0000-00-00','','gvozd.1989@mail.ru',1,'2011-10-28 06:38:46',0,0,0,0,0,0,0,1,0,'',0,NULL,0,NULL,1,0,1519862034,'0000-00-00'),(1264,0,'Снеговской','Денис','','','0000-00-00','','1',1,'','','','0000-00-00','','st.nicopol@gmail.com',1,'2011-10-28 08:32:41',0,0,0,0,0,0,0,1,0,'',0,NULL,0,NULL,1,0,1595709198,'0000-00-00'),(1265,0,'Казеичев','Никита','','','0000-00-00','','1',1,'','','','0000-00-00','','kazeichev@yandex.ru',1,'2011-10-28 20:25:02',0,0,0,0,0,0,0,1,0,'',0,NULL,0,NULL,1,0,1593649054,'0000-00-00'),(1266,0,'Скиба','Евгений','Константинович','','0000-00-00','','1',1,'','','','0000-00-00','','skiba1986@mail.ru',1,'2011-10-29 17:58:13',0,0,0,0,0,0,0,1,0,'',0,NULL,0,NULL,1,0,1592190579,'0000-00-00'),(1268,0,'Пинчук','Полина','Сергеевна','','1973-07-13','F','Российская Федерация',1,'0309','020841','УФМС по Краснодарскому краю в Адлерском р-не','2009-02-07','230-008','polin_pinhuk@mail.ru',1,'2011-10-30 17:59:29',50,0,1,1,0,1,0,3,4,'Белорусской ССР',375,'296403878',375,'3360452',1,0,2994302317,'0000-00-00'),(1269,0,'Урманова','Анна','Анатольевна','','1985-12-12','F','Российская Федерация',1,'1009','160160','ОУФМС России по Амурской области в Магдагачинском районе','2009-12-15','280-012','dactu@mail.ru',2,'2011-10-31 04:41:04',50,0,1,1,0,1,0,3,1,'Амурская область, Магдагачинский район, с.Дактуй',416,'5397045',961,'9509448',1,0,1347678067,'0000-00-00'),(1270,0,'Беляева','Светлана','Викторовна','','1985-06-17','F','Российская Федерация',1,'0705','598184','ОВД Новоселицкого района Ставропольского края','2005-08-24','262-024','fifa7171@mail.ru',1,'2011-10-31 10:40:15',45,0,3,1,0,1,1,4,1,'Ставропольский кр. с.Новоселицкое',906,'2565232',906,'2565232',1,1,1841519323,'0000-00-00'),(1271,0,'Березуцкий','Вадим','Леонидович','','1995-06-06','M','Российская Федерация',1,'132','758964','МЮ РК','2011-11-01','','kmb94@mail.ru',1,'2011-11-02 16:05:08',45,0,1,1,0,1,0,4,4,'РК',7182,'640117',775,'2243880',1,0,1425078426,'0000-00-00'),(1272,0,'Жирихин','Дмитрий','Александрович','','0000-00-00','','1',1,'','','','0000-00-00','','xcs@list.ru',1,'2011-11-03 07:28:46',0,0,0,0,0,0,0,1,0,'',0,NULL,0,NULL,1,0,3642087463,'0000-00-00'),(1273,0,'Приймак','Галина','Анатольевна','','1981-02-20','F','Российская Федерация',1,'0706','759858','ОВД Кочубеевского р-на Ставропольского края','2006-06-27','','priymakgalina@rambler.ru',1,'2011-11-03 17:23:54',47,0,1,1,0,1,0,3,1,'Нефтеюганск',48741,'66826',953,'9683008',1,0,1402285886,'0000-00-00'),(1274,0,'Фенева','Анна','Юрьевна','','0000-00-00','','1',1,'','','','0000-00-00','','Nuta22@yandex.ru',1,'2011-11-04 18:50:26',0,0,0,0,0,0,0,1,0,'',0,NULL,0,NULL,1,0,1435346672,'0000-00-00'),(1275,0,'Молугов','Константин','Юрьевич','','1973-01-16','M','Российская Федерация',1,'6005','247532','овд боковского района','2005-05-18','','molugov@mail.ru',1,'2011-11-06 07:11:36',45,0,1,1,0,1,0,4,1,'станица боковская',918,'5848437',918,'5848437',1,0,1844038994,'0000-00-00'),(1276,6752,'Смирнов','Никита','Владимирович','','1982-12-23','M','Российская Федерация',1,'4606','901049','УВД Балашихинского района Московской области','2005-06-23','503-002','namtort@gmail.com',1,'2011-11-07 07:53:27',45,0,1,1,0,1,1,4,4,'Мурманск',495,'5553404',926,'6666732',3,0,1045309952,'0000-00-00'),(1277,0,'Гузычев','Александр','Сергеевич','','1984-07-13','M','Российская Федерация',1,'6704','345496','Пойковским ПОМ','2004-08-27','863-003','jblack18@mail.ru',1,'2011-11-07 21:51:07',47,0,2,1,0,1,0,4,1,'п. Пойковский',982,'5549843',982,'5519727',1,1,1580361746,'0000-00-00'),(1278,0,'Агамирова','Миная','Маммедгусейн','','0000-00-00','','1',1,'','','','0000-00-00','','nnovruzbekova@mail.ru',1,'2011-11-10 12:41:24',0,0,0,0,0,0,0,1,0,'',0,NULL,0,NULL,1,0,1837047854,'0000-00-00'),(1279,0,'Чернуцкий','Александр','Александрович','','0000-00-00','','1',1,'','','','0000-00-00','','sanek21121982@mail.ru',1,'2011-11-11 06:57:08',0,0,0,0,0,0,0,1,0,'',0,NULL,0,NULL,1,0,39691586,'0000-00-00'),(1280,0,'Грибенко','Татьяна ','Петровна','','0000-00-00','','1',1,'','','','0000-00-00','','t-gribenko@mail.ru',1,'2011-11-11 09:56:57',0,0,0,0,0,0,0,1,0,'',0,NULL,0,NULL,1,0,2991379630,'0000-00-00'),(1281,0,'Парахневич','Дмитрий','Николаевич','','0000-00-00','','1',1,'','','','0000-00-00','','longdozen@yandex.ru',1,'2011-11-12 17:31:38',0,0,0,0,0,0,0,1,0,'',0,NULL,0,NULL,1,0,1565892695,'0000-00-00'),(1282,0,'Иващенко','Евгений','Михайлович','','1989-10-20','M','Российская Федерация',1,'0410','999016','Отделением УФМС России по Красноярскому краю в Таймырском муниципальном районе','2001-02-03','','ivaszhenya@yandex.ru',1,'2011-11-14 03:47:18',47,0,1,0,0,1,1,4,1,'Красноярский край, г. Дудинка',39111,'50477',950,'9684052',1,0,1373533983,'0000-00-00'),(1283,0,'Назарова','Адолат','Ровшановна','','1990-12-12','M','Российская Федерация',1,'12','2396991','Город Ташкент, Хамзинский район ИИБ','2007-05-26','','n_a_r@mail.ru',1,'2011-11-14 23:56:28',18,0,1,0,0,1,0,4,1,'Ташкент',99871,'2221666',99893,'5451323',1,0,1385287770,'0000-00-00'),(1284,0,'Ващенко','Олеся','Владимировна','','0000-00-00','','1',1,'','','','0000-00-00','','679813@rambler.ru',1,'2011-11-15 03:34:04',0,0,0,0,0,0,0,1,0,'',0,NULL,0,NULL,1,0,1519877077,'0000-00-00'),(1285,0,'Харченко','Светлана','Евгеньевна','','0000-00-00','','1',1,'','','','0000-00-00','','crazy1207@mail.ru',1,'2011-11-15 06:19:45',0,0,0,0,0,0,0,1,0,'',0,NULL,0,NULL,1,0,1598645813,'0000-00-00'),(1286,0,'Расулов','Джахангир','Салахиддинович','','0000-00-00','','1',1,'','','','0000-00-00','','djahon@list.ru',1,'2011-11-15 17:00:35',0,0,0,0,0,0,0,1,0,'',0,NULL,0,NULL,1,0,1385289796,'0000-00-00'),(1287,0,'Шляпников','Михаил','Александрович','','0000-00-00','','1',1,'','','','0000-00-00','','mshlyapnikov@gmail.com',1,'2011-11-15 18:47:12',0,0,0,0,0,0,0,1,0,'',0,NULL,0,NULL,1,0,774513628,'0000-00-00'),(1288,0,'Евдокимов','Максим','Юрьевич','','1981-04-09','M','Российская Федерация',1,'5003','857887','УВД Ленинского района г.Новосибирска','2003-04-18','542-006','max-999@bk.ru',1,'2011-11-17 06:50:53',0,0,0,0,0,0,0,2,1,'г. Павлодар',383,'2073118',923,'1200020',1,1,1332269090,'0000-00-00'),(1289,0,'Сергеева','Валентина','Николаевна','','1990-06-15','F','Российская Федерация',1,'4542','223242','fdnjsdmksll;kl;ksank','2001-01-10','630-838','walia19@mail.ru',1,'2011-11-17 08:30:28',47,0,1,1,0,1,0,4,2,'dfhjyujuk',43657,'65767676',767,'5665676',1,0,3648238118,'0000-00-00'),(1290,0,'Гаджиев','Магомедрасул','Аммацыевич','','1970-02-10','M','Российская Федерация',1,'8203','672474','Дербентским ГОВД респ. Дагестан','2004-04-19','052-004','ammaci@mail.ru',1,'2011-11-17 09:10:37',53,0,1,0,0,1,0,3,1,'г. Дербент респ. Дагестан',48437,'53638',962,'1755396',1,0,1843477841,'0000-00-00'),(1291,0,'Кочергин','Иван ','Петрович','','0000-00-00','M','Российская Федерация',1,'4510','697215','отделением по району Рязанский ОУФМС России по городу Москве в ЮВАО','2010-05-18','770-111','ivan.svd@mail.ru',1,'2011-11-17 11:25:58',47,0,1,0,1,1,0,3,2,'город Москва',495,'3717607',926,'6949897',1,0,1608344080,'0000-00-00'),(1292,0,'Меджидов','Фарид','Идрис','','1981-06-09','M','Российская Федерация',1,'000','063524','Полицейское Управление Бинагадинского района','2008-04-25','','mifarid@mail.ru',1,'2011-11-17 18:37:22',45,0,1,1,0,0,1,4,1,'Баку, Азербайджан',99412,'564384',55,'7201144',1,0,1844385930,'0000-00-00'),(1293,0,'Максименко ','Ирина','Анатольевна','','1979-08-21','F','Российская Федерация',1,'0504','071495','УВД Уссурийского района Приморского края','2005-05-23','','irina-210879@yandex.ru',1,'2011-11-19 04:14:13',47,0,1,1,1,1,1,4,2,'с.Воздвженка',0,'000000',908,'9680340',1,0,1410393844,'0000-00-00'),(1294,0,'Шилов','Леонид','Георгиевич','','1968-01-24','M','Российская Федерация',1,'7499','084507','Салехардским ГОВД ЯНАО','2000-04-13','','Shiloff.l@yandex.ru',1,'2011-11-19 13:10:54',53,0,1,0,0,1,0,4,1,'г. Салехард Тюменская. обл.',34922,'42372',961,'5508810',1,0,2989485967,'0000-00-00'),(1297,0,'Рзазаде','Хиджиран','Шакир','','1990-07-18','F','Азербайджан',1,'05','914925','Студентка','2008-02-06','','h.rzayeva@gmail.com',1,'2011-11-19 20:46:53',47,0,1,1,0,1,0,3,1,'Лачин',12,'5619176',55,'8680336',1,0,3642300682,'0000-00-00'),(1298,0,'Лебедев','Евгений','Евгеньевич','','0000-00-00','','1',1,'','','','0000-00-00','','jon-2000@bk.ru',1,'2011-11-20 10:03:47',0,0,0,0,0,0,0,1,0,'',0,NULL,0,NULL,1,0,1295160326,'0000-00-00'),(1299,0,'Хабирова','Светлана','','','0000-00-00','','1',1,'','','','0000-00-00','','skhabirova@rambler.ru',1,'2011-11-20 11:54:48',0,0,0,0,0,0,0,1,0,'',0,NULL,0,NULL,1,0,1457080909,'0000-00-00'),(1300,0,'Иванов','Павел','Валерьевич','','0000-00-00','','1',1,'','','','0000-00-00','','iwanov.pavlik@yandex.ru',1,'2011-11-20 13:45:11',0,0,0,0,0,0,0,1,0,'',0,NULL,0,NULL,1,0,1604241682,'0000-00-00'),(1301,0,'Пивкин','Дмитрий','Сергеевич','','0000-00-00','','1',1,'','','','0000-00-00','','pivkin@spbpost.ru',1,'2011-11-21 07:15:04',0,0,0,0,0,0,0,1,0,'',0,NULL,0,NULL,1,0,1500390450,'0000-00-00'),(1302,0,'Тумасова','Надежда','Алексеевна','','1982-08-30','F','Российская Федерация',1,'2205','649554','3 ОМ УВД г.Дзержинска Нижегородской обл','2006-01-19','522-011','nad-t@bk.ru',2,'2011-11-21 08:03:29',50,1,1,1,0,1,0,4,2,'д.Зубово, Краснобаковского р-на, Горьковской обл',0,'000000',925,'2007453',1,0,1402276006,'0000-00-00'),(1303,0,'Мазунина','Наталья','','','0000-00-00','','1',1,'','','','0000-00-00','','natalja.mazunina@yandex.ru',1,'2011-11-22 17:13:31',0,0,0,0,0,0,0,1,0,'',0,NULL,0,NULL,1,0,1425981973,'0000-00-00'),(1304,0,'Усманова','Аделя ','Хусановна','','0000-00-00','','1',1,'','','','0000-00-00','','Adrus@yandex.ru',1,'2011-11-23 06:28:30',0,0,0,0,0,0,0,1,0,'',0,NULL,0,NULL,1,0,1365238674,'0000-00-00'),(1305,0,'Торопин','Денис','Александрович','','0000-00-00','','1',1,'','','','0000-00-00','','dennis.tor@gmail.com',1,'2011-11-25 00:37:59',0,0,0,0,0,0,0,1,0,'',0,NULL,0,NULL,1,0,1412712865,'0000-00-00'),(1306,0,'Козлов','Валерий','Иванович','','0000-00-00','','1',1,'','','','0000-00-00','','val466@yandex.ru',1,'2011-11-25 13:49:03',0,0,0,0,0,0,0,1,0,'',0,NULL,0,NULL,1,0,1347677484,'0000-00-00'),(1307,0,'Хлынина','Настасья','Александровна','','0000-00-00','','1',1,'','','','0000-00-00','','myata05@list.ru',1,'2011-11-26 15:17:12',0,0,0,0,0,0,0,1,0,'',0,NULL,0,NULL,1,0,3162907103,'0000-00-00'),(1308,0,'Ройдбург','Александр','Семенович','','0000-00-00','','1',1,'','','','0000-00-00','','sani13@list.ru',1,'2011-11-27 07:53:58',0,0,0,0,0,0,0,1,0,'',0,NULL,0,NULL,1,0,1475287816,'0000-00-00'),(1310,6782,'Бондаренко','Галина','Юрьевна','','1985-11-21','F','Российская Федерация',1,'6305','781162','УВД г.Энгельса и Энгельсского района Саратовской области','2005-12-20','642-046','missgluk85@yandex.ru',1,'2011-11-28 12:16:30',50,0,1,1,0,0,1,4,1,'г.Энгельс Саратовская обл.',8453,'546978',967,'2494737',1,0,1595563867,'0000-00-00'),(1311,0,'Бунакова','Светлана','Викторовна','','0000-00-00','','1',1,'','','','0000-00-00','','svetlana.bunackova@yandex.ru',1,'2011-12-02 09:49:22',0,0,0,0,0,0,0,1,0,'',0,NULL,0,NULL,1,0,1402284181,'0000-00-00'),(1312,0,'Дунаев','Андрей','Андреевич','','0000-00-00','','1',1,'','','','0000-00-00','','drakon0099@pos.ru',1,'2011-12-02 15:56:58',0,0,0,0,0,0,0,1,0,'',0,NULL,0,NULL,1,0,1595534983,'0000-00-00'),(1313,0,'Переверзев','Федор','Федорович','','1987-10-28','M','Российская Федерация',1,'4007','360573','ТП 59 отдела УФМС РФ по СПБ и ЛО в Петроградском р-не СПб','2008-01-17','780-059','starosta.sztu@gmail.com',1,'2011-12-02 18:39:33',45,12,1,1,1,1,0,3,2,'г. Ленинград',812,'6426067',964,'3426067',1,0,1839992599,'0000-00-00'),(1314,0,'Бубякин','Михаил','Иннокентьевич','','1969-01-26','M','Российская Федерация',1,'9803','698110','Нижнеколымским ОВД','2003-08-14','142-026','huba_buba_69@mail.ru',1,'2011-12-03 11:37:12',53,14,1,0,0,1,0,3,1,'с.Намцы,Якутской АССР',41157,'23310',924,'8714819',1,0,1593154600,'0000-00-00'),(1315,0,'Беседин','Максим','Сергеевич','','0000-00-00','','1',1,'','','','0000-00-00','','macbes@mail.ru',1,'2011-12-03 12:58:14',0,0,0,0,0,0,0,1,0,'',0,NULL,0,NULL,1,0,1843822764,'0000-00-00'),(1316,0,'Дьяков','Александр','Юрьевич','','1988-01-21','M','Российская Федерация',1,'0107','140345','ТП УФМС России Алтайский край с. Ново егорьевское','2008-02-28','','sahsa_olga@mail.ru',1,'2011-12-07 01:59:13',0,0,0,0,0,0,0,2,1,'Алтайский край с. Ново егорьевское ',923,'7288809',923,'7288809',1,0,1522275941,'0000-00-00'),(1317,0,'Лосевич','Антон','Павлович','','0000-00-00','','Российская Федерация',1,'','','','0000-00-00','','an3o@tut.by',1,'2011-12-08 07:10:33',0,0,0,0,0,0,0,1,0,'',0,NULL,0,NULL,1,0,2994313818,'0000-00-00'),(1318,0,'Носова','Светлана','Викторовна','','0000-00-00','','Российская Федерация',1,'','','','0000-00-00','','Finsternis_85@mail.ru',1,'2011-12-08 09:58:26',0,0,0,0,0,0,0,1,0,'',0,NULL,0,NULL,1,0,1427827602,'0000-00-00'),(1319,0,'Снегирев','Вячеслав','Викторович','','1995-02-08','M','Российская Федерация',1,'4208','541844','Отделением УФМС России по Липецкой области Грязинском районе','2009-04-01','480-007','anubarrak@yandex.ru',1,'2011-12-09 14:31:54',45,12,1,1,0,1,0,3,1,'С. Зубовск, Зыряновского р-на, Восточно-Кахастанской области',82611,'22851',904,'6986389',1,0,3001716967,'0000-00-00'),(1320,0,'Евстигнеев','Владимир','','','0000-00-00','','Российская Федерация',1,'','','','0000-00-00','','Mister.ewstigneew@yandex.ru',1,'2011-12-12 12:46:58',0,0,0,0,0,0,0,1,0,'',0,NULL,0,NULL,1,0,3579282879,'0000-00-00'),(1321,0,'Невский','Александр','','','0000-00-00','','Российская Федерация',1,'','','','0000-00-00','','zenitpiter84@gmail.com',1,'2011-12-12 14:28:56',0,0,0,0,0,0,0,1,0,'',0,NULL,0,NULL,1,0,3162916850,'0000-00-00'),(1322,0,'Цындра','Анатолий','Владимирович','','1984-02-09','M','Российская Федерация',1,'2506','668110','ОВД Слюдянского района Иркутской области','2006-08-29','382-034','tsindra@yandex.ru',1,'2011-12-13 03:11:58',53,14,1,0,0,1,0,3,4,'г.Слюдянка',904,'1534292',952,'6320295',1,0,2956691148,'0000-00-00'),(1323,6767,'Фокин','Дмитрий','Алексеевич','','1976-07-28','M','Российская Федерация',1,'4602','842728','1 ОТДЕЛОМ МИЛИЦИИ РАМЕНСКОГО УВД МОСКОВСКОЙ ОБЛАСТИ','2002-04-19','503-091','dfz@mail.ru',1,'2011-12-13 08:44:45',47,6,1,1,0,0,0,3,1,'ГОР. БРОННИЦЫ РАМЕНСКОГО РАЙОНА МОСКОВСКОЙ ОБЛАСТИ',496,'4636546',926,'6385719',1,1,1446923250,'0000-00-00'),(1324,0,'Чечугин','Сергей','Викторович','','0000-00-00','','Российская Федерация',1,'','','','0000-00-00','','chechugin@gmail.com',1,'2011-12-13 23:59:14',0,0,0,0,0,0,0,1,0,'',0,NULL,0,NULL,1,0,1334599990,'0000-00-00'),(1325,0,'Контарь','Дмитрий','Александрович','','1977-01-01','M','Российская Федерация',1,'6009','637166','уфмс россии по ростовской обл в гор батайске','2010-01-14','610-034','dmkontar@gmail.com',1,'2011-12-14 05:22:12',45,12,1,1,0,1,0,4,1,'россия',86345,'92597',904,'4417849',1,0,1427815165,'0000-00-00'),(1326,0,'Крот','Дарина','Юрьевна','','0000-00-00','','Российская Федерация',1,'','','','0000-00-00','','guesss85@mail.ru',1,'2011-12-14 07:22:45',0,0,0,0,0,0,0,1,0,'',0,NULL,0,NULL,1,0,1598988594,'0000-00-00'),(1327,0,'Ажогин','Михаил','Юрьевич','','0000-00-00','','Российская Федерация',1,'','','','0000-00-00','','ma251983@yandex.ru',1,'2011-12-14 07:45:43',0,0,0,0,0,0,0,1,0,'',0,NULL,0,NULL,1,0,1357902605,'0000-00-00'),(1328,0,'Анищенков','Юрий','Петрович','','0000-00-00','','Российская Федерация',1,'','','','0000-00-00','','anishenkov5@yandex.ru',1,'2011-12-15 03:56:43',0,0,0,0,0,0,0,1,0,'',0,NULL,0,NULL,1,0,1311041215,'0000-00-00'),(1329,0,'Ивницкая','Галина','Анатольевна','','0000-00-00','','Российская Федерация',1,'','','','0000-00-00','','Zvezda-Zvezda296@Rambler.ru',1,'2011-12-15 05:02:17',0,0,0,0,0,0,0,1,0,'',0,NULL,0,NULL,1,0,3155265620,'0000-00-00'),(1330,0,'Шадиев','Юсуп','Исаевич','','0000-00-00','','Российская Федерация',1,'','','','0000-00-00','','gigabit@bk.ru',1,'2011-12-15 06:39:26',0,0,0,0,0,0,0,1,0,'',0,NULL,0,NULL,1,0,3562932329,'0000-00-00'),(1332,0,'Головко','Павел','','','0000-00-00','','Российская Федерация',1,'','','','0000-00-00','','pavel.golovko@gmail.com',1,'2011-12-16 14:50:20',0,0,0,0,0,0,0,1,0,'',0,NULL,0,NULL,1,0,2988696112,'0000-00-00'),(1333,0,'Песляк','Игорь','Константинович','','0000-00-00','','Российская Федерация',1,'','','','0000-00-00','','iproland@gmail.com',1,'2011-12-16 16:08:27',0,0,0,0,0,0,0,1,0,'',0,NULL,0,NULL,1,0,1550187537,'0000-00-00'),(1334,0,'Фурсов','Евгений','Алексеевич','','0000-00-00','','Российская Федерация',1,'','','','0000-00-00','','berezza_87@mail.ru',1,'2011-12-18 16:40:34',0,0,0,0,0,0,0,1,0,'',0,NULL,0,NULL,1,0,1546831338,'0000-00-00'),(1336,0,'Переверзев','Федор','Федорович','','0000-00-00','','Российская Федерация',1,'','','','0000-00-00','','ffpereverzev@mail.ru',1,'2011-12-19 17:48:28',0,0,0,0,0,0,0,1,0,'',0,NULL,0,NULL,1,0,1839992599,'0000-00-00'),(1337,0,'Руденков','Владимир','Николаевич','','1981-02-05','M','Российская Федерация',1,'3002','176309','1 ПО ПВС УВД г. Петропавловска-Камчатского','2002-09-18','','vlad_rud@mail.ru',1,'2011-12-20 22:28:54',45,12,1,1,0,1,1,4,1,'г. Петропавловск-Камчатский',914,'6249376',914,'6249376',1,0,1297243225,'0000-00-00'),(1338,0,'Морев','Сергей','Алексеевич','','1983-05-18','M','Российская Федерация',1,'8711','478230','Отделение УФМС России по Республике Коми в городе Вуктыле','2012-01-26','110-007','morevcerg7@yandex.ru',1,'2011-12-21 09:46:47',3,0,1,0,0,1,0,4,1,'г.Ухта Республика Коми',8821,'4624244',912,'9454434',1,0,1844054478,'0000-00-00'),(1339,0,'Лазарева','Ирина','Григорьевна','','1980-05-06','F','Российская Федерация',1,'2210','558219','УВД г Бор Нижегородской обл','2010-06-19','520-013','ds21-bor@yandex.ru',1,'2011-12-21 10:25:57',50,1,1,1,0,1,0,4,4,'Г. Бор Нижегородской обл',8831,'5960004',920,'0310305',1,0,1840781669,'0000-00-00'),(1340,0,'Храмцов','Семен','Юрьевич','','0000-00-00','','Российская Федерация',1,'','','','0000-00-00','','s1mon_ne@mail.ru',1,'2011-12-21 19:49:04',0,0,0,0,0,0,0,1,0,'',0,NULL,0,NULL,1,0,3168945781,'0000-00-00'),(1341,0,'Сураегина','Екатерина','Олеговна','','1989-05-09','F','Российская Федерация',1,'4008','705092','ТП №26 отд. УФМС России по СПб и Лен.обл. в Кировском р-не г. СПб','2009-06-05','780-026','katyshka_spb@mail.ru',2,'2011-12-22 05:35:05',0,0,0,0,0,0,0,2,1,'Г. Ленинград',812,'3777730',904,'6316778',1,0,3162900311,'0000-00-00'),(1342,0,'Абдулкаримов','Магомедрамазан','Газимагомедович','','0000-00-00','','Российская Федерация',1,'','','','0000-00-00','','veteranVS1205@mail.ru',1,'2011-12-22 21:48:37',0,0,0,0,0,0,0,1,0,'',0,NULL,0,NULL,1,0,3648409882,'0000-00-00'),(1343,6906,'Шарапов','Александр','Сергеевич','','1977-07-04','M','Российская Федерация',1,'4603','549891','ОВД Можайского района МО','2002-10-22','502-013','xxsvoixx@rambler.ru',1,'2011-12-24 08:07:59',45,12,1,1,0,1,1,4,1,'г.Владивосток',8909,'6387875',909,'6387875',3,0,1841656050,'0000-00-00'),(1344,0,'Полудницын','Виталий','Евгеньевич','','0000-00-00','','Российская Федерация',1,'','','','0000-00-00','','smartspams@yandex.ru',1,'2011-12-25 10:06:59',0,0,0,0,0,0,0,1,0,'',0,NULL,0,NULL,1,0,3278955858,'0000-00-00'),(1345,0,'Бутакова','Анастасия','Николаевна','','1991-07-31','F','Российская Федерация',1,'7107','536106','отделом уфмс россии по тюменской обл. в калининском ао города тюмени ','2007-09-07','720-002','ana-butakova@mail.ru',1,'2011-12-26 06:26:59',47,3,1,1,0,1,0,3,1,'Тюмень',922,'0085787',922,'0085787',1,0,3166322966,'0000-00-00'),(1346,0,'Беляева','Светлана','','','0000-00-00','','Российская Федерация',1,'','','','0000-00-00','','azazel7171@gmail.com',1,'2011-12-26 08:18:47',0,0,0,0,0,0,0,1,0,'',0,NULL,0,NULL,1,0,3166376782,'0000-00-00'),(1347,0,'Жагров','Николай','Васильевич','','1987-05-20','M','Российская Федерация',1,'4107','996844','ТП №94 по С-Пб и Лен.обл','2008-01-21','470-010','nikola87.05.1@mail.ru',2,'2011-12-30 10:15:31',53,14,1,0,0,1,0,3,1,'мкр. Черная речка 4/7',812,'9979827',812,'9979847',1,0,1841096896,'0000-00-00'),(1348,0,'Глазков','Илья','Владимирович','','1989-04-10','M','Российская Федерация',1,'8011','329666','Отделом УФМС','2011-06-13','020-022','gym-lance@yandex.ru',1,'2012-01-01 07:02:35',45,12,1,1,0,1,0,3,1,'Салават',961,'3565689',961,'3565689',1,0,2994808097,'0000-00-00'),(1349,0,'Айваседо ','Андрей','Владиславович','','1989-11-27','M','Российская Федерация',1,'7403','374971','отделом внутренних дел Пуровского района ЯНАО','2004-10-06','892-009','aivasedo.andrii@rambler.ru',1,'2012-01-03 08:29:15',53,14,1,0,0,1,0,3,1,'п. Тарко-Сале',73499,'733327',902,'8573147',1,0,1373534551,'0000-00-00'),(1350,0,'Иванов','Иваг','','','0000-00-00','','Российская Федерация',1,'','','','0000-00-00','','Agsf@yandex.ru',1,'2012-01-03 20:34:20',0,0,0,0,0,0,0,1,0,'',0,NULL,0,NULL,1,0,1385288013,'0000-00-00'),(1351,0,'Микаилов','Бахадур','Калбаль','','0000-00-00','','Российская Федерация',1,'','','','0000-00-00','','mikayilov.bahadur@mail.ru',1,'2012-01-04 13:15:38',0,0,0,0,0,0,0,1,0,'',0,NULL,0,NULL,1,0,1578378912,'0000-00-00'),(1352,0,'Акушкина','Малика','Егиталиевна','','0000-00-00','','Российская Федерация',1,'','','','0000-00-00','','akushkina.malika@yandex.ru',1,'2012-01-05 15:50:10',0,0,0,0,0,0,0,1,0,'',0,NULL,0,NULL,1,0,1357902637,'0000-00-00'),(1353,0,'Арефьева','Наталья','','','1980-09-01','F','Российская Федерация',1,'5105','026693','увдкао','2007-01-06','','arefevanatalia1@rambler.ru',2,'2012-01-07 08:09:04',50,1,1,1,0,1,0,3,1,'иркутск',0,'000',896,'1961252',1,0,1297250051,'0000-00-00'),(1354,0,'Прусакова','Виктория','Сергеевна','','0000-00-00','','Российская Федерация',1,'','','','0000-00-00','','Viprusakova@mail.ru',1,'2012-01-07 15:05:46',0,0,0,0,0,0,0,1,0,'',0,NULL,0,NULL,1,0,1593657994,'0000-00-00'),(1355,0,'Прусакова','Виктория','Сергеевна','','1987-04-07','F','Российская Федерация',1,'4607','711360','ТП в гор. Электрогорске ОУФМС России по Московской области в Павлово-Посадском р-не','2007-05-03','500-118','Viprusakova87@mail.ru',1,'2012-01-07 18:47:40',50,1,1,1,0,1,0,3,1,'Г. Электрогорск',496,'4334011',926,'9115377',1,0,1593667197,'0000-00-00'),(1356,0,'Мезенцева','Елена','Викторовна','','1991-10-28','F','Российская Федерация',1,'4611','639114','о-нием по городскому округу ивантеевка межрайонного оуфсм россии по московской области в гор. поселе','2011-11-26','500-133','kycca4@rambler.ru',1,'2012-01-07 20:19:09',47,3,1,1,0,0,0,3,1,'г. ивантеевка московской обл.',496,'5364130',915,'4001673',1,0,1842305261,'0000-00-00'),(1357,0,'Есин','Андрей','','','0000-00-00','','Российская Федерация',1,'','','','0000-00-00','','lastplace@bk.ru',1,'2012-01-08 14:56:14',0,0,0,0,0,0,0,1,0,'',0,NULL,0,NULL,1,0,1608302054,'0000-00-00'),(1358,0,'Седелков','Сергей','Александрович','','0000-00-00','','Российская Федерация',1,'','','','0000-00-00','','Wolf6679@mail.ru',1,'2012-01-09 07:55:06',0,0,0,0,0,0,0,1,0,'',0,NULL,0,NULL,1,0,3155275725,'0000-00-00'),(1359,0,'Жураев ','Кабулжон ','Собирович','','1962-05-29','M','Узбекмстан',1,'00','212528','ОВД Хаджаабадского района','0000-00-00','','sevdos@mail.ru',1,'2012-01-09 09:09:46',45,12,1,1,0,1,0,3,1,'город хаджаабад Андижанская област',74,'2250416',93,'4178601',1,1,1407033481,'0000-00-00'),(1360,0,'Щербаков','Анатолий','Владимирович','','1984-11-06','M','Российская Федерация',1,'1107','553438','отделение уфмс по арх.обл. в онежском районе','2007-12-04','290-022','scherbakov84@yandex.ru',1,'2012-01-09 15:04:31',53,14,1,0,1,1,0,4,2,'Архангельскя область П.Кодино',981,'5583898',981,'5583898',1,0,3645021275,'0000-00-00'),(1361,0,'Цымбалов','Алексей','Анатольевич','','0000-00-00','','Российская Федерация',1,'','','','0000-00-00','','aleck.tsymbaloff@yandex.ru',1,'2012-01-10 08:06:15',0,0,0,0,0,0,0,1,0,'',0,NULL,0,NULL,1,0,1433663507,'0000-00-00'),(1362,6802,'Бобин','Генадий','Петрович','','1975-04-03','M','Российская Федерация',1,'4599','848504','ОВД района Южное Бутово гор. Москвы','1999-08-24','772-077','genady.bobin@gmail.com',1,'2012-01-10 08:17:46',45,12,3,1,0,0,1,4,2,'гор. Москва',0,'0000000',915,'4648081',3,0,1565539756,'0000-00-00'),(1363,0,'Кудрявцева','Ирина','Александровна','','1992-04-12','M','Российская Федерация',1,'4607','603336','Рязановским отделением милиции г. Подольска','2001-02-28','603-555','Ik12041992@mail.ru',1,'2012-01-10 11:06:52',0,0,0,0,0,0,0,2,1,'г Кахул',4967,'555555',903,'1686200',1,0,1315829006,'0000-00-00'),(1364,0,'Курилов','Александр','Николаевич','','1984-12-16','M','Российская Федерация',1,'1804','527762','Михайловским РОВД Волгоградской обл.','2005-01-20','342-027','kuril31@mail.ru',1,'2012-01-10 19:25:58',45,12,1,1,0,1,0,4,2,'Волгоградская обл. г.Михайловка',84463,'41313',961,'0610774',1,0,2991468976,'0000-00-00'),(1365,0,'Ярицина','Марина','Викторовна','','0000-00-00','','Российская Федерация',1,'','','','0000-00-00','','yaricina@yandex.ru',1,'2012-01-11 04:29:37',0,0,0,0,0,0,0,1,0,'',0,NULL,0,NULL,1,0,1595572493,'0000-00-00'),(1366,0,'Рогов','Денис','Владимирович','','1979-04-05','M','Российская Федерация',1,'4504','891744','ОВД Алекссеевкого р-на г.Москвы','2003-02-04','','rogovdv@gmail.com',2,'2012-01-11 10:12:20',45,12,1,1,0,1,0,3,1,'г.Москва',495,'5126385',926,'5349032',1,0,1055333382,'0000-00-00'),(1367,0,'Красько','Сергей','','','1973-05-09','M','Российская Федерация',1,'00','0000','0000','2001-01-01','','sergey_krasko@mail.ru',1,'2012-01-11 13:15:55',4,0,1,1,0,1,0,3,1,'0000',0,'00',916,'3062134',1,1,3650498825,'0000-00-00'),(1368,0,'Гренц','Олег','Александрович','','0000-00-00','','Российская Федерация',1,'','','','0000-00-00','','grenc2015@inbox.ru',1,'2012-01-12 02:08:12',0,0,0,0,0,0,0,1,0,'',0,NULL,0,NULL,1,0,3654608402,'0000-00-00'),(1369,0,'Петров','Евгений','Васильевич','','1983-02-22','M','Российская Федерация',1,'2503','913419','ОВД Киренского р-на Иркутской обл','2003-06-26','382-013','evgen1_e_p_4@list.ru',1,'2012-01-12 05:39:55',45,0,1,1,0,1,0,4,1,'г.Киренск',39568,'43670',924,'5448256',1,0,1433662306,'0000-00-00'),(1370,0,'Медведева','Ирина','Николаевна','','0000-00-00','','Российская Федерация',1,'','','','0000-00-00','','jablonovo@yandex.ru',1,'2012-01-12 09:11:28',0,0,0,0,0,0,0,1,0,'',0,NULL,0,NULL,1,0,1385656400,'0000-00-00'),(1371,0,'Ким','Михаил','','','0000-00-00','','Российская Федерация',1,'','','','0000-00-00','','lilechka3@yandex.ru',1,'2012-01-13 06:18:18',0,0,0,0,0,0,0,1,0,'',0,NULL,0,NULL,1,0,3575765870,'0000-00-00'),(1372,0,'Павлова','Наталья','Витальевна','','0000-00-00','','Российская Федерация',1,'','','','0000-00-00','','Teoreti@mail.ru',1,'2012-01-13 08:45:39',0,0,0,0,0,0,0,1,0,'',0,NULL,0,NULL,1,0,1593043342,'0000-00-00'),(1373,0,'Зыкин','Илья','Александрович','','1992-05-20','M','Российская Федерация',1,'6006','843730','ОВД','2007-01-29','612-049','il.zikin2010@yandex.ru',1,'2012-01-13 13:07:05',0,0,0,0,0,0,0,2,2,'Морозовский район Рост. обл.',8918,'5186448',918,'5186448',1,0,1467286179,'0000-00-00'),(1374,0,'Насыртдинов','Артур','Фаридович','','1983-01-14','M','Российская Федерация',1,'9205','961573','ОВД г.Заинска и Заинского района','2006-12-05','','baltarchi@mail.ru',1,'2012-01-14 21:25:45',45,12,1,1,0,1,0,3,1,'г. Заинск',85558,'74838',950,'9499050',1,0,1427826787,'0000-00-00'),(1375,0,'Иванов','Роман','Владимирович','','0000-00-00','','Российская Федерация',1,'','','','0000-00-00','','romarento@mail.ru',1,'2012-01-16 06:54:20',0,0,0,0,0,0,0,1,0,'',0,NULL,0,NULL,1,0,3162236970,'0000-00-00'),(1376,0,'Петрусевич','Станислав','Александрович','','0000-00-00','','Российская Федерация',1,'','','','0000-00-00','','Xanth@mail.ru',1,'2012-01-16 19:47:15',0,0,0,0,0,0,0,1,0,'',0,NULL,0,NULL,1,0,1336180194,'0000-00-00'),(1377,0,'Тарасенко','Сергей','Викторович','','1981-01-09','M','Российская Федерация',1,'0103','174297','ОВД города Алейска и Алейского района Алтайского края','2002-06-29','220-001','taras812008@mail.ru',1,'2012-01-17 01:29:28',45,12,1,1,0,1,0,4,3,'город Джамбул республики Казахстан',385,'5339310',952,'0075585',1,0,1844288586,'0000-00-00'),(1378,0,'Пилари','Марсель','Кристианович','','0000-00-00','','Российская Федерация',1,'','','','0000-00-00','','pmk77@list.ru',1,'2012-01-17 06:19:00',0,0,0,0,0,0,0,1,0,'',0,NULL,0,NULL,1,0,1531736752,'0000-00-00'),(1379,0,'Бессонов','Денис','Александрович','','1988-06-22','M','Российская Федерация',1,'4209','579839','Отделом УФМС России по Липецкой Области в Советском Округе Гор. Липецка','2009-11-18','480-002','bessonov_denis@list.ru',2,'2012-01-17 17:52:45',18,0,1,0,0,1,0,3,3,'Липецк',4742,'480003',905,'6800784',1,0,1605574237,'0000-00-00'),(1380,6819,'Чернова','Мария','Михайловна','','1981-07-04','F','Российская Федерация',1,'8707','240360','паспортным отделением УФМС России по республике Коми в Усть-куломском районе','2007-12-05','110-020','mari_ch@mail.ru',1,'2012-01-18 08:06:29',45,12,1,1,0,0,1,4,1,'г.Янгиюль Узбекской ССР',495,'7350382',929,'5733111',3,0,3644919130,'0000-00-00'),(1381,0,'Варданян','Арсен','','','0000-00-00','','Российская Федерация',1,'','','','0000-00-00','','ALLARSS@MAIL.RU',1,'2012-01-19 01:52:30',0,0,0,0,0,0,0,1,0,'',0,NULL,0,NULL,1,0,1427829207,'0000-00-00'),(1382,0,'Аверин','Игорь','Владимирович','','0000-00-00','','Российская Федерация',1,'','','','0000-00-00','','oss2@xakep.ru',1,'2012-01-19 09:29:48',0,0,0,0,0,0,0,1,0,'',0,NULL,0,NULL,1,0,522746888,'0000-00-00'),(1383,0,'Фенгер','Оксана','','','0000-00-00','','Российская Федерация',1,'','','','0000-00-00','','Ksinty@Mail.ru',1,'2012-01-19 14:55:53',0,0,0,0,0,0,0,1,0,'',0,NULL,0,NULL,1,0,774269073,'0000-00-00'),(1384,0,'Комиссарова','Анна','Александровна','','0000-00-00','','Российская Федерация',1,'','','','0000-00-00','','anna.komissarova84@mail.ru',1,'2012-01-20 04:38:48',0,0,0,0,0,0,0,1,0,'',0,NULL,0,NULL,1,0,1449536806,'0000-00-00'),(1385,6808,'Семин','Сергей','Викторович','','1980-09-02','M','Российская Федерация',1,'4503','394633','ОВД \"Ивановское\" города Москвы','2002-08-23','772-043','nimess@yandex.ru',1,'2012-01-20 16:23:59',45,12,1,1,0,1,1,4,1,'город Москва',495,'9188263',916,'6344861',3,0,1595476500,'0000-00-00'),(1386,0,'Юдин','Кирилл','','','0000-00-00','','Российская Федерация',1,'','','','0000-00-00','','forever14@bk.ru',1,'2012-01-21 10:24:07',0,0,0,0,0,0,0,1,0,'',0,NULL,0,NULL,1,0,784088849,'0000-00-00'),(1387,0,'Онищенко','Антон','Викторович','','1981-05-26','M','Российская Федерация',1,'4506','069738','1п\\с ОВД \"можайский\" гор.Москвы','2003-08-14','772-009','andi35@yandex.ru',1,'2012-01-21 15:32:52',53,14,1,0,0,1,0,3,1,'город Москва',495,'4402575',905,'7122484',1,0,1474566006,'0000-00-00'),(1388,0,'Филимонова','Любовь','Юрьевна','','1964-11-08','F','Российская Федерация',1,'4510','521284','отделением по р-ну Хорошево-Мневники по городу Москве в СЗАО','2010-01-11','','filimonova.lyubov@yandex.ru',1,'2012-01-23 18:40:19',47,7,1,1,0,1,0,3,2,'г. Артем Приморского края',495,'9474336',925,'0712389',1,0,1578990925,'0000-00-00'),(1389,0,'Перваков','Денис','Александрович','','1981-07-01','M','Российская Федерация',1,'7002','829457','Ефремовским РОВД Тульской области','2002-09-20','','d_fox@bk.ru',1,'2012-01-24 09:16:01',45,0,1,1,0,1,0,3,1,'г.Ефремов Тульской области',929,'5407601',929,'5407601',1,0,3000462087,'0000-00-00'),(1390,0,'Фырфа','Родион','Викторович','','0000-00-00','','Российская Федерация',1,'','','','0000-00-00','','johnny_funt@bk.ru',1,'2012-01-24 15:19:09',0,0,0,0,0,0,0,1,0,'',0,NULL,0,NULL,1,0,3000464133,'0000-00-00'),(1392,0,'Моисеева','Олеся','Сергеевна','','1992-10-31','F','Российская Федерация',1,'5210','987399','тп уфмс россии по омской области в знаменском районе','2011-07-26','550-012','jlesu3110@mail.ru',2,'2012-01-25 07:52:16',47,3,1,1,0,1,0,3,1,'с.новоягодное знаменский район омская обл',38179,'22390',909,'1720706',1,0,2966918368,'0000-00-00'),(1393,0,'Докучаева','Ирина','Васильевна','','0000-00-00','','Российская Федерация',1,'','','','0000-00-00','','sobchuk82@mail.ru',1,'2012-01-25 09:04:01',0,0,0,0,0,0,0,1,0,'',0,NULL,0,NULL,1,0,1592859913,'0000-00-00'),(1394,0,'Штырлов','Александр','Евгеньевич','','1989-10-16','M','Российская Федерация',1,'3609','148726','УФМС Самарской области в промышленном районе','2009-11-13','','djubik2008@rambler.ru',1,'2012-01-25 11:16:23',53,14,1,0,0,1,0,3,2,'Самара',846,'9922629',964,'9800228',1,0,39812653,'0000-00-00'),(1395,0,'Пономарева','Виктория','Сергеевна','','0000-00-00','F','Российская Федерация',1,'1009','131492','УФМС России по Амурской области константиновский район','2009-04-06','','wildblakcak@mail.ru',1,'2012-01-26 14:30:23',0,0,0,0,0,0,0,2,1,'г.Благовещенск',4162,'522222',914,'5759949',1,0,1427829102,'0000-00-00'),(1396,0,'Пястолов','Алексей','Василевич','','0000-00-00','','Российская Федерация',1,'','','','0000-00-00','','alex7r@mail.ru',1,'2012-01-26 18:13:03',0,0,0,0,0,0,0,1,0,'',0,NULL,0,NULL,1,0,1427815100,'0000-00-00'),(1397,0,'Пястолов','Алексей','Васильевич','','0000-00-00','','Российская Федерация',1,'','','','0000-00-00','','qucklyribka@mail.ru',1,'2012-01-27 10:40:02',0,0,0,0,0,0,0,1,0,'',0,NULL,0,NULL,1,0,1427814637,'0000-00-00'),(1398,6872,'Арсентьева','Евгения','Владимировна','','1984-01-11','F','Российская Федерация',1,'4509','988763','Отделением по району Тверской ОУФМС России по городу Москве в ЦАО','2009-01-15','770-010','e.v.arsenteva@gmail.com',1,'2012-01-27 17:18:07',45,12,1,1,0,1,1,4,1,'Республика Бурятия',383,'2109523',926,'2661199',1,0,1298949586,'0000-00-00'),(1399,0,'Приймак ','Галина','Анатольевна','','1981-02-20','F','Российская Федерация',1,'0706','759858','ОВД Кочубеевского р-на Ставропольского края','2006-06-27','','galinka_08@bk.ru',1,'2012-01-29 16:58:17',47,9,1,1,0,1,0,3,1,'г. Нефтеюганск',920,'7883803',953,'9683008',1,0,1402285626,'0000-00-00'),(1400,0,'Попов','Дмитрий','Петрович','','1976-04-30','M','Российская Федерация',1,'5700','473963','Чайковским ГОВД Пермской обл.','2001-05-25','592-040','Dima.security@rambler.ru',1,'2012-01-29 18:12:55',45,12,1,1,1,1,0,4,2,'30.04.1976',925,'3573617',922,'3035505',1,0,1402276242,'0000-00-00'),(1401,0,'Немирова','Светлана','Сергеевна','','1982-10-31','F','Российская Федерация',1,'1909','644923','Отделением УФМС России по Вологодской области в Тотемском районе','2009-10-19','','nemirova82@bk.ru',1,'2012-01-31 16:31:07',47,3,1,1,0,1,0,3,1,'Д. Френиха Тотемского р-на Вологодской области',239,'23681',921,'6825518',1,1,1402274343,'0000-00-00'),(1402,0,'Свинчук','Василий','Николаевич','','0000-00-00','','Российская Федерация',1,'','','','0000-00-00','','vasek.int@mail.ru',1,'2012-02-01 17:15:36',0,0,0,0,0,0,0,1,0,'',0,NULL,0,NULL,1,0,1597297506,'0000-00-00'),(1403,0,'Назаров','Иван','Владимирович','','0000-00-00','','Российская Федерация',1,'','','','0000-00-00','','viruspro@yandex.ru',1,'2012-02-02 10:56:32',0,0,0,0,0,0,0,1,0,'',0,NULL,0,NULL,1,0,3641322382,'0000-00-00'),(1404,0,'Байбиков ','Ильдар','Рашидович','','0000-00-00','','Российская Федерация',1,'','','','0000-00-00','','b-ildar@narod.ru',1,'2012-02-03 06:59:51',0,0,0,0,0,0,0,1,0,'',0,NULL,0,NULL,1,0,3648412325,'0000-00-00'),(1405,0,'Хмелянин','Дмитрий','','','0000-00-00','','Российская Федерация',1,'','','','0000-00-00','','hmelyanin@mail.ru',1,'2012-02-03 16:22:11',0,0,0,0,0,0,0,1,0,'',0,NULL,0,NULL,1,0,1596305258,'0000-00-00'),(1406,0,'Паршин','Юрий','Валерьевич','','0000-00-00','','Российская Федерация',1,'','','','0000-00-00','','Rulila14@inbox.ru',1,'2012-02-05 14:27:29',0,0,0,0,0,0,0,1,0,'',0,NULL,0,NULL,1,0,42206529,'0000-00-00'),(1407,0,'Львов','Никита','Александрович','','0000-00-00','','Российская Федерация',1,'','','','0000-00-00','','gordon5193@mail.ru',1,'2012-02-05 17:03:19',0,0,0,0,0,0,0,1,0,'',0,NULL,0,NULL,1,0,1550131503,'0000-00-00'),(1408,0,'Рогунович','Иван','Валерьевич','','0000-00-00','','Российская Федерация',1,'','','','0000-00-00','','irogunovich@mail.ru',1,'2012-02-05 20:42:18',0,0,0,0,0,0,0,1,0,'',0,NULL,0,NULL,1,0,1509557230,'0000-00-00'),(1409,0,'Ключанский','Дмитрий','Никлаевич','','1988-12-24','M','Российская Федерация',1,'0508','575394','ОУФМС России по прим.краю г.Дальнереченск','2009-03-04','250-027','dima-k2412@mail.ru',1,'2012-02-06 04:57:47',53,14,1,0,0,1,0,3,1,'г.Дальнереченск',42356,'28146',953,'2058215',1,0,1427829002,'0000-00-00'),(1410,0,'Маевич','Евгений','Михайлович','','0000-00-00','','Российская Федерация',1,'','','','0000-00-00','','assault.plate@gmail.com',1,'2012-02-06 12:09:47',0,0,0,0,0,0,0,1,0,'',0,NULL,0,NULL,1,0,1475937494,'0000-00-00'),(1411,0,'Гришин','Игорь','Алексеевич','','1969-02-03','M','Российская Федерация',1,'4504','690642','ОВД \"Орехово-Борисово Северное\" г. Москвы','2002-12-25','772-002','igrik-69@mail.ru',2,'2012-02-07 18:47:48',3,0,1,0,0,1,0,3,2,'г. Москва',495,'3940722',903,'7169578',1,0,1608255168,'0000-00-00'),(1412,0,'Семенов','Олег','Тимофеевич','','1972-03-01','M','Российская Федерация',1,'7600','132629','ОВД Забайкальского р-на ','2000-10-27','752-011','semen-on75@yandex.ru',2,'2012-02-09 23:45:10',18,0,1,0,0,1,0,4,2,'Житомир',3022,'312806',964,'4613433',1,0,1427829187,'0000-00-00'),(1413,0,'Казинец','Леонид','Леонидович','','0000-00-00','','Российская Федерация',1,'','','','0000-00-00','','leonid_63@rambler.ru',1,'2012-02-10 09:50:09',0,0,0,0,0,0,0,1,0,'',0,NULL,0,NULL,1,0,1832824706,'0000-00-00'),(1414,0,'Подберезная','Елена','Олеговна','','0000-00-00','','Российская Федерация',1,'','','','0000-00-00','','elena.podberioznaya@yandex.ua',1,'2012-02-11 13:53:55',0,0,0,0,0,0,0,1,0,'',0,NULL,0,NULL,1,0,3252943385,'0000-00-00'),(1415,0,'Малиновская','Ольга','Борисовна','','0000-00-00','','Российская Федерация',1,'','','','0000-00-00','','malinovskayao@list.ru',1,'2012-02-12 23:19:55',0,0,0,0,0,0,0,1,0,'',0,NULL,0,NULL,1,0,3645021269,'0000-00-00'),(1416,0,'Карина','Мира','','','0000-00-00','','Российская Федерация',1,'','','','0000-00-00','','kis.x@ya.ru',1,'2012-02-13 07:55:02',0,0,0,0,0,0,0,1,0,'',0,NULL,0,NULL,1,0,3285069789,'0000-00-00'),(1417,0,'Глазко','Александр','Викторович','','1976-06-06','M','Российская Федерация',1,'9502','210497','ОВД г.Черногорска Республики Хакасия','2002-04-08','','sas-glazko@mail.ru',1,'2012-02-13 10:00:01',45,0,1,1,0,1,0,4,2,'г. Черногорск',39031,'37356',923,'2141605',1,0,37560037,'0000-00-00'),(1418,0,'Злобовский','Сергей','Эдуардович','','0000-00-00','','Российская Федерация',1,'','','','0000-00-00','','sergey.shamrays@gmail.com',1,'2012-02-13 18:44:13',0,0,0,0,0,0,0,1,0,'',0,NULL,0,NULL,1,0,2264505581,'0000-00-00'),(1419,0,'Сибгатулина','Надия','Тахировна','','0000-00-00','','Российская Федерация',1,'','','','0000-00-00','','nadka88888@mail.ru',1,'2012-02-14 05:15:35',0,0,0,0,0,0,0,1,0,'',0,NULL,0,NULL,1,0,2965590252,'0000-00-00'),(1420,0,'Коршунов','Алексей','Владимирович','','1980-03-21','M','Российская Федерация',1,'4504','284489','ОВД\"Орехово-Борисово Северное\"г.Москвы','2002-10-11','','lexus357@yandex.ru',1,'2012-02-14 07:17:54',45,12,1,1,0,1,0,4,2,'г.Москва',495,'3919330',903,'2834780',3,0,2997881596,'0000-00-00'),(1421,0,'Сивуда','Григорий','Владимирович','','0000-00-00','','Российская Федерация',1,'','','','0000-00-00','','sivuda-rv@mail.ru',1,'2012-02-15 11:54:42',0,0,0,0,0,0,0,1,0,'',0,NULL,0,NULL,1,0,1412461598,'0000-00-00'),(1422,0,'Винтер','Алексей','Вадимович','','1989-04-21','M','Российская Федерация',1,'4108','163697','ТП № 93 отдела УФМС России по Санкт-Петербургу и Ленинградской области во всеволожском районе','2009-06-02','470-009','stalker198900@mail.ru',1,'2012-02-15 19:52:45',0,0,1,0,0,0,0,4,1,'Ленинградская область город Всеволожск',812,'3073367',921,'8474899',1,0,1540021761,'0000-00-00'),(1423,0,'Люлин','Николай','Алексеевич','','1992-02-29','M','Российская Федерация',1,'1706','714952','Отделом внутренних дел Ленинского района города Владимира','2006-03-27','','bandit-33@mail.ru',1,'2012-02-15 20:42:31',45,12,1,1,0,1,0,4,1,'Россия, г.Владимир',4922,'452218',904,'0328531',1,0,1587442890,'0000-00-00'),(1424,0,'Петров','Роман','Владимирович','','0000-00-00','','Российская Федерация',1,'','','','0000-00-00','','anakonda5903@mail.ru',1,'2012-02-17 03:12:34',0,0,0,0,0,0,0,1,0,'',0,NULL,0,NULL,1,0,1606318119,'0000-00-00'),(1425,0,'Григорьев ','Кирилл','Олегоыич','','1994-08-27','M','Российская Федерация',1,'4608','299649','Отделом УФМС России по Московской Области в Солнечногорском районе','2008-10-01','500-158','takhich@bk.ru',1,'2012-02-17 17:13:03',3,0,1,0,0,1,0,3,1,'г.Солнечногорск',495,'2622912',985,'9966756',1,0,774316548,'0000-00-00'),(1426,0,'Стенин','Андрей','Николаевич','','1974-03-17','M','Российская Федерация',1,'4602','832881','Ступинским ОВД, М.О.','2002-07-24','502-027','MrSenyaX@gmail.com',1,'2012-02-18 04:07:07',45,12,1,1,0,1,0,3,2,'г.Ступино, М.О.',496,'6427516',925,'3438706',1,1,1586440743,'0000-00-00'),(1427,0,'Трембачев','Андрей','','','0000-00-00','M','Российская Федерация',1,'1803','034204','ОВД города Волгограда','2002-05-14','342-007','adray5@yandex.ru',1,'2012-02-18 21:38:58',8,0,1,1,0,1,0,3,1,'город Волгоград',960,'8845288',960,'8845288',1,1,2966709614,'0000-00-00'),(1428,0,'Самойлов','Алексей','Анатольевич','','1978-12-10','M','Российская Федерация',1,'4503','564152','ОВД МР \"Бирюлево-Восточное\" г.Москва','2002-08-22','','al.samoylov@rambler.ru',2,'2012-02-19 12:01:56',53,14,1,0,0,1,0,4,2,'г.Москва',499,'7258770',909,'9111140',1,0,1595726728,'0000-00-00'),(1429,0,'Басс','Павел','Валерьевич','','1982-10-06','M','Российская Федерация',1,'7009','064613','Отделением УФМС России по Тульской области в Суворовском районе','2009-01-23','710-036','statgg@gmail.com',1,'2012-02-20 23:27:31',45,12,1,1,0,1,0,3,1,'пос. Оротукан Ягоднинского р-на Магаданской обл.',910,'9434774',910,'9434774',1,0,1603004772,'0000-00-00'),(1430,0,'Орещенко','Дмитрий','Владимирович','','0000-00-00','','Российская Федерация',1,'','','','0000-00-00','','Lexx376@mail.ru',1,'2012-02-21 03:59:38',0,0,0,0,0,0,0,1,0,'',0,NULL,0,NULL,1,0,1581905290,'0000-00-00'),(1431,0,'Бурнашев','Юрий','Павлович','','0000-00-00','','Российская Федерация',1,'','','','0000-00-00','','Yurik_sky@mail.ru',1,'2012-02-21 10:57:30',0,0,0,0,0,0,0,1,0,'',0,NULL,0,NULL,1,0,1408679741,'0000-00-00'),(1432,0,'Медведев','Олег','Валерьевич','','0000-00-00','','Российская Федерация',1,'','','','0000-00-00','','legved@gmail.com',1,'2012-02-21 12:08:33',0,0,0,0,0,0,0,1,0,'',0,NULL,0,NULL,1,0,3642086019,'0000-00-00'),(1433,0,'Сабирьянов','Спартак','Рифкатович','','1973-01-02','M','Российская Федерация',1,'8005','770041','Караидельским РОВД, респ. Башкортостан','2004-12-28','022-049','sabiryanov_s@mail.ru',1,'2012-02-21 16:08:24',45,0,1,1,0,1,0,4,1,'г. Октябрьский, респ. Башкортостан',903,'7215311',903,'7215311',1,1,1495226509,'0000-00-00'),(1434,0,'Егоров','Владимир','Анатольевич','','0000-00-00','','Российская Федерация',1,'','','','0000-00-00','','vladimir993kc@yandex.ru',1,'2012-02-22 08:07:25',0,0,0,0,0,0,0,1,0,'',0,NULL,0,NULL,1,0,3162909330,'0000-00-00'),(1435,0,'Пилюгина','Мария','Сергеевна','','0000-00-00','','Российская Федерация',1,'','','','0000-00-00','','mayka.pilyugina@mail.ru',1,'2012-02-22 08:17:33',0,0,0,0,0,0,0,1,0,'',0,NULL,0,NULL,1,0,1540222523,'0000-00-00'),(1436,0,'Дудина','Анастасия','Игоревна','','0000-00-00','','Российская Федерация',1,'','','','0000-00-00','','anastasia.i.d@yandex.ru',1,'2012-02-22 08:52:24',0,0,0,0,0,0,0,1,0,'',0,NULL,0,NULL,1,0,1603975329,'0000-00-00'),(1437,0,'Добромыслов','Владимир','Михайлович','','1994-02-06','M','Российская Федерация',1,'4509','543617','отделением по району Южное Медведково ОУФМС России по гор. Москве в СВАО','2008-02-22','','akkardeon@gmail.com',1,'2012-02-22 17:02:58',45,12,1,1,0,0,1,4,1,'г. Москва',496,'5719053',962,'9448559',3,0,2997292178,'0000-00-00'),(1438,0,'Гудин','Алексей','Геннадьевич','','1982-01-10','M','Российская Федерация',1,'4606','031219','Электростальским ОВД','0000-00-00','','kreml@hotmail.ru',1,'2012-02-24 12:41:54',45,12,1,1,0,1,0,3,1,'Электросталь',903,'9771474',903,'9771474',1,1,2997893492,'0000-00-00'),(1439,0,'Москалева','Яна','Викторовна','','0000-00-00','','Российская Федерация',1,'','','','0000-00-00','','yana_moskaleva@mail.ru',1,'2012-02-24 15:19:54',0,0,0,0,0,0,0,1,0,'',0,NULL,0,NULL,1,0,1595901767,'0000-00-00'),(1440,0,'Сайлиханов','Дамир','Азизович','','1994-12-27','M','Российская Федерация',1,'5308','753540','ОТДЕЛЕНИЕМ УФМС РОССИИ ПО ОРЕНБУРГСКОЙ ОБЛАСТИ В КУВАНДЫКСКОМ РАЙОНЕ','2009-01-27','560-016','Web-shop-internet@mail.ru',1,'2012-02-24 18:16:34',45,12,1,1,1,1,0,3,2,'ГОР. КАЙРАККУМ ЛЕНИНАБАДСКАЯ ОБЛАСТЬ ТАДЖИКИСТАН',35361,'23267',987,'8915726',1,0,1599010006,'0000-00-00'),(1441,0,'Степанова','Екатерина','Геннадьевна','','0000-00-00','','Российская Федерация',1,'','','','0000-00-00','','kitt910@rambler.ru',1,'2012-02-25 16:38:33',0,0,0,0,0,0,0,1,0,'',0,NULL,0,NULL,1,0,3648406058,'0000-00-00'),(1442,0,'Миннулин','Аскар','Искандерович','','0000-00-00','','Российская Федерация',1,'','','','0000-00-00','','askar.minnullin@gmail.com',1,'2012-02-26 06:58:37',0,0,0,0,0,0,0,1,0,'',0,NULL,0,NULL,1,0,3161571396,'0000-00-00'),(1443,0,'Баранов','Алексей','Викторович','','0000-00-00','','Российская Федерация',1,'','','','0000-00-00','','alekseibarano@yandex.ru',1,'2012-02-27 05:45:18',0,0,0,0,0,0,0,1,0,'',0,NULL,0,NULL,1,0,2990557562,'0000-00-00'),(1444,0,'Жданова','Виктория','Олеговна','','1992-07-23','F','Российская Федерация',1,'4607','361578','2 городским отделом милиции УВД Раменского района Московской области','2006-08-02','','Foxik51@bk.ru',1,'2012-02-28 06:03:10',0,0,0,0,0,0,0,2,2,'Г.Раменское Московская обл',49646,'53603',916,'9685864',1,0,2987800144,'0000-00-00'),(1445,0,'Прусакова','Виктория','Сергеевна','','1987-04-07','F','Российская Федерация',1,'4607','711360','ТП в г. Электрогорске ОУФМС России по МО в П-Посадском р-не','2007-05-03','500-118','Viprusakova8787@mail.ru',1,'2012-02-28 10:37:18',50,1,1,1,0,1,0,3,1,'Моск. обл. г.Электрогорск',496,'4334011',926,'9115377',1,0,1427807101,'0000-00-00'),(1446,0,'Баранов','Алексей','Викторович','','0000-00-00','','Российская Федерация',1,'','','','0000-00-00','','viktorovich85@mail.ru',1,'2012-02-29 20:27:58',0,0,0,0,0,0,0,1,0,'',0,NULL,0,NULL,1,0,1597323658,'0000-00-00'),(1447,0,'Григорьян','Елена','Сергеевна','','1987-06-14','F','Российская Федерация',1,'1808','248321','ОУФМС России по Волгоградской области в Краснооктябрьском р-не гор.Волгограда','2009-01-21','340-005','bagira222.87@mail.ru',1,'2012-03-01 05:38:40',50,1,1,1,0,1,0,3,1,'г.Волгоград',8442,'235613',902,'6544979',1,0,1427826884,'0000-00-00'),(1448,0,'Ерома','Аркадий','Андреевич','','1987-07-07','M','Российская Федерация',1,'4607','732991','тп1 в г.Ногинске ОУФМС РФ по МО в Ногинском р-не','2007-07-17','500-096','uvd-noginsk@mail.ru',1,'2012-03-01 08:24:04',45,0,1,0,0,0,0,3,1,'р.Казахстан',962,'9925857',962,'9925857',3,0,1427807053,'0000-00-00'),(1449,0,'Кузьмененков ','Валерий ','','','0000-00-00','','Российская Федерация',1,'','','','0000-00-00','','valerii-55@mail.ru',1,'2012-03-02 15:53:41',0,0,0,0,0,0,0,1,0,'',0,NULL,0,NULL,1,0,1442383106,'0000-00-00'),(1450,0,'Грешилов','Андрей','Юрьевич','','1987-05-07','M','Российская Федерация',1,'2510','404001','отделением УФМС России по Иркутскои области в гор. Зима и Зиминском р-не','2010-10-28','380-019','komrad.greshiloff@yandex.ru',1,'2012-03-03 03:00:48',0,0,0,0,0,0,0,2,4,'гор. Зима Иркутская обл.',856,'4856954',983,'4073523',1,0,2956698816,'0000-00-00'),(1452,0,'Новиков','Александр','Игоревич','','0000-00-00','','Российская Федерация',1,'','','','0000-00-00','','admin@rootirk.ru',1,'2012-03-05 02:08:32',0,0,0,0,0,0,0,1,0,'',0,NULL,0,NULL,1,0,1566488537,'0000-00-00'),(1453,0,'Михайлов','Дмитрий','Игоревич','','1969-08-15','M','Российская Федерация',1,'4506','210388','ОВД РАЙОНА ЛИАНОЗОВО ГОРОДА МОСКВЫ','2003-06-27','772-065','dimichailov@gmail.com',2,'2012-03-05 03:33:16',45,0,1,1,0,1,0,4,2,'ГОРОД МОСКВА',499,'2006160',965,'2341057',3,0,1294559531,'0000-00-00'),(1454,0,'Сотник ','Николай','Юрьевич','','0000-00-00','','Российская Федерация',1,'','','','0000-00-00','','sotniknikolay@yandex.ru',1,'2012-03-05 05:29:25',0,0,0,0,0,0,0,1,0,'',0,NULL,0,NULL,1,0,1045311672,'0000-00-00'),(1455,0,'Калиненко','Елена','Владимировна','','0000-00-00','','Российская Федерация',1,'','','','0000-00-00','','kalinenko_elena@mail.ru',1,'2012-03-05 16:13:15',0,0,0,0,0,0,0,1,0,'',0,NULL,0,NULL,1,0,2989414263,'0000-00-00'),(1456,0,'Сулимов','Игорь','','','1979-01-05','M','Российская Федерация',1,'4504','554532','ОВД \"Чертаново-Центральное\"','2002-11-27','772-014','igor.moscow.ru@gmail.com',1,'2012-03-06 10:54:55',0,0,0,0,0,0,0,2,2,'г. Москва',495,'3875381',968,'7016000',1,0,1047924302,'0000-00-00'),(1457,0,'Юсупов','Элдорбек','Нуманжанович','','0000-00-00','','Российская Федерация',1,'','','','0000-00-00','','eldor_tuit@mail.ru',1,'2012-03-06 19:19:06',0,0,0,0,0,0,0,1,0,'',0,NULL,0,NULL,1,0,1427807043,'0000-00-00'),(1458,0,'Качин','Иван','Григорьевич','','1984-07-31','M','Российская Федерация',1,'8104','876668','ОВД Кабанского р-на, респ. Бурятия','2004-10-15','032-011','626611@mail.ru',1,'2012-03-07 02:33:10',45,12,1,0,0,1,0,3,2,'пос. Каменск Кабанского р-на рес. Брятия',3952,'626611',902,'5136611',1,0,2956696815,'0000-00-00'),(1459,0,'Лелецкая','Юлия','','','1985-05-17','F','Российская Федерация',1,'4508','110011','ОВД Можайского района','2005-08-26','','mulya01@list.ru',2,'2012-03-07 06:30:20',18,0,1,0,0,1,0,3,1,'г. Москва',495,'4473048',926,'2665904',1,0,1833600718,'0000-00-00'),(1460,0,'Кисель','Виталий','Александрович','','0000-00-00','','Российская Федерация',1,'','','','0000-00-00','','www.vitjmba@Mail.ru',1,'2012-03-08 07:26:09',0,0,0,0,0,0,0,1,0,'',0,NULL,0,NULL,1,0,1427829072,'0000-00-00'),(1461,0,'Захарова','Юлия','Юрьевна','','1978-07-07','F','Российская Федерация',1,'0402','422896','1 ГОМ УВД г.Норильска','2002-10-30','','yulik.78@mail.ru',1,'2012-03-09 11:16:08',18,0,1,0,0,1,0,3,2,'г.Норильск Красноярского края',3919,'349645',913,'4954007',1,0,1360681642,'0000-00-00'),(1462,0,'Мартынов ','Дмитрий','Сергеевич','','0000-00-00','','Российская Федерация',1,'','','','0000-00-00','','bar0n_@mail.ru',1,'2012-03-10 10:23:58',0,0,0,0,0,0,0,1,0,'',0,NULL,0,NULL,1,0,1580061322,'0000-00-00'),(1463,0,'Лиховидов','Денис','Владимирович','','1974-02-14','M','Российская Федерация',1,'4508','160924','ОВД Мещанского района г.Москвы','2005-11-17','772-123','den-lihovidov@yandex.ru',1,'2012-03-11 04:38:27',45,12,1,1,0,1,0,3,2,'Москва',495,'6807654',916,'7620377',1,0,3276047090,'0000-00-00'),(1464,0,'Зуев','Максим','Иванович','','1987-04-18','M','Российская Федерация',1,'5806','888237','Отделом УФМС России по Псковской области в городе Великие Луки','2007-05-04','001-003','zuew.mak@yandex.ru',1,'2012-03-11 09:12:56',50,1,1,1,0,1,0,3,2,'Великие Луки',81153,'91610',953,'1683164',1,0,1841094834,'0000-00-00'),(1465,0,'Замедянская','Инна','Сергеевна','','0000-00-00','','Российская Федерация',1,'','','','0000-00-00','','zamed@mail.ru',1,'2012-03-11 11:26:21',0,0,0,0,0,0,0,1,0,'',0,NULL,0,NULL,1,0,1586107070,'0000-00-00'),(1466,0,'Брызгалов','Андрей','Николаевич','','1989-04-28','M','Российская Федерация',1,'3611','426226','ОУФМС России по Самарской области в Октябрьском районе города Самары','2011-03-29','630-010','mtsait@yandex.ru',2,'2012-03-11 14:18:01',45,12,1,1,0,1,0,3,2,'г.Алма-Ата',846,'2659967',937,'9924180',1,0,1433479630,'0000-00-00'),(1467,0,'Дятлов','Андрей','Николаевич','','1963-07-01','M','Российская Федерация',1,'4509','739311','Отделение по району Крюково ОУФМС России по г. Москве, в г. Зеленограде.','2008-08-06','','dron-2010@yandex.ru',1,'2012-03-12 17:45:21',3,0,1,0,0,1,0,4,2,'г.Москва',499,'7292056',965,'2661918',1,0,1531820058,'0000-00-00'),(1468,0,'Меднев','Олег','Валерьевич','','1982-03-16','M','Российская Федерация',1,'4505','277041','паспортным столом №1 ОВД р-на Бибирево г. Москвы','2003-03-18','772-089','copper@list.ru',1,'2012-03-13 13:18:17',45,12,1,1,0,1,0,3,2,'Москва',499,'2068930',903,'1089007',1,0,1040575079,'0000-00-00'),(1470,0,'Ачилов','Марат','Усманович','','0000-00-00','','Российская Федерация',1,'','','','0000-00-00','','achilov.1984@mail.ru',1,'2012-03-18 06:18:34',0,0,0,0,0,0,0,1,0,'',0,NULL,0,NULL,1,0,1438886466,'0000-00-00'),(1471,0,'Чулков ','Андрей','Витальевич','','0000-00-00','','Российская Федерация',1,'','','','0000-00-00','','www.andro1680@mail.ru',1,'2012-03-18 13:45:26',0,0,0,0,0,0,0,1,0,'',0,NULL,0,NULL,1,0,1385287824,'0000-00-00'),(1472,0,'Тебеньков','Дмитрий','Владимирович','','0000-00-00','M','Российская Федерация',1,'6505','472648','ОМ Полевского ГОВД','2005-07-12','662-045','dmitry.tebenkov@gmail.com',1,'2012-03-18 15:23:08',45,0,1,1,0,1,0,3,3,'Полевской',963,'0347398',912,'6316918',1,0,1589529587,'0000-00-00'),(1473,0,'Шелухина','Елена Александровна','Александровна','','0000-00-00','','Российская Федерация',1,'','','','0000-00-00','','sheluhina1319@yandex.ru',1,'2012-03-19 14:58:34',0,0,0,0,0,0,0,1,0,'',0,NULL,0,NULL,1,0,1427814152,'0000-00-00'),(1474,0,'Мовчан','Денис','Николаевич','','0000-00-00','','Российская Федерация',1,'','','','0000-00-00','','rf.den.m@yandex.ru',1,'2012-03-20 10:52:59',0,0,0,0,0,0,0,1,0,'',0,NULL,0,NULL,1,0,1427807069,'0000-00-00'),(1475,0,'Белокопытов','Сергей','Сергеевич','','0000-00-00','','Российская Федерация',1,'','','','0000-00-00','','belokopytovss@mail.ru',1,'2012-03-20 12:38:13',0,0,0,0,0,0,0,1,0,'',0,NULL,0,NULL,1,0,1441508478,'0000-00-00'),(1476,6940,'Бочкарев','Николай','Николаевич','','1979-10-02','M','Российская Федерация',1,'6504','336153','ОВД г.Североуральск,обл.Свердловская','2003-06-03','662-049','neonick911@mail.ru',2,'2012-03-20 14:35:27',45,12,1,1,0,1,1,4,4,'г.Североуральск',34342,'29076',965,'5421030',1,0,2989386244,'0000-00-00'),(1477,0,'Гостемилова','Ксения','','','0000-00-00','','Российская Федерация',1,'','','','0000-00-00','','korizzzza@bk.ru',1,'2012-03-20 19:33:16',0,0,0,0,0,0,0,1,0,'',0,NULL,0,NULL,1,0,2997911146,'0000-00-00'),(1478,0,'Гудошников','Василий','Анатольевич','','0000-00-00','','Российская Федерация',1,'','','','0000-00-00','','vgoodvin@gmail.com',1,'2012-03-21 06:37:44',0,0,0,0,0,0,0,1,0,'',0,NULL,0,NULL,1,0,1598948853,'0000-00-00'),(1479,0,'Лукьянов','Сергей','Сергеевич','','1982-07-01','M','Российская Федерация',1,'6004','280366','овд октябрьского р-на г.Ростова-на-Дону','2003-09-30','612-072','beeman61@gmail.com',1,'2012-03-23 06:47:05',45,12,1,1,0,1,0,3,1,'Ростов-на-Дону',863,'2429172',904,'3457677',1,0,3648409868,'0000-00-00'),(1480,0,'Погорелов','Валерий','Николаевич','','0000-00-00','','Российская Федерация',1,'','','','0000-00-00','','leva-516@yandex.ru',1,'2012-03-23 06:50:22',0,0,0,0,0,0,0,1,0,'',0,NULL,0,NULL,1,0,1385287874,'0000-00-00'),(1481,0,'Бабаева','Виктория','Григорьевна','','0000-00-00','','Российская Федерация',1,'','','','0000-00-00','','ViktoriaBabaeva@yandex.ru',1,'2012-03-23 19:08:17',0,0,0,0,0,0,0,1,0,'',0,NULL,0,NULL,1,0,3275636602,'0000-00-00'),(1482,0,'Кузнецова','Оксана','','','0000-00-00','','Российская Федерация',1,'','','','0000-00-00','','ksu-88@list.ru',1,'2012-03-24 07:30:16',0,0,0,0,0,0,0,1,0,'',0,NULL,0,NULL,1,0,1427814479,'0000-00-00'),(1484,0,'Соколов','Дмитрий','Александрович','','1979-11-25','M','Российская Федерация',1,'4510','459049','ОВД Лосиноостровский г Москва','2010-05-20','770-081','sokolov_d_a@mail.ru',1,'2012-03-24 19:59:05',3,0,1,0,0,1,0,4,2,'г Москва',495,'4751176',963,'7213539',1,0,1565573583,'0000-00-00'),(1485,0,'Болныгин','Павел ','Александрович','','0000-00-00','','Российская Федерация',1,'','','','0000-00-00','','pashokbolnigin@mail.ru',1,'2012-03-25 15:22:43',0,0,0,0,0,0,0,1,0,'',0,NULL,0,NULL,1,0,3573906088,'0000-00-00'),(1486,0,'Верещагин','Артем','Игоревич','','0000-00-00','','Российская Федерация',1,'','','','0000-00-00','','artemvereschagin@mail.ru',1,'2012-03-28 07:30:36',0,0,0,0,0,0,0,1,0,'',0,NULL,0,NULL,1,0,1402274535,'0000-00-00'),(1487,0,'Ригвава','Давид','Эмзарович','','0000-00-00','','Российская Федерация',1,'','','','0000-00-00','','DavidRigva@mail.ru',1,'2012-03-28 07:45:29',0,0,0,0,0,0,0,1,0,'',0,NULL,0,NULL,1,0,1559475459,'0000-00-00'),(1488,0,'Тунник','Иван','Николаевич','','1991-09-25','M','Российская Федерация',1,'0811','035483','МО УФМС РОССИИ ПО ХАБАРОВСКОМУ КРАЮ В НИКОЛАЕВСКОМ И ТУГУРО-ЧУМИКАНСКОМ МУНИЦИПАЛЬНЫХ РАЙОНОВ','2011-12-07','270-027','ivan.tunnik@yandex.ru',1,'2012-03-31 03:36:13',45,12,1,1,0,1,0,3,1,'Гор.Николаевск-на-Амуре',914,'4069385',914,'4069385',1,0,1347678029,'0000-00-00'),(1489,0,'Майорова','Ксения','Евгеньевна','','0000-00-00','','Российская Федерация',1,'','','','0000-00-00','','majorowa_k@mail.ru',1,'2012-04-01 08:08:46',0,0,0,0,0,0,0,1,0,'',0,NULL,0,NULL,1,0,3575324085,'0000-00-00'),(1490,0,'Богодухов','Максим','Анатольевич','','1992-01-29','M','Российская Федерация',1,'7510','766804','ОУФМС России','2011-01-27','','isprom@gmail.com',1,'2012-04-02 06:07:23',45,12,1,1,0,1,0,3,1,'Миасс',351,'547149',351,'547149',1,0,1495251746,'0000-00-00'),(1491,0,'Тестовая','Тест','Тестович','','1973-01-09','M','Российская Федерация',1,'1234','567890','милицией','1993-01-08','555-666','mt1@ins-iit.ru',1,'2012-04-04 07:02:59',0,0,0,0,0,0,0,2,1,'г.Улан-Удэ',123,'12332',912,'2121122',1,0,1399235237,'0000-00-00'),(1492,6935,'Виноградов','Евгений','Станиславович','','1975-02-13','M','Российская Федерация',1,'1507','643104','Территориальным пунктом УФМС России по Брянской области в Климовском р-не                           ','2008-05-13','320-016','veugenia@mail.ru',1,'2012-04-04 10:21:13',45,12,1,1,0,1,1,4,1,'Московская область, г.Троицк',985,'4422412',985,'4422412',3,0,1844200490,'0000-00-00'),(1493,0,'Юсупкина ','Наталья','Анатольевна','','1995-03-27','F','Российская Федерация',1,'9209','629912','ТП-1 ОТДЕЛЕНИЕ В СОВЕТСКОМ РАЙОНЕ ОТДЕЛА УФМС РОСИИ ПО РЕСПУБЛИКЕ ТАТАРСТАН В Г.КАЗАНЬ','0000-00-00','160-010','natasyus@yandex.ru',1,'2012-04-07 07:39:49',0,0,0,0,0,0,0,2,1,'город Казань',843,'2637051',895,'0329689',1,0,3579283546,'0000-00-00'),(1494,0,'Шуршалин','Сергей','','','0000-00-00','','Российская Федерация',1,'','','','0000-00-00','','shurshalin@gmail.com',1,'2012-04-08 05:30:56',0,0,0,0,0,0,0,1,0,'',0,NULL,0,NULL,1,0,620826219,'0000-00-00'),(1495,0,'Фетисова','Ольга','Сергеевна','','1986-12-15','F','Российская Федерация',1,'7806','537078','борисоглебским ровд ярославской области','2007-01-18','762-012','olga-fetisova15@rambler.ru',1,'2012-04-08 05:48:31',60,0,1,0,0,0,0,3,1,'с.яренск ленского р-на архангельской области',905,'1369399',905,'1369399',1,0,1402274376,'0000-00-00'),(1497,0,'Деев','Константин','Александрович','','1979-10-05','M','Российская Федерация',1,'4604','587559','Наро-Фоминским Увд','2003-03-29','','k.d79@mail.ru',1,'2012-04-08 22:07:09',60,0,1,0,0,0,0,3,2,'Наро-Фоминск',925,'3655096',925,'3655096',1,0,1834961169,'0000-00-00'),(1498,0,'Гончарова','Алина','Валентиновна','','1989-03-15','F','Российская Федерация',1,'4408','257761','Отделом ОФМС России по Магаданской области в гор. Магадане','2009-03-26','490-001','AlinaG_1989@mail.ru',1,'2012-04-09 04:03:09',0,0,0,0,0,0,0,2,1,'Магадан',0,'0000000',908,'6084644',1,0,3641815957,'0000-00-00'),(1499,0,'Шишкин','Сергей','Вадимович','','1986-05-30','M','Российская Федерация',1,'1005','990269','УВД г. Благовещенска','2006-08-30','','megacerebrum@mail.ru',1,'2012-04-09 04:35:48',0,0,0,0,0,0,0,2,1,'г. Владивосток',416,'3531536',914,'6097069',1,1,1347677771,'0000-00-00'),(1500,0,'Рыжков','Игорь','Андреевич','','0000-00-00','','Российская Федерация',1,'','','','0000-00-00','','redfox-54@yandex.ru',1,'2012-04-09 06:54:33',0,0,0,0,0,0,0,1,0,'',0,NULL,0,NULL,1,0,3283999555,'0000-00-00'),(1501,0,'Завгородний','Игорь','Сергеевич','','1969-01-14','M','Российская Федерация',1,'1900','098637','Вологодским РОВД Вологодской обл.','2000-11-08','352-012','egor.7478@mail.ru',2,'2012-04-09 08:32:11',45,0,1,1,0,1,1,4,1,'с.Краснокумское, Георгиевского р-на, Ставропольского края',8172,'551070',985,'7715824',1,0,1315665346,'0000-00-00'),(1502,0,'Шадрин','Юрии','Александрович','','0000-00-00','M','Российская Федерация',1,'9410','161513','УФМС РФ по УР г.Ижевска уст-го р-на','2011-05-24','','yu-ra85@mail.ru',1,'2012-04-09 17:37:04',0,0,0,0,0,0,0,2,1,'Устинов',3412,'466397',912,'7498459',1,1,2966771557,'0000-00-00'),(1503,0,'Лукьянченко','Алена','Геннадьевна','','1990-12-04','F','Российская Федерация',1,'6610','557533','МО УФМС Росси по Смоленской области в городе Починок','2011-01-20','670-018','lukyanchenko@neolant.ru',1,'2012-04-10 09:27:50',45,12,1,1,0,1,0,3,1,'Городок Шаталово-1,Починковского р-на, Смоленской области.',499,'7236983',915,'1111229',1,0,1475722218,'0000-00-00'),(1504,0,'Пирязев','Вадим','Алексеевич','','0000-00-00','','Российская Федерация',1,'','','','0000-00-00','','v_a_d@inbox.ru',1,'2012-04-11 11:47:19',0,0,0,0,0,0,0,1,0,'',0,NULL,0,NULL,1,0,1298955974,'0000-00-00'),(1505,0,'Ращупкина ','Наталья','Сергеевна','','1987-03-23','F','Российская Федерация',1,'6311','724399','отделом уфмс россии по саратовской области в заводском районе города саратова','2012-03-07','640-002','selivanovanatali@mail.ru',1,'2012-04-12 07:04:37',18,0,1,0,0,1,0,3,4,'с. Мичуринское приурального р-на Уральской обл. Казахстан',7845,'2961064',917,'3008729',1,1,1841502913,'0000-00-00'),(1506,0,'Стрельникова','Екатерина','Владимировна','','1993-11-08','F','Российская Федерация',1,'1807','074258','отделом УФМС по Волгоградской области в дзержинском р-не гор. Волгограда','2007-12-26','340-002','Vesna93_93@mail.ru',1,'2012-04-14 08:11:48',0,0,0,0,0,0,0,2,4,'г. Волгоград',8442,'481901',988,'0225706',1,0,39775466,'0000-00-00'),(1507,6922,'Абдурахманов','Гусейн','Магомедович','','1994-02-15','M','Российская Федерация',1,'8208','498944','Отделением УФМС России по Респулике Дагестан в Унцукульском районе','2008-10-18','050-043','ruo.unc@mail.ru',1,'2012-04-16 09:21:37',45,12,1,1,0,1,1,4,1,'Унцукуль',257,'556308',988,'7850685',1,0,772858400,'0000-00-00'),(1508,0,'Закурдаева','Любовь','Ивановна','','0000-00-00','','Российская Федерация',1,'','','','0000-00-00','','libalosk@mail.ru',1,'2012-04-17 02:42:15',0,0,0,0,0,0,0,1,0,'',0,NULL,0,NULL,1,0,3561676624,'0000-00-00'),(1509,0,'Погребной','Василий','Анатольевич','','0000-00-00','','Российская Федерация',1,'','','','0000-00-00','','s260574@rambler.ru',1,'2012-04-19 07:06:23',0,0,0,0,0,0,0,1,0,'',0,NULL,0,NULL,1,0,1522364337,'0000-00-00'),(1510,0,'Нелеп','Николай','Валерьевич','','1987-01-02','M','Российская Федерация',1,'1206','122491','ОУФМС РОССИИ ПО АСТРАХАНСКОЙ ОБЛАСТИ В ГОР. ЗНАМЕНСК','2007-05-25','300-016','nelep_mikola@mail.ru',1,'2012-04-19 07:52:48',45,0,2,1,0,1,1,4,1,'ГОР. КАПУСТИН ЯР-1 АСТРАХАНСКОЙ ОБЛ.',926,'6660109',926,'6660109',3,0,1047967178,'0000-00-00'),(1511,0,'Беляев','Антон','Андреевич','','1989-12-22','M','Российская Федерация',1,'5711','779694','отделом УФМС России по пермскому краю в городе Чайковский','2011-10-12','','belyai89@yandex.ru',1,'2012-04-19 20:44:33',55,13,1,0,0,1,0,3,3,'Чайковский Пермской области',937,'5277461',937,'5277461',1,0,1427827537,'0000-00-00'),(1512,0,'Соловьев','Владимир','Евгеньевич','','1987-02-19','M','Российская Федерация',1,'4508','907859','ОВД \"Чертаново Южное\" города Москвы','2007-03-06','','isollo@mail.ru',1,'2012-04-21 12:11:19',46,12,1,1,1,1,1,4,2,'город Москва',495,'3819574',926,'2748305',3,0,2995581080,'0000-00-00'),(1513,0,'Драченко ','Владислав','Евгеньевич','','0000-00-00','','Российская Федерация',1,'','','','0000-00-00','','vladislavb0x@mail.ru',1,'2012-04-21 15:25:30',0,0,0,0,0,0,0,1,0,'',0,NULL,0,NULL,1,0,1402286150,'0000-00-00'),(1514,0,'Паненко','Александр','Геннадьевич','','1992-08-14','M','Российская Федерация',1,'7507','216598','Отделение УФМС России по Челябинской области в Верхнеуральском районе','2008-03-13','740-009','alek-panenko@mail.ru',1,'2012-04-22 14:10:34',46,0,1,1,0,1,0,3,0,'г.Абай, Карагадинской области, Казахстан',0,NULL,0,NULL,1,0,522744310,'0000-00-00'),(1515,0,'Кольцов','Владимир','Сергеевич','','0000-00-00','','Российская Федерация',1,'','','','0000-00-00','','vova-kolcov@rambler.ru',1,'2012-04-23 14:16:45',0,0,0,0,0,0,0,1,0,'',0,NULL,0,NULL,1,0,1603904477,'0000-00-00'),(1516,0,'Тинников','Сергей','Петрович','','0000-00-00','','Российская Федерация',1,'','','','0000-00-00','','tinnikov_sp@mail.ru',1,'2012-04-24 05:46:45',0,0,0,0,0,0,0,1,0,'',0,NULL,0,NULL,1,0,782656246,'0000-00-00'),(1517,0,'Бреслова','Яна','Александровна','','0000-00-00','','Российская Федерация',1,'','','','0000-00-00','','y.breslova@gmail.com',1,'2012-04-24 07:35:37',0,0,0,0,0,0,0,1,0,'',0,NULL,0,NULL,1,0,1566318626,'0000-00-00'),(1518,0,'Алламурадов','Вепа','Акмурадович','','0000-00-00','','Российская Федерация',1,'','','','0000-00-00','','tmdragon@mail.ru',1,'2012-04-24 07:53:38',0,0,0,0,0,0,0,1,0,'',0,NULL,0,NULL,1,0,3652118540,'0000-00-00'),(1519,0,'Грачева','Алена','Андреевна','','0000-00-00','','Российская Федерация',1,'','','','0000-00-00','','grachenok.90@mail.ru',1,'2012-04-25 04:47:28',0,0,0,0,0,0,0,1,0,'',0,NULL,0,NULL,1,0,528937846,'0000-00-00'),(1520,0,'Горячева','Анастасия','Александровна','','1994-07-10','F','Российская Федерация',1,'8108','202718','ТП УФМС РОСИИ ПО РЕСПУБЛИКЕ БУРЯТИЯ В БАУНТОВСКОМ РАЙОНЕ','2008-08-20','030-011','nikola1007@yndex.ru',1,'2012-04-25 09:28:36',0,0,0,0,0,0,0,2,1,'с.Багдарин Баунтовский район с.Багдарин',30153,'41152',914,'8402767',1,0,1347677545,'0000-00-00'),(1521,0,'Субботина','Татьяна','Григорьевна','','0000-00-00','','Российская Федерация',1,'','','','0000-00-00','','tanun4ik777@mail.ru',1,'2012-04-25 20:10:11',0,0,0,0,0,0,0,1,0,'',0,NULL,0,NULL,1,0,1427829132,'0000-00-00'),(1522,0,'Фирсов','Александр','Геннадьевич','','0000-00-00','','Российская Федерация',1,'','','','0000-00-00','','jaalexxx@gmail.com',1,'2012-04-26 06:29:38',0,0,0,0,0,0,0,1,0,'',0,NULL,0,NULL,1,0,1047073046,'0000-00-00'),(1523,0,'Жданов','Александр','Владимирович','','0000-00-00','M','Российская Федерация',1,'','','','0000-00-00','','a.gdanov.nm@gmail.com',1,'2012-04-26 10:50:01',0,0,1,0,0,0,0,4,1,'',0,'',0,'',1,0,1385287794,'0000-00-00'),(1524,0,'Иванов','Евгений','Борисович','','0000-00-00','','Российская Федерация',1,'','','','0000-00-00','','ivanov-geka@mail.ru',1,'2012-04-27 15:44:17',0,0,0,0,0,0,0,1,0,'',0,NULL,0,NULL,1,0,2151985431,'0000-00-00'),(1526,0,'Воронин','Виталий','Александрович','','1980-08-13','M','Российская Федерация',1,'7501','095719','УВД Орджоникидзевского района гор. Магнитогорска Челябинской обл.','2002-02-13','','rusinzhener@mail.ru',1,'2012-04-28 17:13:26',45,12,1,1,0,1,0,4,1,'г. Магнитогорск',3519,'000000',919,'3236778',1,1,782719012,'0000-00-00'),(1527,0,'Зильберман','Виктория','Эдуардовна','','0000-00-00','','Российская Федерация',1,'','','','0000-00-00','','zilberman1994@mail.ru',1,'2012-04-29 07:08:58',0,0,0,0,0,0,0,1,0,'',0,NULL,0,NULL,1,0,3159086731,'0000-00-00'),(1528,0,'Третьяков','Андрей','Петрович','','0000-00-00','M','Российская Федерация',1,'6703','980644','Новоаганским отделением милиции ОВД Нижневартовского района Ханты-Мансийского автономного округа Тюм','2003-05-24','863-009','tretiy-agan@mail.ru',1,'2012-04-29 08:38:24',8,0,1,1,0,1,0,3,1,'р.п. Новоаганск Нижневартовского района Тюменской области',34668,'51985',982,'5395873',1,0,3155231244,'0000-00-00'),(1529,0,'Апалькова','Алевтина','Борисовна','','0000-00-00','','Российская Федерация',1,'','','','0000-00-00','','apalkova-alevtina@rambler.ru',1,'2012-05-01 12:13:43',0,0,0,0,0,0,0,1,0,'',0,NULL,0,NULL,1,0,1427829187,'0000-00-00'),(1530,0,'Грязнова','Ирина','Геннадьевна','','0000-00-00','','Российская Федерация',1,'','','','0000-00-00','','gryaznovy@list.ru',1,'2012-05-01 14:54:02',0,0,0,0,0,0,0,1,0,'',0,NULL,0,NULL,1,0,1402286154,'0000-00-00'),(1531,0,'Лавренов','Дмитрий','Александрович','','1990-10-18','M','Российская Федерация',1,'1810','551694','Отделом УФМС России по Волгоградской области','2011-02-03','340-007','werowolf_666@mail.ru',1,'2012-05-03 06:27:50',45,12,1,0,0,1,0,4,4,'Волгоградская обл., г.Волгоград',8442,'700091',927,'0626110',1,0,3169415915,'0000-00-00'),(1532,0,'Пананто','Тимур','Бахрамович','','0000-00-00','','Российская Федерация',1,'','','','0000-00-00','','kalashnikov-92@mail.ru',1,'2012-05-04 05:19:06',0,0,0,0,0,0,0,1,0,'',0,NULL,0,NULL,1,0,3002682122,'0000-00-00'),(1533,0,'Алексеев','Е','Н','','0000-00-00','','Российская Федерация',1,'','','','0000-00-00','','solomon17@rambler.ru',1,'2012-05-04 23:00:24',0,0,0,0,0,0,0,1,0,'',0,NULL,0,NULL,1,0,3648413010,'0000-00-00'),(1534,0,'Штин','Сергей','Михайлович','','0000-00-00','','Российская Федерация',1,'','','','0000-00-00','','gigs-69@mail.ru',1,'2012-05-05 07:32:12',0,0,0,0,0,0,0,1,0,'',0,NULL,0,NULL,1,0,3561676153,'0000-00-00'),(1535,0,'Ваньков','Артем ','Вениаминович','','1988-02-27','M','Российская Федерация',1,'9708','615851','ОТДЕЛОМ УФМС РОССИИ ПО ЧУВАШСКОЙ РЕСПУБЛИКЕ В МОСКОВСКОМ РАЙОНЕ ГОР. ЧЕБОКСАРЫ','2008-04-19','210-026','v.art88@yandex.ru',1,'2012-05-06 07:58:31',45,12,1,1,0,1,0,3,1,'Чебоксары',8352,'343211',952,'3102971',1,0,784018467,'0000-00-00'),(1536,0,'Гнатив','Максим','Богданович','','1989-01-24','M','Российская Федерация',1,'8708','315145','отделением УФМС России по республике Коми в гор.Инте','2009-05-06','110-004','baah_89@mail.ru',1,'2012-05-08 05:56:08',45,1,1,1,0,0,1,4,1,'г.Горловка Донецкой области',0,NULL,0,NULL,1,0,1433663675,'0000-00-00'),(1537,0,'Учаев','Олег','','','0000-00-00','','Российская Федерация',1,'','','','0000-00-00','','Oleg.uchaiev@ya.ru',1,'2012-05-08 09:22:31',0,0,0,0,0,0,0,1,0,'',0,NULL,0,NULL,1,0,3162239291,'0000-00-00'),(1538,0,'Тикунов','Андрей','Геннадьевич','','1978-06-13','M','Российская Федерация',1,'0408','738981','оуфмс россии по красноярскому краю в городе лесосибирске','2009-07-23','240-012','gomodrill78@mail.ru',1,'2012-05-08 14:38:02',56,15,1,0,0,1,0,3,2,'узбекская ССР город зарафшан',913,'5657505',913,'5657505',1,0,1357902607,'0000-00-00'),(1539,0,'Белугин','Павел','Игоревич','','0000-00-00','','Российская Федерация',1,'','','','0000-00-00','','DanteGranTorino@yandex.ru',1,'2012-05-08 16:18:02',0,0,0,0,0,0,0,1,0,'',0,NULL,0,NULL,1,0,787620569,'0000-00-00'),(1540,0,'Байкалова','Елизавета','Семеновна','','0000-00-00','','Российская Федерация',1,'','','','0000-00-00','','lisa-baik@mail.ru',1,'2012-05-11 08:55:06',0,0,0,0,0,0,0,1,0,'',0,NULL,0,NULL,1,0,1595651573,'0000-00-00'),(1542,0,'Тикунов','Андрей ','','','0000-00-00','M','Российская Федерация',1,'0408','738981','оуфмс россии по красноярскому краю в городе лесосибирске','2009-07-23','240-012','vitalsamara83@mail.ru',1,'2012-05-13 06:11:17',56,15,1,0,0,1,0,3,2,'узбекская ССР',913,'5657505',913,'5657505',1,0,3654608595,'0000-00-00'),(1543,0,'Балаев','Иван','Евгеньевич','','1985-12-16','M','Российская Федерация',1,'5306','539239','отделением ОУФМС России по оренбургской области в октябрьском районе города орска','2007-07-27','560-007','balaev-ivan@mail.ru',1,'2012-05-13 07:17:58',60,0,1,1,0,1,1,3,1,'Оренбургская обл.город Орск',83537,'287048',912,'3491903',1,0,1427826719,'0000-00-00'),(1544,0,'Кручинин','Сергей','Сергеевич','','0000-00-00','','Российская Федерация',1,'','','','0000-00-00','','skruchinin@yandex.ru',1,'2012-05-13 11:41:31',0,0,0,0,0,0,0,1,0,'',0,NULL,0,NULL,1,0,2965603037,'0000-00-00'),(1545,0,'Осинин','Евгений','Сергеевич','','0000-00-00','','Российская Федерация',1,'','','','0000-00-00','','samuri2@yandex.ru',1,'2012-05-14 23:02:32',0,0,0,0,0,0,0,1,0,'',0,NULL,0,NULL,1,0,1841912853,'0000-00-00'),(1546,6994,'Волков','Станислав','Александрович','','1983-04-15','M','Российская Федерация',1,'1504','369344','ОВД. г Новозыбкова, Брянской области','2005-05-12','322-022','Wolf-bastard@mail.ru',1,'2012-05-15 08:59:36',45,12,1,1,0,1,1,4,1,'Брянская обл. г.Новозыбков',910,'4717707',910,'4717707',1,0,3280994665,'0000-00-00'),(1547,0,'Гутич','Дмитрий','Александрович','','0000-00-00','','Российская Федерация',1,'','','','0000-00-00','','dimon-3x6@mail.ru',1,'2012-05-15 09:25:05',0,0,0,0,0,0,0,1,0,'',0,NULL,0,NULL,1,0,2249301299,'0000-00-00'),(1548,0,'Редькин','Олег','','','0000-00-00','','Российская Федерация',1,'','','','0000-00-00','','info@roleg.ru',1,'2012-05-16 08:21:21',0,0,0,0,0,0,0,1,0,'',0,NULL,0,NULL,1,0,3277555803,'0000-00-00'),(1549,0,'Белоусов','Андрей','Александрович','','0000-00-00','','Российская Федерация',1,'','','','0000-00-00','','andrei.belousov@rambler.ru',1,'2012-05-16 16:08:29',0,0,0,0,0,0,0,1,0,'',0,NULL,0,NULL,1,0,1359557824,'0000-00-00'),(1550,0,'Голубятникова','Яна','Яновна','','1985-05-25','F','Российская Федерация',1,'1411','225036','отделением №1 отдела УФМС России по Белгородской области в гор.Старый Оскол','2012-02-07','310-020','yago-85@bk.ru',1,'2012-05-16 17:49:05',45,1,1,1,0,0,0,3,0,'г.Старый Оскол',0,NULL,0,NULL,1,0,3654608462,'0000-00-00'),(1551,0,'Макаревич','Михаил','Олегович','','0000-00-00','','Российская Федерация',1,'','','','0000-00-00','','mihas_ekb@mail.ru',1,'2012-05-17 05:05:45',0,0,0,0,0,0,0,1,0,'',0,NULL,0,NULL,1,0,3559692486,'0000-00-00'),(1552,0,'Богданова','Анна','Михайловна','','1981-03-07','F','Российская Федерация',1,'4607','242797','ОВД можайского района московской области','2006-07-01','','98-047@list.ru',1,'2012-05-17 13:59:25',0,0,0,0,0,0,0,2,4,'г.Можаайск',903,'1175833',903,'1175833',1,1,1841655812,'0000-00-00'),(1553,0,'Павлова','Мария','Евгеньевна','','0000-00-00','','Российская Федерация',1,'','','','0000-00-00','','only_maria@mail.ru',1,'2012-05-20 02:11:28',0,0,0,0,0,0,0,1,0,'',0,NULL,0,NULL,1,0,3590050638,'0000-00-00'),(1554,0,'Шиян','Ульяна','Владимировна','','0000-00-00','','Российская Федерация',1,'','','','0000-00-00','','ylchana@yandex.ru',1,'2012-05-20 06:59:10',0,0,0,0,0,0,0,1,0,'',0,NULL,0,NULL,1,0,1347595291,'0000-00-00'),(1555,0,'Дерявко','Олег','Игоревич','','1981-11-30','M','Российская Федерация',1,'0402','427201','ПВС 2ГОМ УВД г.Норильска','2002-10-23','243-008','alick_now@mail.ru',1,'2012-05-21 02:49:55',0,0,0,0,0,0,0,2,1,'г.Днепропетровск',3919,'466306',913,'5030505',1,0,3579279678,'0000-00-00'),(1556,0,'Пилипенко','Алексей','Михайлович','','1977-07-03','M','Российская Федерация',1,'0301','387859','Увд Центрального округа г. Новороссийска Краснодарского края','2001-12-28','232-012','adonisa@list.ru',1,'2012-05-21 05:58:40',45,12,1,1,0,1,0,3,1,'г.Новороссийск',8617,'637350',918,'9964828',1,0,1540161627,'0000-00-00'),(1557,0,'Турумбетов','Айбек','Кенесович','','0000-00-00','','Российская Федерация',1,'','','','0000-00-00','','Ai.turim_87@mail.ru',1,'2012-05-22 10:21:37',0,0,0,0,0,0,0,1,0,'',0,NULL,0,NULL,1,0,1597720366,'0000-00-00'),(1559,0,'Будко','Екатерина','Викторовна','','0000-00-00','','Российская Федерация',1,'','','','0000-00-00','','budko.vitek@mail.ru',1,'2012-05-24 05:12:18',0,0,0,0,0,0,0,1,0,'',0,NULL,0,NULL,1,0,772838613,'0000-00-00'),(1560,0,'Панкин','Андрей','','','0000-00-00','','Российская Федерация',1,'','','','0000-00-00','','pankinandrey@mail.ru',1,'2012-05-25 10:08:29',0,0,0,0,0,0,0,1,0,'',0,NULL,0,NULL,1,0,776538748,'0000-00-00'),(1561,0,'Минеев','Илья','Валерьевич','','0000-00-00','','Российская Федерация',1,'','','','0000-00-00','','bobmin83@mail.ru',1,'2012-05-25 10:32:13',0,0,0,0,0,0,0,1,0,'',0,NULL,0,NULL,1,0,1402282780,'0000-00-00'),(1562,0,'Постников','Антон','Иванович','','0000-00-00','','Российская Федерация',1,'','','','0000-00-00','','zhanna499@mail.ru',1,'2012-05-26 21:51:49',0,0,0,0,0,0,0,1,0,'',0,NULL,0,NULL,1,0,1559476002,'0000-00-00'),(1563,0,'Редько ','Инна Олеговна','','','0000-00-00','','Российская Федерация',1,'','','','0000-00-00','','inna@openside.ru',1,'2012-05-29 05:14:27',0,0,0,0,0,0,0,1,0,'',0,NULL,0,NULL,1,0,1336258254,'0000-00-00'),(1564,0,'Клименко','Денис','','','1976-11-21','M','Российская Федерация',1,'4500','865764','2-м п\\с ОВД Можайсий г.Москвы','2001-07-19','','dklimenko@list.ru',1,'2012-05-30 07:29:36',45,12,1,1,0,1,0,4,2,'г.Москва',8920,'0082232',892,'0082232',1,0,781466870,'0000-00-00'),(1565,0,'Заленская ','Ольга','Викторовна','','0000-00-00','','Российская Федерация',1,'','','','0000-00-00','','olga-zalen@yandex.ru',1,'2012-05-30 17:45:47',0,0,0,0,0,0,0,1,0,'',0,NULL,0,NULL,1,0,1832760790,'0000-00-00'),(1566,0,'Плаксин','Иван','','','0000-00-00','','Российская Федерация',1,'','','','0000-00-00','','plaksin.i-v@yandex.ru',1,'2012-05-30 21:15:05',0,0,0,0,0,0,0,1,0,'',0,NULL,0,NULL,1,0,1332695287,'0000-00-00'),(1567,0,'Лобачева','Наталья','Валерьевна','','1988-05-01','F','Российская Федерация',1,'4211','720431','ТП УФМС РОССИИ ПО ЛИПЕЦКОЙ ОБЛАСТИ В ДАНКОВСКОМ РАЙОНЕ','2011-12-27','480-008','jamata@mail.ru',2,'2012-05-31 05:14:17',0,0,1,0,0,0,0,3,4,'с.покровское',8920,'2417039',906,'6888580',1,0,3648413622,'0000-00-00'),(1569,0,'Павлов','Василий','Леонидович','','1973-08-17','M','Российская Федерация',1,'4605','720656','юдинским отделением милиции одинцовского увд московской области','2003-09-30','503-069','ma1der@list.ru',1,'2012-06-04 09:48:40',45,12,4,1,0,1,1,4,4,'Одинцово',917,'5905187',917,'5905187',3,1,1504312173,'0000-00-00'),(1570,0,'Сладков','Вячеслав','Александрович','','1984-03-28','M','Российская Федерация',1,'4509','241354','Отделением по району Отрадное ОУФМС России по гор.Москве в СВАО','2007-08-16','','vyacheslav_sladk@mail.ru',1,'2012-06-04 10:00:39',46,12,1,1,1,1,1,4,2,'Москва',495,'9438366',916,'4996373',3,0,3642547022,'0000-00-00'),(1571,7000,'Дырий','Алексей','Сергеевич','','1991-08-11','M','Российская Федерация',1,'1711','158366','ТП в городе Киржач МРО УФМС России по Владимирской области в г. Александрове','2011-09-08','330-007','pavlenko_barsovo@mail.ru',1,'2012-06-04 17:26:34',45,12,1,1,1,1,0,3,2,'город Херсон УССР',919,'0102250',980,'7527688',1,0,1592655450,'0000-00-00'),(1572,0,'Федорова','Тамара','Валерьевна','','1990-12-01','F','Российская Федерация',1,'6511','095328','отделением УФМС России по свердловской области в невьянском районе','2010-12-23','660-057','aramat1990@mail.ru',2,'2012-06-05 04:52:18',47,3,1,1,0,0,0,4,1,'С.Аятское невьянского района свердловской обл.',34356,'34180',902,'8783214',1,0,1402282794,'0000-00-00'),(1573,0,'Кахрамонов','Темур','Бобир Угли','','0000-00-00','','Российская Федерация',1,'','','','0000-00-00','','temur_3323@mail.ru',1,'2012-06-05 10:44:21',0,0,0,0,0,0,0,1,0,'',0,NULL,0,NULL,1,0,3588643844,'0000-00-00'),(1574,0,'Рудкин','Сергей','Сергеевич','','1981-11-06','M','Российская Федерация',1,'4505','362733','ОВД \"Восточное Измайлово\" г. Москвы','2003-02-28','772-066','ssr@mybank-group.ru',1,'2012-06-06 05:02:36',45,12,1,1,0,1,1,4,1,'г. Рассказово, Томбовской области',499,'4630595',903,'2596875',3,0,3251148037,'0000-00-00'),(1576,0,'Баранов','Александр','Владимирович','','1979-10-23','M','Российская Федерация',1,'4506','378357','П/с №3 ОВД района Бибирево,г.Москвы','2003-08-27','772-136','sanek271@rambler.ru',2,'2012-06-07 16:35:57',47,4,1,1,0,1,0,4,2,'г. Москва',499,'7215486',926,'5890743',1,0,3162238382,'0000-00-00'),(1577,0,'Сороченко','Алексей','Николаевич','','1982-02-10','M','Российская Федерация',1,'6703','972778','Кондинским ПОМ Кондинского р-на ХМАО Тюменской обл.','2003-05-27','','hedin82@bk.ru',1,'2012-06-08 03:37:03',56,15,1,0,0,1,0,3,1,'с.Алтай Кондинского р-на',34638,'40082',922,'4183541',1,0,1357902469,'0000-00-00'),(1578,0,'Зенин','Андрей','Анатольевич','','0000-00-00','','Российская Федерация',1,'','','','0000-00-00','','nahabino_net@mail.ru',1,'2012-06-08 13:00:07',0,0,0,0,0,0,0,1,0,'',0,NULL,0,NULL,1,0,1476103360,'0000-00-00'),(1579,0,'Артюх','Геннадий','','','0000-00-00','','Российская Федерация',1,'','','','0000-00-00','','Gen4601@yandex.ru',1,'2012-06-09 22:02:26',0,0,0,0,0,0,0,1,0,'',0,NULL,0,NULL,1,0,531991649,'0000-00-00'),(1580,0,'Тихов','Роман','Игоревич','','0000-00-00','','Российская Федерация',1,'','','','0000-00-00','','roman.tihov@gmail.com',1,'2012-06-13 05:54:10',0,0,0,0,0,0,0,1,0,'',0,NULL,0,NULL,1,0,3240709640,'0000-00-00'),(1581,0,'Палунин','Артем','Игоревич','','0000-00-00','','Российская Федерация',1,'','','','0000-00-00','','allenkeyn1987@gmail.com',1,'2012-06-14 14:08:34',0,0,0,0,0,0,0,1,0,'',0,NULL,0,NULL,1,0,1503863577,'0000-00-00'),(1582,0,'Ким','Борис','','','0000-00-00','','Российская Федерация',1,'','','','0000-00-00','','mr.med94@bk.ru',1,'2012-06-16 17:52:39',0,0,0,0,0,0,0,1,0,'',0,NULL,0,NULL,1,0,3588641454,'0000-00-00'),(1583,0,'Устинов','Денис','Николаевич','','1980-09-24','M','Российская Федерация',1,'0104','659200','УВД г.Рубцовска','2005-04-27','','Denis_Ustinow@life-rubcovsk.com',2,'2012-06-17 05:56:49',60,0,1,1,0,1,0,3,1,'г.Рубцовск',38557,'24512',929,'3256604',1,0,3240271923,'0000-00-00'),(1584,0,'Динмухаметов','Максим','Игоревич','','0000-00-00','','Российская Федерация',1,'','','','0000-00-00','','zazl92@mail.ru',1,'2012-06-17 09:47:41',0,0,0,0,0,0,0,1,0,'',0,NULL,0,NULL,1,0,1586053680,'0000-00-00'),(1585,0,'Динмухаметов','Максим','Игоревич','','1992-05-18','M','Российская Федерация',1,'6012','023109','УФМС РОССИИ','2011-07-25','610-031','zazl92@yandex.ru',1,'2012-06-17 09:48:59',45,12,1,1,0,0,0,3,1,'Ростовская обл. г.Зверево',577,'0341',926,'0500540',1,0,1586053680,'0000-00-00'),(1586,0,'Щербакова','Светлана','Николаевна','','1992-02-04','F','Российская Федерация',1,'4611','745143','ОВД Луховицкого района','2012-02-29','500-070','pelmeshka_lyalya@mail.ru',1,'2012-06-17 11:22:00',59,0,1,1,0,0,0,3,4,'Луховицы',926,'7636365',926,'7636365',1,1,1402276068,'0000-00-00'),(1587,0,'Бойков','Станислав','Сергеевич','','0000-00-00','','Российская Федерация',1,'','','','0000-00-00','','Stolz87@yandex.ru',1,'2012-06-18 03:47:55',0,0,0,0,0,0,0,1,0,'',0,NULL,0,NULL,1,0,1385289788,'0000-00-00'),(1588,0,'Халецкая','Алена','Владимировна','','0000-00-00','M','Российская Федерация',1,'7611','613495','отделением УФМС России по Забайкальскому краю в краснокаменском районе','2012-04-03','750-019','alesha.haleckaya@mail.ru',1,'2012-06-18 08:12:07',47,0,1,1,0,1,0,3,2,'город Краснокаменск Читинской области',30245,'26021',914,'8066347',1,0,1407880471,'0000-00-00'),(1589,0,'Шинков','Виктор','Витальевич','','1992-09-29','M','Российская Федерация',1,'4510','258789','Отделением по району Южное Бутово ОУФМС России по гор. Москве в ЮЗАО','2009-06-23','770-124','shinkow@mail.ru',1,'2012-06-19 07:10:21',45,12,1,0,0,1,0,3,3,'г. Москва',495,'7156649',916,'2076829',1,0,1307992902,'0000-00-00'),(1590,0,'Азиков','Николай','Игоревич','','0000-00-00','','Российская Федерация',1,'','','','0000-00-00','','azikov@rkz.ru',1,'2012-06-20 07:33:31',0,0,0,0,0,0,0,1,0,'',0,NULL,0,NULL,1,0,3641674562,'0000-00-00'),(1591,0,'Кононова','Ольга','Евгеньевна','','1990-10-11','F','Российская Федерация',1,'5210','929478','отделом № 1 уфмс по омску','2010-10-26','552-001','zmeika52@mail.ru',1,'2012-06-20 08:06:12',60,18,1,1,0,1,0,3,4,'омск',3812,'527211',950,'7822293',1,1,3169327848,'0000-00-00'),(1592,0,'Троянова','Марина','Андреевна','','0000-00-00','','Российская Федерация',1,'','','','0000-00-00','','lula_ms@mail.ru',1,'2012-06-20 16:00:00',0,0,0,0,0,0,0,1,0,'',0,NULL,0,NULL,1,0,1504869320,'0000-00-00'),(1593,0,'Беспалов','Никита','Сергеевич','','1992-11-22','M','Российская Федерация',1,'1705','604295','отделом УФМС России по Владимирской области в Гусь-Хрустальном районе','2007-05-14','','bespalov_n92@mail.ru',1,'2012-06-20 18:14:22',53,14,1,0,0,1,0,4,1,'Гусь-Хрустальный, пр-т Теплицкий 35\"а\"/55',916,'0915626',915,'7715930',1,0,627993757,'0000-00-00'),(1594,0,'Прохоров','Игорь','Иванович','','1975-06-07','M','Российская Федерация',1,'4501','179149','ОВД Головинский города Москвы','2001-07-17','772-086','dom924038@mail.ru',1,'2012-06-20 18:17:37',0,0,0,0,0,0,0,1,1,'г.Москва',0,NULL,0,NULL,1,0,1595474854,'0000-00-00'),(1595,0,'Глазунов','Дмитрий','Васильевич','','1977-01-25','M','Российская Федерация',1,'0400','793517','увд г.минусинска крас. край','2002-03-04','242-039','mitay77@mail.ru',1,'2012-06-23 07:06:58',0,0,0,0,0,0,0,2,1,'г.минусинск',20,'108',913,'5894122',1,0,628147883,'0000-00-00'),(1596,0,'Омарова','Айсел','Мансур-Кызы','','1973-05-23','F','Российская Федерация',1,'1808','162270','Отделом УФМС России по Волгоградской области в Кировском р-не гор. Волгограда','2008-07-04','340-003','lublu_odnovo@mail.ru',1,'2012-06-23 15:12:25',60,18,1,0,0,1,0,3,1,'пос. Большой Царын Октябрьского р-на Руспублики Калмыкия',8442,'444605',937,'5612272',1,0,2966708872,'0000-00-00'),(1597,0,'Насупкин','Александр','Борисович','','1994-11-29','M','Российская Федерация',1,'4510','005455','ОТДЕЛЕНИЕМ ПО РАЙОНУ БИРЮЛЕВО ВОСТОЧНОЕ ОУФМС РОССИИ ПО ГОР. МОСКВЕ В ЮАО','2008-12-30','770-029','2200200@list.ru',1,'2012-06-25 18:38:58',45,12,1,1,0,0,0,4,1,'ГОРОД МОСКВА',495,'3269787',202,'4171523',1,0,1612336960,'0000-00-00'),(1598,0,'Наумов','Виталий','Михайлович','','1983-12-27','M','Российская Федерация',1,'9205','764257','Чистопольским ГРОВД РТ','2005-06-06','162-026','hbvit7@mail.ru',1,'2012-06-26 04:41:56',45,12,1,1,0,1,0,4,4,'с. Чистопольские Выселки Чистопольский район ТАССР',917,'2363442',917,'2363442',1,1,2999758340,'0000-00-00'),(1599,0,'Хабибуллин','Айрат','Асгатович','','1976-04-16','M','Российская Федерация',1,'2503','424606','Ленинским РУВД г. Иркутска','2002-11-05','','a.xabib@gmail.com',1,'2012-06-27 20:32:01',4,0,1,1,0,1,0,3,2,'РТ г. Бугульма',916,'6695106',916,'6695106',1,0,3582613888,'0000-00-00'),(1600,0,'Голиков','Сергей','Анатольевич','','1985-02-20','M','Российская Федерация',1,'4508','036819','ОВД Бирюлево Западное','2005-02-12','772-007','sergus47@yandex.ru',1,'2012-06-28 03:41:50',0,0,0,0,0,0,0,2,1,'г.Москва',495,'3840488',903,'2011000',1,0,1047881646,'0000-00-00'),(1601,0,'Бочкарев','Юрий','Петрович','','1955-07-26','M','Российская Федерация',1,'6503','994360','Рефтинским ОМ Асбестовского ГОВД Свердловской области','2003-03-12','663-013','Yura1528@mail.ru',1,'2012-06-28 05:28:22',45,12,1,1,0,1,0,3,2,'пос.Аяз Дуванского р-на Башкирской АССР',922,'2565406',922,'2565406',1,0,3579310323,'0000-00-00'),(1602,0,'Борняков','Игорь','Владимирович','','0000-00-00','','Российская Федерация',1,'','','','0000-00-00','','garrik@mail.by',1,'2012-06-28 21:17:17',0,0,0,0,0,0,0,1,0,'',0,NULL,0,NULL,1,0,2994442704,'0000-00-00'),(1603,0,'Верютин','Владимир','Александрович','','0000-00-00','','Российская Федерация',1,'','','','0000-00-00','','Vladimirveriutin@rambler.ru',1,'2012-06-29 06:50:34',0,0,0,0,0,0,0,1,0,'',0,NULL,0,NULL,1,0,1357902746,'0000-00-00'),(1604,0,'Сергеев','Александр','Сергеевич','','0000-00-00','','Российская Федерация',1,'','','','0000-00-00','','sergchess@yandex.ru',1,'2012-06-29 11:19:59',0,0,0,0,0,0,0,1,0,'',0,NULL,0,NULL,1,0,1599198876,'0000-00-00'),(1605,0,'Муксинов','Руслан','Мазитович','','1977-04-10','M','Российская Федерация',1,'3202','798668','Беловским УВД Кемеровской обл.','2002-09-13','','mukrus@mail.ru',1,'2012-06-29 13:54:13',4,0,1,1,0,1,0,4,1,'Бекабад Узбекская ССР',861,'2546964',928,'0401159',1,1,782206308,'0000-00-00'),(1606,0,'Зиновьева','Наталья','Юрьевна','','1982-08-17','F','Российская Федерация',1,'4606','274149','Электроуглинским ГОМ УВД Ногинского р-на Московской области','2005-01-26','503-062','nata_zin@bk.ru',1,'2012-07-01 06:22:40',51,0,1,1,1,1,0,4,2,'гор. Электроугли Ногинского района  Московской области',916,'9734763',916,'9734763',1,1,1044335884,'0000-00-00'),(1607,0,'Потапова ','Валерия','Юрьевна','','1994-08-20','M','Российская Федерация',1,'4509','907125','отделением по району Бескудниковский ОУФМС Росии по гор.Москве в САО','2008-09-01','770-015','lera_tupaya@mail.ru',1,'2012-07-01 07:18:43',0,0,0,0,0,0,0,2,1,'гор.Александрия Кировоградской обл. Украина',495,'4811295',915,'3509552',1,0,1841610099,'0000-00-00'),(1608,0,'Йцу','Йцу','','','1973-01-02','M','Российская Федерация',1,'55','555555','4543gfdg dfgbdfgвапвапвпвап','1991-01-17','','test@test.ru',1,'2012-07-02 05:59:14',0,0,0,0,0,0,0,2,1,'паиапиаипавпи',555,'5555555',555,'5555555',1,1,3650410915,'0000-00-00'),(1609,0,'Тимофей','Ковалев','Вячеславович','','0000-00-00','','Российская Федерация',1,'','','','0000-00-00','','t.kovalev@gmail.com',1,'2012-07-03 06:19:18',0,0,0,0,0,0,0,1,0,'',0,NULL,0,NULL,1,0,2995550724,'0000-00-00'),(1610,0,'Градополов ','Константин','Сергеевич','','0000-00-00','','Российская Федерация',1,'','','','0000-00-00','','KGradopolov@yandex.ru',1,'2012-07-05 07:01:18',0,0,0,0,0,0,0,1,0,'',0,NULL,0,NULL,1,0,3280322577,'0000-00-00'),(1612,0,'Ложкина','Екатерина','Викторовна','','0000-00-00','','Российская Федерация',1,'','','','0000-00-00','','Lozhkina_93@list.ru',1,'2012-07-06 07:13:48',0,0,0,0,0,0,0,1,0,'',0,NULL,0,NULL,1,0,3162169369,'0000-00-00'),(1613,0,'Соловьев','Александр','Сергеевич','','0000-00-00','','Российская Федерация',1,'','','','0000-00-00','','Apecs3@yandex.ru',1,'2012-07-08 18:59:18',0,0,0,0,0,0,0,1,0,'',0,NULL,0,NULL,1,0,1559475504,'0000-00-00'),(1614,0,'Немкова','Софья','Максимовна','','1991-10-01','F','Российская Федерация',1,'4704','978409','ОВД по Мурманской обл. г. Ковдора','2005-11-01','','egik-sonik@mail.ru',1,'2012-07-08 21:26:15',14,0,1,0,0,1,0,3,1,'г. Ковдор, Мурманской обл.',81153,'91090',953,'2420487',1,1,1844341668,'0000-00-00'),(1615,0,'Жукова ','Светлана','Петровна','','0000-00-00','','Российская Федерация',1,'','','','0000-00-00','','ekaterina-mihalchenko@mail.ru',1,'2012-07-09 13:25:32',0,0,0,0,0,0,0,1,0,'',0,NULL,0,NULL,1,0,1595430728,'0000-00-00'),(1616,0,'Скопкарев','Игорь','Владимирович','','0000-00-00','','Российская Федерация',1,'','','','0000-00-00','','sigorv1@mail.ru',1,'2012-07-10 09:24:43',0,0,0,0,0,0,0,1,0,'',0,NULL,0,NULL,1,0,2989595539,'0000-00-00'),(1617,0,'Савина','Зоя','Николаевна','','0000-00-00','','Российская Федерация',1,'','','','0000-00-00','','sav-z1004@yandex.ru',1,'2012-07-10 12:20:30',0,0,0,0,0,0,0,1,0,'',0,NULL,0,NULL,1,0,1427829119,'0000-00-00'),(1618,0,'Леонов','Александр','Юрьевич','','1992-11-07','M','Российская Федерация',1,'4508','808765','ОВД РАЙОНА ЗАМОСКВОРЕЧЬЯ УВД ЦАО Г. МОСКВЫ','2006-01-14','772-120','demonx27@gmail.com',1,'2012-07-11 11:46:18',45,12,1,0,0,1,0,3,2,'г.Москва',985,'6007761',985,'6007761',1,0,1504277035,'0000-00-00'),(1619,0,'Амирханова ','Юлдуз','Амирхановна','','0000-00-00','','Российская Федерация',1,'','','','0000-00-00','','super.iulduz@yandex.ru',1,'2012-07-17 20:25:33',0,0,0,0,0,0,0,1,0,'',0,NULL,0,NULL,1,0,1307055382,'0000-00-00'),(1620,0,'Савенков','Александр','Владимирович','','1978-11-05','M','Российская Федерация',1,'4511','023786','Отделением по р-ну Орехово-Борисово Южное ОУФМС России по гор.Москве в ЮАО','2010-12-24','770-040','savenkovav@ya.ru',1,'2012-07-18 07:41:06',50,1,3,1,0,1,1,4,4,'город Дзержинск Горьковской области',495,'3974456',915,'0534514',3,0,1336175091,'0000-00-00'),(1621,0,'Архипов','Александр','Викторович','','1989-02-14','M','Российская Федерация',1,'4608','634523','ТП в мкр. Ухтомского ОУФМС России по МО в Люберецком р-не','2009-04-28','500-075','mosika-91@mail.ru',1,'2012-07-18 12:08:50',45,12,1,1,0,1,0,4,3,'Россия',495,'5599953',967,'2894807',1,0,2953753782,'0000-00-00'),(1622,0,'Головачева','Марина','Михайловна','','0000-00-00','','Российская Федерация',1,'','','','0000-00-00','','marinagolovacheva1974@gmail.com',1,'2012-07-19 02:30:02',0,0,0,0,0,0,0,1,0,'',0,NULL,0,NULL,1,0,3648405536,'0000-00-00'),(1623,0,'Ковалев','Александр','Андреевич','','1985-07-30','M','Российская Федерация',1,'4508','030536','ОВД района Крюково УВД Зеленоградского округа города Москвы','2005-09-02','772-104','blajimir@list.ru',1,'2012-07-20 11:06:12',45,0,1,1,0,1,1,4,2,'Зеленоград',499,'7174441',926,'6906418',3,0,2995522802,'0000-00-00'),(1624,0,'Минеев ','Денис ','Александрович','','0000-00-00','','Российская Федерация',1,'','','','0000-00-00','','mineev_2012@mail.ru',1,'2012-07-20 13:06:11',0,0,0,0,0,0,0,1,0,'',0,NULL,0,NULL,1,0,1427809376,'0000-00-00'),(1625,0,'Хамидилло','Махмурзаев','','','0000-00-00','','Российская Федерация',1,'','','','0000-00-00','','j_anderson@mail.ru',1,'2012-07-21 04:32:46',0,0,0,0,0,0,0,1,0,'',0,NULL,0,NULL,1,0,1502759067,'0000-00-00'),(1626,0,'Балахничева','Ирина','Сергеевна','','0000-00-00','','Российская Федерация',1,'','','','0000-00-00','','irina-uis@ya.ru',1,'2012-07-21 10:43:17',0,0,0,0,0,0,0,1,0,'',0,NULL,0,NULL,1,0,3156259906,'0000-00-00'),(1627,0,'Телков','Олег','Олегович','','0000-00-00','','Российская Федерация',1,'','','','0000-00-00','','NEO_19-94@mail.ru',1,'2012-07-21 20:55:17',0,0,0,0,0,0,0,1,0,'',0,NULL,0,NULL,1,0,1427809291,'0000-00-00'),(1628,0,'Бучнев','Максим','Дмитриевич','','1994-03-07','M','Российская Федерация',1,'4908','861170','отделом УФМС России по Новгородской области в городе \"Великий Новгород\"','2008-05-28','530-002','skatina0@mail.ru',1,'2012-07-23 09:57:20',45,12,1,0,0,0,0,4,1,'гор. Новгород',499,'2005278',964,'5874638',1,0,1845260715,'0000-00-00'),(1629,0,'Токарский','Александр','Александрович','','0000-00-00','','Российская Федерация',1,'','','','0000-00-00','','lordrats@mai.ru',1,'2012-07-23 16:53:56',0,0,0,0,0,0,0,1,0,'',0,NULL,0,NULL,1,0,784076421,'0000-00-00'),(1630,0,'Симму','Анастас Гонне','','','0000-00-00','','Российская Федерация',1,'','','','0000-00-00','','anasthases@yahoo.fr',1,'2012-07-26 13:13:31',0,0,0,0,0,0,0,1,0,'',0,NULL,0,NULL,1,0,1531735430,'0000-00-00'),(1631,0,'Решетникова','Юлия','Андреевна','','0000-00-00','','Российская Федерация',1,'','','','0000-00-00','','julie.reshetnikova@gmail.com',1,'2012-07-26 14:06:24',0,0,0,0,0,0,0,1,0,'',0,NULL,0,NULL,1,0,1294714388,'0000-00-00'),(1632,0,'Утробин','Дмитрий','Владимирович','','1981-08-30','M','Российская Федерация',1,'4504','618932','ОВД \"Чертаново - Северное\" г. Москвы','2002-11-22','','u-dmitry@mail.ru',1,'2012-07-27 11:40:45',4,0,1,1,0,1,0,3,1,'г. Москва',495,'3163786',906,'7387386',1,1,1049450906,'0000-00-00'),(1633,0,'Папахчян','Валерий','Юрьвич','','1995-06-29','M','Российская Федерация',1,'0309','269150','отделением уфмс россии по краснодарскому краю в кавказском районе','2009-07-22','230-034','papahchyan@bk.ru',1,'2012-07-27 12:16:46',0,0,0,0,0,0,0,2,1,'ст.Темежбекская кавказский р-на краснодарский край',8861,'9351398',918,'0206251',1,1,782129555,'0000-00-00'),(1634,0,'Дудниченко','Максим','Иванович','','0000-00-00','','Российская Федерация',1,'','','','0000-00-00','','mr_ha_us@mail.ru',1,'2012-07-27 12:42:11',0,0,0,0,0,0,0,1,0,'',0,NULL,0,NULL,1,0,1566334017,'0000-00-00'),(1635,0,'Никитченко','Денис','Юрьевич','','1973-01-08','M','Российская Федерация',1,'4598','247161','ОВД\"Марьинский парк\"г. Москвы','1999-06-22','772-083','nikitchenko2@rambler.ru',1,'2012-07-28 09:04:54',0,0,0,0,0,0,0,2,1,'г.Люберцы Московской обл.',495,'3460960',903,'2076328',1,0,1531905428,'0000-00-00'),(1636,0,'Ксенофонтова','Дарья','Владимировна','','0000-00-00','','Российская Федерация',1,'','','','0000-00-00','','darya1980@mail.ru',1,'2012-07-29 11:01:21',0,0,0,0,0,0,0,1,0,'',0,NULL,0,NULL,1,0,1546544062,'0000-00-00'),(1638,0,'Рогачева','Марина','Евгеньевна','','1971-04-27','F','Кыргызстан',1,'AN','2098051','ИИМ 50-55','2010-12-30','','rm2003@list.ru',1,'2012-07-30 10:29:52',8,0,6,1,0,1,1,4,1,'Кыргызстан',312,'578863',550,'558078',0,0,1307252106,'0000-00-00'),(1639,0,'Кауда','Игорь','Иванович','','1989-07-06','M','Российская Федерация',1,'9009','923422','отделом уфмс росспо респ северная осетия- аланияния ии','2009-08-12','150-006','2206071989@mail.ru',1,'2012-07-30 18:23:26',0,0,1,0,0,0,0,3,2,'г орджоникидзе соасср',8639,'32892',960,'4048167',1,0,1603904108,'0000-00-00'),(1640,0,'Амочкин','Михаил','Александрович','','0000-00-00','','Российская Федерация',1,'','','','0000-00-00','','alenka_1408@mail.ru',1,'2012-07-30 20:38:03',0,0,0,0,0,0,0,1,0,'',0,NULL,0,NULL,1,0,1604815747,'0000-00-00'),(1641,0,'Касьянов','Максим','Анатольевич','','1976-05-05','M','Российская Федерация',1,'4708','205766','Отдел УФМС России по Мурманской области в Первомайском АО г.МУрманска','2009-06-29','','kasyanov-max@yandex.ru',1,'2012-07-31 12:55:10',45,12,1,1,0,1,0,4,2,'г. Херсон',918,'7626557',918,'7626557',1,0,1489665092,'0000-00-00'),(1642,0,'Харатян','Владимир','','','0000-00-00','','Российская Федерация',1,'','','','0000-00-00','','vovchikwaza@mail.ru',1,'2012-08-01 16:03:58',0,0,0,0,0,0,0,1,0,'',0,NULL,0,NULL,1,0,1397072718,'0000-00-00'),(1643,0,'Курамшин','Рафаэль','Абдулхаевич','','0000-00-00','','Российская Федерация',1,'','','','0000-00-00','','raf-82@inbox.ru',1,'2012-08-02 15:45:13',0,0,0,0,0,0,0,1,0,'',0,NULL,0,NULL,1,0,1559472096,'0000-00-00'),(1644,0,'Спевак ','Константин','Егорович','','0000-00-00','','Российская Федерация',1,'','','','0000-00-00','','spevak.konstantin@mail.ru',1,'2012-08-06 05:19:14',0,0,0,0,0,0,0,1,0,'',0,NULL,0,NULL,1,0,1407865866,'0000-00-00'),(1645,0,'Сарварутдинов','Руслан','Раисович','','0000-00-00','','Российская Федерация',1,'','','','0000-00-00','','rsarvarutdinov@yandex.ru',1,'2012-08-07 12:26:59',0,0,0,0,0,0,0,1,0,'',0,NULL,0,NULL,1,0,1599400508,'0000-00-00'),(1646,0,'Громова','Наталья','Алексеевна','','1980-12-16','F','Российская Федерация',1,'7011','286189','ТП УФМС России по Тульской области в Куркинском районе','2011-09-13','710-029','gromova50@yandex.ru',1,'2012-08-08 08:08:42',47,0,1,0,0,0,0,3,1,'дер.Грачевка Курского р-на Тульской обл.',0,NULL,903,'2400409',1,0,630243765,'0000-00-00'),(1647,0,'Афонина','Вера','Вениаминовна','','0000-00-00','','Российская Федерация',1,'','','','0000-00-00','','afonina1989@bk.ru',1,'2012-08-10 02:10:16',0,0,0,0,0,0,0,1,0,'',0,NULL,0,NULL,1,0,1347677551,'0000-00-00'),(1648,0,'Макаров','Валентин','Сергеевич','','1984-04-13','M','Российская Федерация',1,'4606','142586','УВД Воскресенского района Московской области','2004-07-01','503-012','makarov_valya@mail.ru',1,'2012-08-10 03:58:44',45,12,1,1,0,1,0,3,2,'Московская область г. Воскресенск',49644,'10300',926,'5795086',1,0,1475712678,'0000-00-00'),(1649,0,'Метлюков','Петр','Владимирович','','1975-07-02','M','Российская Федерация',1,'3204','867110','ОВД Ленинского р-на г. Кемерово ','2005-03-17','422-002','petrokom42@mail.ru',1,'2012-08-10 07:28:41',59,17,1,1,0,1,0,3,4,'г. Кемерово',3842,'371800',903,'9443029',1,1,1572760609,'0000-00-00'),(1650,0,'Горбунов','Роман','Александрович','','0000-00-00','M','Российская Федерация',1,'6511','348870','Отделением УФМС Росси по Свердловской области в Дзержинском р-не гор. Нижнего Тагила','2012-02-24','660-014','evysq@list.ru',1,'2012-08-10 13:01:40',45,12,1,1,0,1,0,3,1,'Гор. Нижний Тагил Свердловская обл.',963,'4485432',963,'4485432',1,0,521740108,'0000-00-00'),(1651,0,'Курошев','Юрий','Анатольевич','','1964-04-15','M','Российская Федерация',1,'6609','484162','МО УФМС России по Смоленской области в городе Ярцево','2009-05-14','670-029','sektor64@rambler.ru',1,'2012-08-10 15:46:12',45,0,1,1,0,1,1,4,1,'д.Калиновка, Ярцевского р-на, Смоленской обл.',915,'6312338',915,'6312338',1,0,3641689923,'0000-00-00'),(1652,0,'Илгунова','Марианна','','','0000-00-00','','Российская Федерация',1,'','','','0000-00-00','','marianna.ilgunowa@yandex.ru',1,'2012-08-11 22:38:19',0,0,0,0,0,0,0,1,0,'',0,NULL,0,NULL,1,0,786795802,'0000-00-00'),(1653,0,'Куринов','Дмитрий','Викторович','','0000-00-00','','Российская Федерация',1,'','','','0000-00-00','','diman100-74@mail.ru',1,'2012-08-12 10:17:13',0,0,0,0,0,0,0,1,0,'',0,NULL,0,NULL,1,0,1507767524,'0000-00-00'),(1654,0,'Фурман','Владимир','','','1996-08-06','M','Российская Федерация',1,'0000','000000','Никем','2010-01-19','','xxxcc.ccxxx@mail.ru',1,'2012-08-12 16:11:30',58,16,1,0,0,0,0,4,1,'Пожарск',0,'0000',924,'812269',1,0,1604814886,'0000-00-00'),(1655,0,'Федорова','Ирина','Ивановна','','0000-00-00','','Российская Федерация',1,'','','','0000-00-00','','5802975@rambler.ru',1,'2012-08-13 08:29:18',0,0,0,0,0,0,0,1,0,'',0,NULL,0,NULL,1,0,1539469345,'0000-00-00'),(1656,0,'Старун','Игорь','Евгеньевич','','0000-00-00','','Российская Федерация',1,'','','','0000-00-00','','starun.igor@e-mаil.ru',1,'2012-08-13 09:53:31',0,0,0,0,0,0,0,1,0,'',0,NULL,0,NULL,1,0,3654608703,'0000-00-00'),(1657,0,'Старун','Игорь','Евгеньевич','','0000-00-00','M','Российская Федерация',1,'2504','125287','овд киренского района иркутской области','2003-12-18','382-013','starun.igor@e-mail.ru',1,'2012-08-14 03:07:39',53,14,1,0,1,1,0,4,2,'рф иркутская область город киренск',39567,'21857',964,'5448516',1,0,1433662330,'0000-00-00'),(1658,0,'Карташов','Юрий','Алексеевич','','0000-00-00','','Российская Федерация',1,'','','','0000-00-00','','atitaeva@inbox.ru',1,'2012-08-14 11:11:43',0,0,0,0,0,0,0,1,0,'',0,NULL,0,NULL,1,0,3162242086,'0000-00-00'),(1659,0,'Прудников','Сергей','Владимирович','','1984-06-13','M','Российская Федерация',1,'1804','430150','УВД Дзержинского района гор.Волгограда','2004-07-23','342-002','s_prudnikov@yahoo.com',1,'2012-08-14 19:11:49',45,0,1,0,0,0,1,4,1,'Волгоград',0,NULL,909,'1565821',3,0,776575119,'0000-00-00'),(1660,0,'Гуров','Игорь','Владимирович','','1985-08-31','M','Российская Федерация',1,'4607','457678','1 гом раменского УВД','2005-01-13','','Giv85@inbox.ru',1,'2012-08-14 20:28:10',0,0,0,0,0,0,0,2,1,'Люберцы мо',496,'32232',925,'0004897',1,0,1052117252,'0000-00-00'),(1661,0,'Кудрявцев','Сергей','Николаевич','','1987-09-04','M','Российская Федерация',1,'4608','057348','ТП в гор. Видное ОУФМС России по Московской обл. в Ленинском р-не','2008-04-02','500-063','skud87@gmail.com',1,'2012-08-15 19:01:57',45,0,1,1,0,1,1,4,1,'гор. Видное Московской обл.',496,'7973399',926,'1367002',3,0,1598643187,'0000-00-00'),(1662,0,'Мухачев','Александр','Васильевич','','1995-07-13','M','Российская Федерация',1,'3409','953425','от-ом УФМС России по Костромской обл. в Шарьинском районе ','2009-08-20','440-028','deimos-deimos1@bk.ru',1,'2012-08-19 08:39:56',0,0,0,0,0,0,0,2,1,'Шарья ',910,'1999278',910,'1999278',1,0,1839270067,'0000-00-00'),(1663,0,'Сахарова','Анна','Дмитриевна','','1996-11-17','F','Российская Федерация',1,'4511','069489','отделом УФМС Нагатинский затон','2011-04-27','770-036','an-an00@inbox.ru',1,'2012-08-20 04:49:38',60,18,1,1,0,1,0,3,1,'город Москва',8499,'6182527',964,'5112110',1,0,1604675202,'0000-00-00'),(1664,0,'Роднова','Анна','Анатольевна','','0000-00-00','','Российская Федерация',1,'','','','0000-00-00','','rodnovaann@mail.ru',1,'2012-08-20 06:51:22',0,0,0,0,0,0,0,1,0,'',0,NULL,0,NULL,1,0,1313939339,'0000-00-00'),(1665,0,'Колабадзе','Вахтанг','Гургенович','','0000-00-00','','Российская Федерация',1,'','','','0000-00-00','','s-mart76@mail.ru',1,'2012-08-20 07:15:22',0,0,0,0,0,0,0,1,0,'',0,NULL,0,NULL,1,0,1841744233,'0000-00-00'),(1666,0,'Азимов','Эмиль','Ялчын Оглы','','0000-00-00','','Российская Федерация',1,'','','','0000-00-00','','streetdance999@mail.ru',1,'2012-08-20 11:11:20',0,0,0,0,0,0,0,1,0,'',0,NULL,0,NULL,1,0,628268821,'0000-00-00'),(1667,0,'Кондакова','Светлана','','','0000-00-00','','Российская Федерация',1,'','','','0000-00-00','','goezzesw@mail.ru',1,'2012-08-23 18:07:17',0,0,0,0,0,0,0,1,0,'',0,NULL,0,NULL,1,0,776596257,'0000-00-00'),(1668,0,'Фокеев ','Владимир','Андреевич','','1987-08-29','M','Российская Федерация',1,'3807','481588','Отд.№3 ОУФМС РОССИИ по Курск.обл. в ЦАО г. Курска','2007-09-26','460-005','vl.fokeev@yandex.ru',1,'2012-08-25 07:40:04',17,0,1,0,0,1,0,3,1,'г.Шевченко, Казахской ССР',0,'0000000',925,'8048170',1,1,2997961404,'0000-00-00'),(1670,0,'Арсланов','Альберт','Асфарович','','0000-00-00','','Российская Федерация',1,'','','','0000-00-00','','arsen4165@yandex.ru',1,'2012-08-26 14:01:46',0,0,0,0,0,0,0,1,0,'',0,NULL,0,NULL,1,0,1427809427,'0000-00-00'),(1671,0,'Прищепа','Наталья','Александровна','','1981-02-05','F','Российская Федерация',1,'4606','210948','Красногорским УВД МО','2004-05-05','','napspb@mail.ru',1,'2012-08-29 10:28:20',0,0,0,0,0,0,0,2,1,'Санкт-Петербург',926,'5400868',926,'5400868',1,1,1595712973,'0000-00-00'),(1672,0,'Мишин','Станислав','','','1983-07-29','M','Российская Федерация',1,'7003','175817','ОВД Советского р-на г. Тулы','2003-08-18','','0119939@rambler.ru',1,'2012-08-29 11:33:26',4,0,1,1,0,1,0,3,4,'Алексин Тульская обл',910,'1683561',910,'9446324',1,1,3645075837,'0000-00-00'),(1673,0,'Шашкарова','Маргарита','Валериановна','','1989-09-30','F','Российская Федерация',1,'4608','590265','УФМС по Мо','2009-11-06','500-043','Shashkarova89@mail.ru',1,'2012-08-29 22:04:06',47,3,1,1,0,1,0,3,2,'п. Большое Руново',985,'2413349',985,'2413349',1,0,2959823287,'0000-00-00'),(1674,0,'Нечаев','Александр','','','0000-00-00','','Российская Федерация',1,'','','','0000-00-00','','sudex69@mail.ru',1,'2012-08-30 12:18:52',0,0,0,0,0,0,0,1,0,'',0,NULL,0,NULL,1,0,1841645911,'0000-00-00'),(1675,0,'Мирзоева','Зибар','Бахтияр','','0000-00-00','','Российская Федерация',1,'','','','0000-00-00','','kutula-2007@mail.ru',1,'2012-09-01 05:15:22',0,0,0,0,0,0,0,1,0,'',0,NULL,0,NULL,1,0,3170747009,'0000-00-00'),(1676,0,'Шемсединов','Зиядин','Исламович','','0000-00-00','','Российская Федерация',1,'','','','0000-00-00','','derges@list.ru',1,'2012-09-02 18:08:42',0,0,0,0,0,0,0,1,0,'',0,NULL,0,NULL,1,0,1369649469,'0000-00-00'),(1677,0,'Ротко','Анна','Ивановна','','1973-04-26','F','Российская Федерация',1,'4607','750614','ТП ОУФМС России по Московской обл в Дмитровском р-не в пос.Икше','2007-07-23','','anyarotko@yandex.ru',1,'2012-09-04 05:29:43',56,15,1,0,0,1,0,3,1,'Гор.Курск',985,'3372737',915,'3228969',1,0,3579282000,'0000-00-00'),(1678,0,'Кузнецова','Ольга','Владимировна','','0000-00-00','','Российская Федерация',1,'','','','0000-00-00','','olga123-87@mail.ru',1,'2012-09-04 07:05:40',0,0,0,0,0,0,0,1,0,'',0,NULL,0,NULL,1,0,1431922198,'0000-00-00'),(1679,0,'Агарагимов','Рашад','','','0000-00-00','','Российская Федерация',1,'','','','0000-00-00','','sheshi9@mail.ru',1,'2012-09-04 08:36:53',0,0,0,0,0,0,0,1,0,'',0,NULL,0,NULL,1,0,628265930,'0000-00-00'),(1680,0,'Слепцова','Ирина','Николаевна','','1990-02-24','F','Российская Федерация',1,'7310','810328','МОУФМС России по Ульяновской области в городе Димитровграде','2011-02-01','730-005','scaglietty@yandex.ru',1,'2012-09-04 09:31:13',0,0,0,0,0,0,0,2,1,'гор. Зарафшан Бухарской обл. Узбекской ССР',784,'51835',987,'6313373',1,0,1504903254,'0000-00-00'),(1681,0,'Эфендиев','Али','Ратан Оглы','','0000-00-00','','Российская Федерация',1,'','','','0000-00-00','','aliafandiyev@gmail.com',1,'2012-09-07 06:30:02',0,0,0,0,0,0,0,1,0,'',0,NULL,0,NULL,1,0,1502868100,'0000-00-00'),(1682,0,'Корольков','Михаил','Сергеевич','','0000-00-00','','Российская Федерация',1,'','','','0000-00-00','','michel983@yandex.ru',1,'2012-09-09 21:13:21',0,0,1,0,0,0,0,1,0,'',0,NULL,0,NULL,1,0,3156219394,'0000-00-00'),(1683,0,'Багаутдинов','Сергей','','','0000-00-00','','Российская Федерация',1,'','','','0000-00-00','','bagautd@rambler.ru',1,'2012-09-10 12:09:00',0,0,1,0,0,0,0,1,0,'',0,NULL,0,NULL,1,0,1481950395,'0000-00-00'),(1684,0,'Зубков','Георгий','Викторович','','1987-08-15','M','Российская Федерация',1,'4509','458326','паспортный стол 3','2009-01-16','222-112','mami@russia.ru',1,'2012-09-11 06:40:04',45,12,1,1,0,1,0,4,1,'г.Москва',389,'32332',913,'2332321',1,0,1399235237,'0000-00-00'),(1685,0,'Князева','Елена','Владимировна','','0000-00-00','','Российская Федерация',1,'','','','0000-00-00','','kl_2501@mail.ru',1,'2012-09-11 07:46:50',0,0,1,0,0,0,0,1,0,'',0,NULL,0,NULL,1,0,3652117986,'0000-00-00'),(1686,0,'Рожков','Евгений','Борисович','','0000-00-00','M','Российская Федерация',1,'6408','668249','отделением УФМС РОССИИ по сахалинской обл в холмском районе','2008-05-08','650-019','Leon5511@ya.ru',1,'2012-09-12 04:53:32',50,1,1,1,0,1,0,3,1,'с.боголюбова бишкульского р-на северо-казахстанской обл',42433,'56199',914,'7535646',1,0,3654608418,'0000-00-00'),(1687,0,'Пак','Владимир','Енисеевич','','0000-00-00','','Российская Федерация',1,'','','','0000-00-00','','Leevlad@list.ru',1,'2012-09-12 21:25:18',0,0,1,0,0,0,0,1,0,'',0,NULL,0,NULL,1,0,3162241057,'0000-00-00'),(1688,0,'Себеханов','Узейри','Шабанович','','0000-00-00','','Российская Федерация',1,'','','','0000-00-00','','ramila1982@list.ru',1,'2012-09-13 16:43:59',0,0,1,0,0,0,0,1,0,'',0,NULL,0,NULL,1,0,1559808993,'0000-00-00'),(1689,0,'Курилов','Игорь','Андреевич','','1991-12-13','M','Российская Федерация',1,'3311','113676','тп уфмс россии по кировской области в лузском районе','2012-05-14','430-016','rluza@yandex.ru',2,'2012-09-14 01:23:16',60,18,1,1,0,1,0,3,1,'пос. новый, гиагинского района, сср адыгея',963,'4300678',963,'4300678',1,0,1402283427,'0000-00-00'),(1690,0,'Тряпкин','Максим','Петрович','','0000-00-00','','Российская Федерация',1,'','','','0000-00-00','','engtatch@mail.ru',1,'2012-09-14 10:09:45',0,0,1,0,0,0,0,1,0,'',0,NULL,0,NULL,1,0,1402279281,'0000-00-00'),(1691,0,'Аллахвердиев','Асим','Фазиль','','0000-00-00','','Российская Федерация',1,'','','','0000-00-00','','deadmetal91@mail.ru',1,'2012-09-15 16:36:01',0,0,1,0,0,0,0,1,0,'',0,NULL,0,NULL,1,0,1578406035,'0000-00-00'),(1692,0,'Жуков ','Алексей','Евгеньевич','','0000-00-00','M','Российская Федерация',1,'5004','340602','ОВД Заельцовского района город Новосибирск','2003-10-28','','adfens@gmail.com',1,'2012-09-15 18:40:59',47,3,1,1,0,1,0,4,2,'Новосибирск',383,'2268556',913,'9550055',1,0,3567530988,'0000-00-00'),(1693,0,'Никонов','Максим ','Игоревич','','0000-00-00','','Российская Федерация',1,'','','','0000-00-00','','niknv-maks@rambler.ru',1,'2012-09-16 17:15:42',0,0,1,0,0,0,0,1,0,'',0,NULL,0,NULL,1,0,1608331812,'0000-00-00'),(1694,0,'Лемехова','Наталья','','','0000-00-00','','Российская Федерация',1,'','','','0000-00-00','','zhyk-zhyk@rambler.ru',1,'2012-09-17 07:09:57',0,0,1,0,0,0,0,1,0,'',0,NULL,0,NULL,1,0,1598503634,'0000-00-00'),(1695,0,'Исаков','Тимофей','','','0000-00-00','','Российская Федерация',1,'','','','0000-00-00','','tim-isakov@yandex.ru',1,'2012-09-18 06:43:30',0,0,1,0,0,0,0,1,0,'',0,NULL,0,NULL,1,0,3564064613,'0000-00-00'),(1696,0,'Танаева','Виктория','Анатольевна','','1988-09-04','M','Российская Федерация',1,'8808','930635','ТП УФМС РОССИИ ПО РЕСПУБЛИКЕ МАРИЙ ЭЛ В ВОЛЖСКОМ РАЙОНЕ','2008-09-08','120-003','viktoria-04-88@mail.ru',1,'2012-09-18 12:23:31',50,1,1,1,0,0,0,4,1,'ГОР.ТАШКЕНТ',8921,'1852419',892,'7911353',1,0,1842214962,'0000-00-00'),(1697,0,'Бабков','Григорий','','','0000-00-00','','Российская Федерация',1,'','','','0000-00-00','','gbabkov@mail.ru',1,'2012-09-19 12:38:42',0,0,1,0,0,0,0,1,0,'',0,NULL,0,NULL,1,0,3560532426,'0000-00-00'),(1698,0,'Багаманов','Анвар','Альфретович ','','1995-07-05','M','Российская Федерация',1,'9209','680223','Отделением УФМС России по Республике Татарстан в Кукморском районе','2009-07-24','160-046','anvar-bagamanov@mail.ru',1,'2012-09-19 14:59:35',59,17,1,1,0,1,0,3,1,'РТ Кукморский р-н , ',84364,'31728',919,'6486870',1,0,2999756505,'0000-00-00'),(1699,0,'Лазаренко','Юрий','Михайлович','','0000-00-00','','Российская Федерация',1,'','','','0000-00-00','','yur1212@mail.ru',1,'2012-09-20 06:35:10',0,0,1,0,0,0,0,1,0,'',0,NULL,0,NULL,1,0,3585670664,'0000-00-00'),(1700,0,'Кардаш','Екатерина','Ивановна','','0000-00-00','M','Российская Федерация',1,'6711','163142','уфмс россии по городу нижневартовску','2001-01-11','860-015','ekaterin90@mail.ru',1,'2012-09-20 08:03:37',0,0,1,0,0,0,0,2,4,'омская область с.усть-ишим',3466,'613156',912,'9027727',1,1,3579310156,'0000-00-00'),(1701,0,'Цеденова','Анастасия','Андреевна','','0000-00-00','','Российская Федерация',1,'','','','0000-00-00','','avest2@mail.ru',1,'2012-09-20 09:35:34',0,0,1,0,0,0,0,1,0,'',0,NULL,0,NULL,1,0,2959643414,'0000-00-00'),(1702,0,'Ковалев','Андрей','Николаевич','','1976-02-03','M','Российская Федерация',1,'5302','866901','Медногорским ГОВД Оренбургской обл.','2002-07-12','562-006','a_kovalev@law.msu.ru',1,'2012-09-20 18:03:27',45,12,1,1,0,1,0,4,2,'Медногорск',499,'7304432',926,'9356858',1,0,1572079446,'0000-00-00'),(1703,0,'Сулейманова ','Лиля ','Смаиловна','','0000-00-00','','Российская Федерация',1,'','','','0000-00-00','','Lili_1006@mail.ru',1,'2012-09-21 07:16:59',0,0,1,0,0,0,0,1,0,'',0,NULL,0,NULL,1,0,3588647891,'0000-00-00'),(1704,0,'Черезова','Юлия','Сергеевна','','1988-11-20','F','Российская Федерация',1,'4510','489272','ОТДЕЛЕНИЕМ ПО РАЙОНУ ВОСТОЧНОЕ ИЗМАЙЛОВО ОУФМС РОССИИ ПО ГОР. МОСКВЕ В ВАО','2009-11-17','770-047','julia_c5@mail.ru',1,'2012-09-21 18:13:23',50,0,3,1,0,1,1,4,4,'Г. БЕЛАЯ ХОЛУНИЦА БЕЛОХОЛУНИЦКОГО Р-НА КИРОВСКОЙ ОБЛ.',0,'0000000',915,'3007552',3,1,1307796660,'0000-00-00'),(1705,0,'Игнатенко','Алексей','Владимирович','','1973-01-23','M','Российская Федерация',1,'4601','819171','2отд милиции Чеховского ОВД М.О','2002-03-01','502-059','aleksei-ignatenk@mail.ru',1,'2012-09-22 07:19:52',60,18,1,1,0,1,0,4,1,'М.О г Чехов',926,'5987940',926,'5987940',1,0,1042399113,'0000-00-00'),(1706,0,'Володин','Дмитрий','Геннадьевич','','1974-12-31','M','Российская Федерация',1,'3201','039270','2ОВД','2001-09-12','422-049','Danaj74@gmail.com',2,'2012-09-23 08:50:15',45,12,1,1,0,1,0,3,2,'Прокопьевск',3843,'331302',8,'9134222',1,0,3648409390,'0000-00-00'),(1707,0,'Омаровская','Ирина','Викторовна','','1973-10-06','F','Российская Федерация',1,'5710','737794','ТП УФМС России по Пермскому краю в Кочевском районе','2011-10-24','590-065','irinakochevo@mail.ru',1,'2012-09-23 11:23:03',60,18,1,1,0,1,0,4,2,'Кривой-Рог',34293,'91587',952,'6424020',1,0,1519854431,'0000-00-00'),(1708,0,'Пескова','Надежда','Валерьевна','','1987-10-26','F','Российская Федерация',1,'4108','115304','ТП №134 Отдела УФМС России по С-Пб и Лен.Обл. в Тосненском районе','2009-05-21','','peskova1987@bk.ru',2,'2012-09-24 11:01:23',50,1,1,1,0,1,0,3,1,'Ленинград',812,'5276068',950,'0289202',1,1,1578755088,'0000-00-00'),(1709,0,'Жигальцов','Максим','','','1988-07-07','M','Российская Федерация',1,'1500','760210','тп','2001-01-08','','makas32ru@mail.ru',1,'2012-09-24 12:47:25',4,0,1,1,0,1,0,4,1,'м',11111,'1111111111',909,'9252186',1,0,3573026520,'0000-00-00'),(1710,0,'Апра','Апрвар','','','1973-01-10','M','Российская Федерация',1,'4654','463463','4364364364364364fdhfhfdh','2001-01-10','550-696','dgds@blk.ru',1,'2012-09-24 13:01:21',45,12,1,1,0,0,0,4,1,'vbhrdy',45435,'4564365436',646,'4643643',1,0,2953717228,'0000-00-00'),(1711,0,'Ильин','Валерий','Владимирович','','1975-11-25','M','Российская Федерация',1,'6600','122227','ОВД Рославльского района, Смоленской области','2001-01-18','672-019','ruskurnos@yahoo.com',1,'2012-09-24 15:52:32',1,0,1,0,0,1,0,3,4,'г.Рославль, Смоленская область',951,'7086032',951,'7086032',1,1,1559323198,'0000-00-00'),(1713,0,'Горленко','Александр','Владимирович','','0000-00-00','','Российская Федерация',1,'','','','0000-00-00','','sa_gor@mail.ru',1,'2012-09-25 05:19:09',0,0,1,0,0,0,0,1,0,'',0,NULL,0,NULL,1,0,2997989928,'0000-00-00'),(1714,0,'Литвиненко ','Екатерина','Викторовна','','1987-02-27','F','Российская Федерация',1,'0506','338695','ОУФМС РОССИИ по приморскому краю в черниговском районе','2007-05-29','250-055','litvinenkoekaterina703@gmail.com',1,'2012-09-25 08:05:22',60,18,1,1,0,1,0,3,1,'камень-рыболов',953,'2277362',953,'2277362',1,0,1310254138,'0000-00-00'),(1715,0,'Шушунов','Андрей ','Викторович','','1979-06-22','M','Российская Федерация',1,'6704','114067','ОВД Советского района ХМАО Тюменской облласти','2003-09-25','862-014','shushunovayuliya@mail.ru',2,'2012-09-25 14:02:01',0,0,1,0,0,0,0,2,1,'г.Курган',34675,'32753',908,'8830838',1,0,3155242584,'0000-00-00'),(1716,0,'Дюбанова','Галина','Яновна','','0000-00-00','F','Российская Федерация',1,'2511','602581','Отделом УФМС по Иркутской области  гор. Братске','2012-01-20','380-011','galinadyubanova@mail.ru',1,'2012-09-26 01:07:56',50,1,1,1,0,1,0,3,2,'Иркутская обл.гор. Братск. п. Энергетик',3953,'441517',904,'1248598',1,0,1551639216,'0000-00-00'),(1717,0,'Сперчук','Думитру','','','0000-00-00','','Российская Федерация',1,'','','','0000-00-00','','turutadf@mail.ru',1,'2012-09-26 21:41:02',0,0,1,0,0,0,0,1,0,'',0,NULL,0,NULL,1,0,1494523902,'0000-00-00'),(1718,0,'Зейналов','Рахим','Рахман','','1990-08-07','M','Азербайджан',1,'434','9340','МВД','2011-03-04','','gagasik_20@mail.ru',1,'2012-09-27 07:07:40',0,0,1,0,0,0,0,2,3,'Азербайджан Ханларский район Гараери',9942,'6555470',967,'3196362',1,0,1603907735,'0000-00-00'),(1719,0,'Максименко','Владимир','Николаевич','','1967-10-10','M','Российская Федерация',1,'9400','208565','Устиновским РОВД г.Ижевска','2001-07-05','182-002','maksimenko5@yandex.ru',2,'2012-09-27 12:19:40',53,14,1,0,1,1,0,3,2,'с.Б-Молдаван Кагульского р-на МССР',3412,'663208',904,'3113391',1,0,1481646466,'0000-00-00'),(1720,0,'Дорофеев','Роман','Вадимович','','1983-05-25','M','Российская Федерация',1,'4611','612483','ТП №3 ОУФМС России в г. Балашиха','2012-02-02','500-009','Pyshisty666@yandex.ru',1,'2012-09-27 14:46:05',45,12,1,1,0,1,0,4,2,'М.О. г. Балашиха',495,'5242813',926,'7018800',1,0,1540581403,'0000-00-00'),(1721,0,'Козлов ','Кирилл','Андреевич','','0000-00-00','','Российская Федерация',1,'','','','0000-00-00','','olya.Kozlova.1974@mail.ru',1,'2012-09-27 18:19:33',0,0,1,0,0,0,0,1,0,'',0,NULL,0,NULL,1,0,1600838301,'0000-00-00'),(1722,0,'Хусинов','Азим','Рузибоевич','','0000-00-00','','Российская Федерация',1,'','','','0000-00-00','','azik.husainov@mail.ru',1,'2012-09-28 12:06:46',0,0,1,0,0,0,0,1,0,'',0,NULL,0,NULL,1,0,1402274813,'0000-00-00'),(1723,0,'Павлов','Иван','Григорьевич','','0000-00-00','','Российская Федерация',1,'','','','0000-00-00','','anastasiya-pavlova-1988@bk.ru',1,'2012-09-29 06:57:32',0,0,1,0,0,0,0,1,0,'',0,NULL,0,NULL,1,0,3648409126,'0000-00-00'),(1724,0,'Карманов','Егор','Викторович','','0000-00-00','','Российская Федерация',1,'','','','0000-00-00','','karmanov85@list.ru',1,'2012-09-29 08:01:49',0,0,1,0,0,0,0,1,0,'',0,NULL,0,NULL,1,0,3240271891,'0000-00-00'),(1725,0,'Урусова','Наталья','Сергеевна','','0000-00-00','','Российская Федерация',1,'','','','0000-00-00','','natali__19@mail.ru',1,'2012-09-30 14:44:25',0,0,1,0,0,0,0,1,0,'',0,NULL,0,NULL,1,0,1364776196,'0000-00-00'),(1726,0,'Урусова','Наталья','Сергеевна','','1992-10-29','F','Российская Федерация',1,'3009','436232','ОФМС России по Камчатскому краю','2010-01-12','410-001','8471@inbox.ru',1,'2012-09-30 15:01:33',50,1,1,1,0,1,0,3,1,'п.Атласово Мильковского р-на Камчатской области',968,'5238291',916,'7556359',1,0,1364776196,'0000-00-00'),(1727,0,'Теренин','Сергей ','Юрьевич','','0000-00-00','','Российская Федерация',1,'','','','0000-00-00','','ksylingvo05@mail.ru',1,'2012-10-01 09:50:02',0,0,1,0,0,0,0,1,0,'',0,NULL,0,NULL,1,0,629963917,'0000-00-00'),(1728,0,'Хруслов','Александр','Анатольевич','','0000-00-00','M','Российская Федерация',1,'1800','241988','ОВД Краснооктябрьского района, гор.Волгограда','2000-12-15','342-005','sborchik@yandex.ru',1,'2012-10-01 13:01:35',55,13,1,0,0,1,0,3,2,'гор.Волгоград',111,'111111111',925,'8724807',1,0,1427469046,'0000-00-00'),(1729,0,'Захарова ','Дарья','Юрьевна','','1991-07-28','F','Российская Федерация',1,'6711','000000','Отделом УФМС по Ханты-Мансийскому Автоном.окр.-Югре в гор.Ханты-Мансийске','2001-08-09','086-031','dafanya@bk.ru',1,'2012-10-01 14:46:28',50,1,1,1,0,1,0,3,1,'гор. Ханты-Мансийск Тюменской обл',982,'5009176',0,'0000000',1,0,3579310336,'0000-00-00'),(1730,0,'Рамазанова','Гузяль','Фаритовна','','1994-07-13','F','Российская Федерация',1,'6312','809171','Отделением УФМС','2012-08-28','640-033','guzyal.ramazanowa@yandex.ru',1,'2012-10-01 17:17:17',50,1,1,1,0,1,0,3,1,'г.Пугачев Саратовская обл.',84574,'26150',937,'2463639',1,0,1402279400,'0000-00-00'),(1731,0,'Хошимов','Азизбек','Мансур Углы','','0000-00-00','','',0,'','','','0000-00-00','','fair.boy@mail.ru',0,'2012-10-02 06:04:21',0,0,1,0,0,0,0,3,0,'',0,'',0,'',0,0,1402276092,'0000-00-00'),(1732,0,'Токарева ','Татьяна','Анатольевна','','1983-11-13','F','Российская Федерация',1,'7111','924024','МО УФМС России по Тюменской обл. в г.Ишиме','2012-05-23','720-014','TOK1983@RAMBLER.RU',2,'2012-10-02 06:38:53',0,0,1,0,0,0,0,2,1,'д.Новоандреевка, Сладковский р-н Тюменской обл.',0,'0000',932,'4750751',1,0,1427086078,'0000-00-00'),(1733,0,'Власенко','Наталия','Васильевна','','0000-00-00','F','Российская Федерация',1,'1806','967776','УРЮПИНСКИМ ровд','2007-03-31','432-041','vlas08@inbox.ru',1,'2012-10-04 07:03:17',11,0,1,1,0,1,0,4,1,'хут.Петровский Урюпинского р-она Волгоградской обл',937,'7492258',904,'4121790',1,0,1427826942,'0000-00-00'),(1734,0,'Бурсаковская','Ирина','Александровна','','0000-00-00','','Российская Федерация',1,'','','','0000-00-00','','iriana74@mail.ru',1,'2012-10-04 15:05:18',0,0,1,0,0,0,0,1,0,'',0,NULL,0,NULL,1,0,1347677441,'0000-00-00'),(1735,0,'Шленский','Лев','Олегович','','0000-00-00','','Российская Федерация',1,'','','','0000-00-00','','levashlenskii@mail.ru',1,'2012-10-05 10:17:54',0,0,1,0,0,0,0,1,0,'',0,NULL,0,NULL,1,0,1427809759,'0000-00-00'),(1736,0,'Рохлин','Денис','Константинович','','1990-01-05','M','Российская Федерация',1,'6010','851851','ОУФМС  РОССИИ ПО РОСТОВСКОЙ ОБЛАСТИ В С. ПЕСЧАНОКОПСКОЕ МО В П. ОРЛОВСКИЙ','2010-12-03','610-052','rohlin90@mail.ru',2,'2012-10-05 12:26:33',4,0,1,1,0,1,0,3,3,'ГОРОД ДЖАМБУЛ РЕСПУБЛИКА КАЗАХСТАН',988,'2568207',905,'4559053',1,0,1603908738,'0000-00-00'),(1737,0,'Козлова','Людмила','Николаевна','','1972-03-31','F','Российская Федерация',1,'8004','080238','УВД РБ по г.Салавату','2003-03-07','','ludmila-koz@yandex.ru',1,'2012-10-06 04:13:29',60,18,1,1,0,1,0,3,1,'Салават',917,'4715048',917,'4715048',1,0,2292823932,'0000-00-00'),(1738,0,'Фомин','Максим','Петрович','','0000-00-00','M','Российская Федерация',1,'4509','995272','Отделением по району сокольники ОУФМС России по гор. Москве в ВАО','2008-11-25','770-060','3mogzimgo@rambler.ru',1,'2012-10-06 08:07:04',4,0,1,0,0,1,0,4,2,'Москва',495,'4865631',985,'9903299',1,0,1294313906,'0000-00-00'),(1739,0,'Толстых','Юрий','Анатольевич','','0000-00-00','','Российская Федерация',1,'','','','0000-00-00','','don.tolstyh@yandex.ru',1,'2012-10-06 16:47:27',0,0,1,0,0,0,0,1,0,'',0,NULL,0,NULL,1,0,520982588,'0000-00-00'),(1740,0,'Линевская','Екатерина','Михайловна','','0000-00-00','','Российская Федерация',1,'','','','0000-00-00','','fotevakatya_91@mail.ru',1,'2012-10-08 06:39:09',0,0,1,0,0,0,0,1,0,'',0,NULL,0,NULL,1,0,1559287450,'0000-00-00'),(1741,0,'Трусков','Евгений','Сергеевич','','0000-00-00','','Российская Федерация',1,'','','','0000-00-00','','truskov@bk.ru',1,'2012-10-08 08:52:13',0,0,1,0,0,0,0,1,0,'',0,NULL,0,NULL,1,0,1589515019,'0000-00-00'),(1742,0,'Симанова','Ирина','Сергеевна','','1985-05-13','F','Российская Федерация',1,'7104','325695','ГОМ 1 УВД Ленинского АО города Тюмени','2005-10-18','','SimanovaIrinaSerg@yandex.ru',1,'2012-10-08 11:52:12',60,18,1,1,0,1,0,4,4,'Гор. Волгодонск Ростовской обл.',3499,'522966',912,'4341102',1,1,3155324332,'0000-00-00'),(1743,0,'Чайкина','Наталья','Викторовна','','1985-02-05','F','Российская Федерация',1,'0705','683618','ОВД ГОР.Кисловодска Ставропольского края','2006-02-21','262-013','kislo-chaika_@mail.ru',1,'2012-10-09 05:46:02',45,0,1,0,0,1,1,4,1,'г.Кисловодск Ставропольского края',48438,'24138',967,'1459175',1,0,1843466090,'0000-00-00'),(1744,0,'Здановская','Ольга','Владимировна','','1986-05-21','F','Российская Федерация',1,'1008','978453','Отделом Внутренних Дел','0000-00-00','282-023','ZDANOVSKAYAOLGAVLAD.@mail.ru',1,'2012-10-09 13:08:44',0,0,1,0,0,0,0,2,4,'Белогорск',914,'5627259',914,'5627259',1,0,1427829237,'0000-00-00'),(1746,0,'Ермуратьев','Максим','Сергеевич','','0000-00-00','','Российская Федерация',1,'','','','0000-00-00','','jenechka304987@mail.ru',1,'2012-10-10 11:51:31',0,0,1,0,0,0,0,1,0,'',0,NULL,0,NULL,1,0,2953836831,'0000-00-00'),(1747,0,'Наджафова','Джамиля','Наджаф','','0000-00-00','','Российская Федерация',1,'','','','0000-00-00','','e_c_l@mail.ru',1,'2012-10-10 13:05:44',0,0,1,0,0,0,0,1,0,'',0,NULL,0,NULL,1,0,2365589878,'0000-00-00'),(1748,0,'Котов','Олег','Олегович','','1983-10-19','M','Российская Федерация',1,'4508','158796','ОВД РАЙОНА КОТЛОВКА г. МОСКВЫ','2005-12-09','772-049','kot788@mail.ru',1,'2012-10-10 14:48:12',45,0,1,1,0,1,0,4,1,'МОСКВА',499,'1272117',963,'6663135',3,0,1845269243,'0000-00-00'),(1749,0,'Жданова','Марина','Алексеевна','','1986-07-12','F','Российская Федерация',1,'0507','425151','УФМС России по Прим.краю Партизанскому району','2008-01-09','250-041','veronika200712@mail.ru',1,'2012-10-12 05:39:28',50,2,1,1,0,1,0,4,1,'с.Сергеевка Партизанского района Приморского края',914,'3264579',924,'7256955',1,0,1347677815,'0000-00-00'),(1750,0,'Москалева','Анна','','','0000-00-00','','Российская Федерация',1,'','','','0000-00-00','','maxorka86@mail.ru',1,'2012-10-12 07:24:58',0,0,1,0,0,0,0,1,0,'',0,NULL,0,NULL,1,0,1578990943,'0000-00-00'),(1751,0,'Шуклина','Анна','','','0000-00-00','F','Российская Федерация',1,'0309','142579','ОУФМС РФ г.Краснодар Карасунского округа','2009-03-20','','Anna-Divili@mail.ru',1,'2012-10-12 12:37:59',60,18,1,1,0,1,0,3,1,'ст. Тбилисская',861,'321893',960,'4938539',1,0,3588032613,'0000-00-00'),(1752,0,'Вася','Василье','','','1973-01-02','M','Российская Федерация',1,'4324','234534','ОВД Волгодонска','2001-01-19','','VASY@YA.com',1,'2012-10-12 13:24:27',0,0,1,0,0,0,0,2,1,'Варкута',345,'2354666',543,'3456432',1,1,1049922791,'0000-00-00'),(1753,0,'Казлова','Роза','Алексеевна','','0000-00-00','','Российская Федерация',1,'','','','0000-00-00','','54678@mail.ru',1,'2012-10-13 06:12:09',0,0,1,0,0,0,0,1,0,'',0,NULL,0,NULL,1,0,2152325291,'0000-00-00'),(1754,0,'Прокопцова','Мария','Валерьевна','','1982-02-20','F','Российская Федерация',1,'5003','767046','ОВД г. Новосибирск-95','2003-06-11','543-003','bezkochkoma@mail.ru',1,'2012-10-13 07:57:08',50,1,1,1,0,1,0,3,4,'город Новосибирск',383,'2962631',953,'7613577',1,1,3648409388,'0000-00-00'),(1755,0,'Китаев','Денис','','','0000-00-00','M','Российская Федерация',1,'4510','136484','ОУФМС России по г.Москве','2009-04-26','','kitaev201@rambler.ru',1,'2012-10-13 22:37:53',53,14,1,0,0,1,0,4,1,'г.Амурск.',916,'6390350',916,'6390350',1,1,1565561789,'0000-00-00'),(1756,0,'Борисов','Анатолий','Николаевич','','1973-10-06','M','Российская Федерация',1,'5709','435631','тд.УФМС РФ по Пермскому краю г. Кизела','2009-10-23','590-028','an.bor3912@mail.ru',1,'2012-10-14 04:01:49',45,12,1,1,0,1,0,4,2,'Г. Кизел Пермская область',834,'25550392',950,'4463193',0,0,1519854727,'0000-00-00'),(1757,0,'Вычегжанина','Евгения','Витальевна','','1993-09-29','F','Российская Федерация',1,'4411','287316','ТП ОФМС РОССИИ ПО МАГАДАНСКОЙ ОБЛАСТИ В ТЕНЬКИНСКОМ РАЙОНЕ','2012-09-06','490-005','PinkCat10@spaces.ru',1,'2012-10-14 04:15:51',50,1,1,1,0,1,0,4,1,'ПОС. УСТЬ-ОМЧУГ ТЕНЬКИНСКОГО РАЙОНА МАГАДАНСКОЙ ОБЛАСТИ',964,'4588865',964,'4593998',1,0,3648405560,'0000-00-00'),(1758,0,'Адаев','Даулет','Бахтиярович','','0000-00-00','','Российская Федерация',1,'','','','0000-00-00','','daul911@mail.ru',1,'2012-10-15 00:18:24',0,0,1,0,0,0,0,1,0,'',0,NULL,0,NULL,1,0,1546535436,'0000-00-00'),(1759,0,'Бакулин','Дмитрий','','','1977-02-23','M','Российская Федерация',1,'6701','419508','Излучинским ОМ Нижневартовского района Тюменской обл. ХМАО','2001-10-01','','Jor7777@mail.ru',1,'2012-10-16 03:48:49',60,18,1,1,0,1,0,3,1,'Башкортостан г.Салават',922,'7871774',922,'7871774',1,0,94265650,'0000-00-00'),(1760,0,'Провизион','Оксана','Анатольевна','','1980-05-02','F','Российская Федерация',1,'0103','351259','овд целинного района Алтайского края','2002-09-17','222-063','provizion.oksana@yandex.ru',2,'2012-10-16 10:04:10',50,1,1,1,0,1,0,3,1,'с.Малоугренёво Бийского района Алтайского края',961,'2306717',961,'9776874',1,0,3648409384,'0000-00-00'),(1761,0,'Вахтина','Ксения','Андреевна','','0000-00-00','','Российская Федерация',1,'','','','0000-00-00','','yonny.liar@gmail.com',1,'2012-10-16 14:25:26',0,0,1,0,0,0,0,1,0,'',0,NULL,0,NULL,1,0,1441509514,'0000-00-00'),(1762,0,'Коваленко','Елена','Геннадьевна','','1985-03-13','F','Российская Федерация',1,'9808','209491','ТП УФМС РФ РСЯ','2009-12-21','140-039','Thebestoloch@mail.ru',1,'2012-10-16 23:54:37',18,0,1,0,0,1,0,3,1,'томмот',924,'4636215',924,'4636215',1,0,1538915379,'0000-00-00'),(1763,0,'Магеррамова','Севиндж','Самид','','0000-00-00','','Российская Федерация',1,'','','','0000-00-00','','sevinc1977@rambler.ru',1,'2012-10-17 07:40:28',0,0,1,0,0,0,0,1,0,'',0,NULL,0,NULL,1,0,3651713266,'0000-00-00'),(1764,0,'Ермакович','Ирина','Александровна','','1974-09-21','F','Российская Федерация',1,'6503','030371','овд города лесного свердловской области','2002-07-03','662-063','ermakovich@lenta.ru',1,'2012-10-18 17:59:10',50,1,1,1,0,1,0,3,4,'город свердловск',34342,'29017',904,'9874016',0,1,3648412467,'0000-00-00'),(1766,0,'Давлетшина','Гульназ','Мидхатовна','','0000-00-00','','Российская Федерация',1,'','','','0000-00-00','','davletshina.gulnaz@inbox.ru',1,'2012-10-19 09:30:10',0,0,1,0,0,0,0,1,0,'',0,NULL,0,NULL,1,0,520982547,'0000-00-00'),(1767,0,'Царегородцева ','Юлия','Васильевна','','1986-01-25','F','Российская Федерация',1,'6708','842822','Отделом УФМС России по ХМАО-ЮГРЕ в г. Нефтеюганске','2008-09-30','860-018','tsaregorodcevau@yahoo.com',1,'2012-10-20 14:49:28',0,0,1,0,0,0,0,2,4,'ст.Червленная Шелковского р-на Чечено-Ингушской АССР',3463,'228598',909,'0458869',1,0,1605135631,'0000-00-00'),(1768,0,'Суханова','Татьяна','Николаевна','','1990-08-19','F','Российская Федерация',1,'3710','388747','ТП УФМС России по Курганской обл.в Каргапольском районе','2010-09-06','450-009','Tsuxanova@bk.ru',1,'2012-10-21 06:53:01',47,3,1,1,0,1,0,3,1,'Москва',912,'9756437',912,'9756437',1,0,3648412458,'0000-00-00'),(1769,0,'Бикметов ','Иршат ','Азаматович','','1989-11-11','M','Российская Федерация',1,'8010','085447','Отделением УФМС России по Республике Башкортостан в Бурзянском районе','2010-07-23','020-040','irshat.Bikmetov@mail.ru',1,'2012-10-21 11:32:44',59,17,1,1,0,1,0,4,3,'Д.Старомунасипово Бурзянского района РБ',347,'5533103',937,'2622001',1,0,1427814180,'0000-00-00'),(1770,0,'Стуков','Вячеслав','Валерьевич','','1982-07-06','M','Российская Федерация',1,'0402','378710','КЕЖЕМСКИМ РОВД КРАСНОЯРСКОГО КРАЯ','2002-10-02','242-033','vlad.zet.82@mail.ru',1,'2012-10-22 12:44:07',0,0,1,0,0,0,0,2,1,'п,НОВОСЕЛОВО,КРАСНОЯРСКОГО КРАЯ',8913,'1953896',983,'2650948',1,0,3169569952,'0000-00-00'),(1771,0,'Красичков','Виктор','Артурович','','0000-00-00','','Российская Федерация',1,'','','','0000-00-00','','otmoroznyak@mail.ru',1,'2012-10-22 21:19:28',0,0,1,0,0,0,0,1,0,'',0,NULL,0,NULL,1,0,1402274632,'0000-00-00'),(1772,0,'Назыров','Руслан','Халилевич','','1992-02-25','M','Российская Федерация',1,'8011','482436','Отделом УФМС России по Республике Башкортостан в городе Стерлитамак','2012-03-12','020-024','pridakon@gmail.com',1,'2012-10-23 07:38:40',45,12,1,1,0,0,1,4,1,'г. Стерлитамак Баш. ССР',937,'3633659',937,'3633659',0,0,1600720055,'0000-00-00'),(1773,0,'Малыш','Ярослав','Васильевич','','0000-00-00','','Российская Федерация',1,'','','','0000-00-00','','SebastianLaCroix@mail.ru',1,'2012-10-23 16:15:46',0,0,1,0,0,0,0,1,0,'',0,NULL,0,NULL,1,0,1385287795,'0000-00-00'),(1774,0,'Унжакова','Ольга','Ильинична','','0000-00-00','','Российская Федерация',1,'','','','0000-00-00','','olga_unqakowa@mail.ru',1,'2012-10-24 08:23:42',0,0,1,0,0,0,0,1,0,'',0,NULL,0,NULL,1,0,1489907132,'0000-00-00'),(1775,0,'Корчагина','Светлана','Александровна','','0000-00-00','','Российская Федерация',1,'','','','0000-00-00','','svetakrc@rambler.ru',1,'2012-10-25 07:27:40',0,0,1,0,0,0,0,1,0,'',0,NULL,0,NULL,1,0,787623823,'0000-00-00'),(1776,0,'Калачев','Дмитрий','Иванович','','0000-00-00','','Российская Федерация',1,'','','','0000-00-00','','kala4ev1989@yandex.ru',1,'2012-10-25 08:51:20',0,0,1,0,0,0,0,1,0,'',0,NULL,0,NULL,1,0,39759229,'0000-00-00'),(1777,0,'Провков','Сергей','','','0000-00-00','','Российская Федерация',1,'','','','0000-00-00','','prowkow2010@yandex.ru',1,'2012-10-26 07:02:59',0,0,1,0,0,0,0,1,0,'',0,NULL,0,NULL,1,0,1580383643,'0000-00-00'),(1778,0,'Бельгхази ','Набиль','Абделлахович','','0000-00-00','','Российская Федерация',1,'','','','0000-00-00','','bond3431@rambler.ru',1,'2012-10-26 08:01:49',0,0,1,0,0,0,0,1,0,'',0,NULL,0,NULL,1,0,1578755346,'0000-00-00'),(1779,0,'Хамдамов','Ойбек','Тохирович','','1973-06-12','M','other',1,'31','209046','Избаскан ИИБ','2011-06-06','','xamdamov07@mail.ru',1,'2012-10-26 09:20:15',60,18,1,1,0,1,0,4,4,'Узбекистан',495,'000000',926,'0653615',1,0,3266969938,'0000-00-00'),(1780,0,'Заглядов','Мичаил','Иячеславович','','0000-00-00','','Российская Федерация',1,'','','','0000-00-00','','breld13@maiil.ru',1,'2012-10-26 19:29:02',0,0,1,0,0,0,0,1,0,'',0,NULL,0,NULL,1,0,1402276032,'0000-00-00'),(1781,0,'Литвинов','Артем','Николаевич','','0000-00-00','','Российская Федерация',1,'','','','0000-00-00','','Aptem334@ya.ru',1,'2012-10-28 11:24:09',0,0,1,0,0,0,0,1,0,'',0,NULL,0,NULL,1,0,1595570480,'0000-00-00'),(1782,0,'Леднева','Полина','Михайловна','','0000-00-00','','Российская Федерация',1,'','','','0000-00-00','','No4nojsnajper@mail.ru',1,'2012-10-28 17:11:21',0,0,1,0,0,0,0,1,0,'',0,NULL,0,NULL,1,0,39774443,'0000-00-00'),(1783,0,'Исрафилов','Заур','Низамиевич','','1986-06-07','M','Туркменистан',1,'268','107','Ашгабадским хякимликом имени президента Ниязовым','2002-06-24','','zaur_israfilov@mail.ru',1,'2012-10-29 13:22:10',50,1,1,1,0,1,0,4,1,'Ашгабат',80012,'362897',993,'6637786',1,0,1357902526,'0000-00-00'),(1784,0,'Монгуш','Аржаана','Кадыг-Ооловна','','0000-00-00','M','Российская Федерация',1,'9306','299415','ОВД Овюрского района РТ','2003-08-23','172-015','arshaana.mongush.00@mail.ru',1,'2012-10-29 14:41:58',0,0,1,0,0,0,0,3,2,'Село Хандагайты Овюрского района РТ',39444,'21445',923,'2677200',1,0,1402286093,'0000-00-00'),(1785,0,'Лисицына ','Елена ','Вячеславовна','','1982-05-13','F','Российская Федерация',1,'5402','433246','Сосковским РОВД','2002-11-10','572-022','elenalicitsuna.1982@mail.ru',1,'2012-10-30 16:26:25',50,1,1,1,0,1,0,3,3,'с.Глазово Брянской области',48665,'21606',953,'8176695',1,0,1832769369,'0000-00-00'),(1786,0,'Фомина','Марина','Викторовна','','0000-00-00','','Российская Федерация',1,'','','','0000-00-00','','fomina.marin2013@yandex.ru',1,'2012-10-31 03:20:12',0,0,1,0,0,0,0,1,0,'',0,NULL,0,NULL,1,0,3650370289,'0000-00-00'),(1787,0,'Шлопак','Наталья','Владимировна','','1980-11-25','F','Российская Федерация',1,'0805','585601','Ванинским ОВД Хабаровского края','2006-02-02','272-015','shlopak80@bk.ru',1,'2012-10-31 04:38:26',47,3,1,1,0,1,0,3,4,'Белорусской ССР город Быхов Могилевской области',42137,'9410',968,'1706092',1,0,1598432792,'0000-00-00'),(1788,0,'Иванов','Петр','','','0000-00-00','','Российская Федерация',1,'','','','0000-00-00','','aa@aaa.ru',1,'2012-10-31 11:17:26',0,0,1,0,0,0,0,1,0,'',0,NULL,0,NULL,1,0,2989392012,'0000-00-00'),(1789,0,'Гридин','Евгений','Александрович','','1983-11-28','M','Российская Федерация',1,'6005','191407','ОВД Песчанокопского района Ростовскоя области','2004-09-09','612-056','pescrb@yandex.ru',1,'2012-10-31 12:11:16',4,0,1,1,0,1,0,3,1,'с. Песчанокопское, Ростовской области',905,'4554488',928,'1903264',1,0,521619079,'0000-00-00'),(1790,0,'Вискуп','Виктория','Эдуардовна','','1984-04-08','F','Российская Федерация',1,'7704','058989','ЧАО Билибинским РОВД','2005-04-14','872-004','aranzi4@rambler.ru',1,'2012-10-31 14:46:07',1,0,1,1,0,1,0,3,1,'Билибино',84273,'26996',892,'3141487',1,0,1427829042,'0000-00-00'),(1791,0,'Савчук','Елизавета','Анатольевна','','0000-00-00','','Российская Федерация',1,'','','','0000-00-00','','draftasvir@mail.ru',1,'2012-10-31 16:52:48',0,0,1,0,0,0,0,1,0,'',0,NULL,0,NULL,1,0,3642361444,'0000-00-00'),(1792,0,'Руденко','Ирина','Анатольевна','','1978-08-13','F','Российская Федерация',1,'0304','297766','ОВД Абинского района Краснодарского края','2003-04-28','232-026','delor_78@mail.ru',1,'2012-11-01 17:30:11',18,0,1,0,0,1,0,3,4,'Дмитриев',918,'4333348',918,'4333348',1,1,532005936,'0000-00-00'),(1793,0,'Шайхудинова ','Лилия','Ринатовна','','0000-00-00','','Российская Федерация',1,'','','','0000-00-00','','liliya.kisa.87@mail.ru',1,'2012-11-02 04:41:07',0,0,1,0,0,0,0,1,0,'',0,NULL,0,NULL,1,0,1427809345,'0000-00-00'),(1794,0,'Овечкина','Анастасия','Владимировна','','0000-00-00','','Российская Федерация',1,'','','','0000-00-00','','ovechkina2008@mail.ru',1,'2012-11-02 13:11:00',0,0,1,0,0,0,0,1,0,'',0,NULL,0,NULL,1,0,628130394,'0000-00-00'),(1795,0,'Алалл','Алалал','Лололоол','','0000-00-00','','Российская Федерация',1,'','','','0000-00-00','','mr.shambler@yandex.ru',1,'2012-11-03 06:43:45',0,0,1,0,0,0,0,1,0,'',0,NULL,0,NULL,1,0,634130307,'0000-00-00'),(1796,0,'Кружалов','Дмитрий','Анатольевич','','0000-00-00','','Российская Федерация',1,'','','','0000-00-00','','krujalov@gmail.com',1,'2012-11-03 14:55:44',0,0,1,0,0,0,0,1,0,'',0,NULL,0,NULL,1,0,1047103602,'0000-00-00'),(1797,0,'Кобылина','Екатерина','Федоровна','','0000-00-00','','Российская Федерация',1,'','','','0000-00-00','','Kobyilina1985@mail.ru',1,'2012-11-04 15:31:51',0,0,1,0,0,0,0,1,0,'',0,NULL,0,NULL,1,0,2991088608,'0000-00-00'),(1798,0,'Винокурова','Варвара','Николаевна','','1989-03-13','F','Российская Федерация',1,'2510','527457','УФМС РОССИИ по ИРКУТСКОЙ ОБЛАСТИ В ЭХИРИТ-БУЛАГАТСКОМ РАЙОНЕ','2011-04-21','380-045','varvara.vinokurova.89@mail.ru',1,'2012-11-05 15:24:47',50,1,1,1,0,1,0,4,1,'пос.Исток Иволгинского района Бурятская АССР',83955,'516924',908,'6426151',1,0,3165164893,'0000-00-00'),(1799,0,'Маняк ','Анна','Николаевна','','1974-05-31','F','Российская Федерация',1,'0301','074628','ПВС УВД Центрального окргуга г. Краснодара','2001-01-08','232-005','89262620708@mail.ru',1,'2012-11-05 22:59:37',45,12,1,1,0,1,0,4,1,'г. Краснодар',926,'2620708',926,'2620774',1,0,3286906892,'0000-00-00'),(1800,0,'Хамрокулов','Умиджон','Шарабидинович','','0000-00-00','','Российская Федерация',1,'','','','0000-00-00','','umidjon1989@mail.ru',1,'2012-11-06 07:40:58',0,0,1,0,0,0,0,1,0,'',0,NULL,0,NULL,1,0,3588644918,'0000-00-00'),(1801,0,'Пономарева','Инна','Дмитриевна','','1973-05-28','F','Российская Федерация',1,'4511','472062','УФМС России по г. Москве по району Коньково','2011-12-16','770-117','Inna0407Hot@gmail.com',1,'2012-11-06 07:46:38',47,3,1,1,0,1,0,3,3,'Москва',495,'4207667',916,'0063057',1,0,3170117634,'0000-00-00'),(1802,0,'Хлопецкая','Светлана','Михайловна','','0000-00-00','','Российская Федерация',1,'','','','0000-00-00','','andezitpts@yandex.ru',1,'2012-11-07 08:42:10',0,0,1,0,0,0,0,1,0,'',0,NULL,0,NULL,1,0,625949308,'0000-00-00'),(1803,0,'Сорокин','Игорь','Игоревич','','1987-09-07','M','Российская Федерация',1,'2509','318634','ОТДЕЛОМ УФМС РОССИИ ПО ИРКУТСКОЙ ОБЛАСТИ В СВЕРДЛОВСКОМ Р-НЕ ГОР. ИРКУТСКА','2009-12-17','380-004','aris-tocrat@mail.ru',1,'2012-11-07 23:30:29',4,0,1,1,0,1,0,3,4,'ГОР. АЛДАН',41145,'37734',964,'4275725',1,1,3648405545,'0000-00-00'),(1804,0,'Яркин','Юрий','Алексеевич','','1983-08-27','M','Российская Федерация',1,'8304','65527','Майским РОВД Ремпублики КБР','2004-04-25','072-006','iarckina.irina@yandex.ru',1,'2012-11-08 08:44:21',1,0,1,0,0,1,0,3,2,'КБР город Майский',81853,'40528',911,'6532222',1,0,1550124755,'0000-00-00'),(1805,0,'Толстова','Олеся','Владимировна','','0000-00-00','','Российская Федерация',1,'','','','0000-00-00','','adreselektron@rambler.ru',1,'2012-11-08 09:15:10',0,0,1,0,0,0,0,1,0,'',0,NULL,0,NULL,1,0,1540570661,'0000-00-00'),(1806,0,'Лобачев','Дмитрий','Александрович','','1973-03-31','M','Российская Федерация',1,'1007','031391','уфмс города свободного','2007-08-30','280-006','bbpe_svb@mail.ru',1,'2012-11-08 15:21:09',45,0,1,1,0,1,0,3,1,'Амурская обл. г. Свободный',0,'0000000000',924,'4413248',0,0,1427829011,'0000-00-00'),(1807,0,'Сахаров','Анатолий','Григорьевич','','0000-00-00','','Российская Федерация',1,'','','','0000-00-00','','sakharovag@yandex.ru',1,'2012-11-09 07:37:43',0,0,1,0,0,0,0,1,0,'',0,NULL,0,NULL,1,0,3564615571,'0000-00-00'),(1808,0,'Ибрагимов','Назим','Адиль Оглы','','0000-00-00','','Российская Федерация',1,'','','','0000-00-00','','nazim_73@mail.ru',1,'2012-11-09 11:03:30',0,0,1,0,0,0,0,1,0,'',0,NULL,0,NULL,1,0,1837049407,'0000-00-00'),(1809,0,'Павленко','Роман','Валерьевич','','1982-05-22','M','Российская Федерация',1,'4506','471370','паспортным столом № 2 овд тимирязевского района увд сао города москвы','2003-12-20','772-157','dobrozchelatel@mail.ru',1,'2012-11-09 12:52:56',45,0,1,1,0,1,1,4,2,'Москва',495,'4828836',926,'7267883',3,0,1359308350,'0000-00-00'),(1810,0,'Крост','Максим ','Александрович','','1987-04-28','M','Российская Федерация',1,'4007','363684','ТП.№58 отд уфмс рф по спб и лен обл.','2007-11-01','780-058','Krost87@mail.ru',1,'2012-11-09 13:41:32',18,0,1,0,0,1,0,3,1,'г.Ленинград',812,'5883451',953,'3651845',1,0,1595555056,'0000-00-00'),(1811,0,'Муштатов','Алексей','Сергеевич','','1985-04-08','M','Российская Федерация',1,'1405','528617','ОВД Белгородской области по Волоконовскому району','2005-05-06','312-006','mushtatova.svetlana@mail.ru',2,'2012-11-09 16:04:23',1,0,1,0,0,1,0,3,4,'Белгородская область П.Волоконовка ',235,'52225',980,'5217340',1,0,3579281974,'0000-00-00'),(1812,0,'Антонов','Илья','Юрьевич','','0000-00-00','','',0,'','','','0000-00-00','','bezotvetakomi.com@mail.ru',0,'2012-11-09 18:52:12',0,0,1,0,0,0,0,2,0,'',0,'',0,'',0,0,1311010898,'0000-00-00'),(1813,0,'Тырин','Александр','Анатольевич','','1974-05-28','M','Российская Федерация',1,'0703','291500','ОВД Промышленного района,Ставрополя','2002-08-28','262-035','aleksandr-tyrin@hotmail.com',1,'2012-11-09 22:40:23',4,0,1,1,0,1,0,4,2,'г.Ставрополь',8652,'901580',928,'3216005',1,0,1603905496,'0000-00-00'),(1814,0,'Остроградская','Алена','Алексеевна','','0000-00-00','','Российская Федерация',1,'','','','0000-00-00','','aenka_126@mail.ru',1,'2012-11-11 03:19:17',0,0,1,0,0,0,0,1,0,'',0,NULL,0,NULL,1,0,1347677963,'0000-00-00'),(1815,0,'Махкамов','Фаррух','Абдурайимович','','0000-00-00','','Российская Федерация',1,'','','','0000-00-00','','fara.2527@mail.ru',1,'2012-11-11 08:56:42',0,0,1,0,0,0,0,1,0,'',0,NULL,0,NULL,1,0,1540643288,'0000-00-00'),(1816,0,'Васильева','Ксения ','Николаевна','','1991-04-04','F','Российская Федерация',1,'7110','844362','ОТДЕЛЕНИЕМ №1 МО УФМС РОССИИ ПО ТЮМЕНСКОЙ ОБЛАСТИ В ГОРОДЕ ЯЛУТОРОВСКЕ','2011-06-27','720-012','ksenya.vasileva.1991@mail.ru',1,'2012-11-11 10:31:02',0,0,1,0,0,0,0,2,1,'ПОС.МИЧУРИНСКИЙ ЗАВОДОУКОВСКОГО РАЙОНА ТЮМЕНСКОЙ ОБЛАСТИ',919,'9230788',902,'8152788',1,0,3579310084,'0000-00-00'),(1817,0,'Дагба','Чингис','Байбек','','0000-00-00','','Российская Федерация',1,'','','','0000-00-00','','dagba.chingis@mail.ru',1,'2012-11-11 14:31:51',0,0,1,0,0,0,0,1,0,'',0,NULL,0,NULL,1,0,3648409364,'0000-00-00'),(1818,0,'Чепурнов','Игорь','Николаевич','','0000-00-00','','Российская Федерация',1,'','','','0000-00-00','','igoryan2903@mail.ru',1,'2012-11-12 08:40:02',0,0,1,0,0,0,0,1,0,'',0,NULL,0,NULL,1,0,1402286151,'0000-00-00'),(1819,0,'Вискуп','Виктория','Эдуардовна','','1984-04-08','F','Российская Федерация',1,'7704','058989','ЧАО Билибинским РОВД','2005-04-14','872-004','Irisk19@mail.ru',1,'2012-11-12 12:39:23',3,0,1,1,0,1,0,3,1,'Билибино',84273,'26996',894,'3141487',1,0,622680290,'0000-00-00'),(1820,0,'Наумова','Ирина','Николаевна','','1977-01-22','F','Российская Федерация',1,'8701','255908','овд г инта республики коми','2001-11-23','112-004','ira.rudek@mail.ru',2,'2012-11-12 13:37:18',0,0,1,0,0,0,0,2,2,'гор.инта респ.коми',845,'68824',912,'1706234',1,0,1597289701,'0000-00-00'),(1821,0,'Боголюбов','Алексей','','','0000-00-00','','Российская Федерация',1,'','','','0000-00-00','','swat004@rambler.by',1,'2012-11-13 10:02:55',0,0,1,0,0,0,0,1,0,'',0,NULL,0,NULL,1,0,1592921558,'0000-00-00'),(1822,0,'Спиридонова','Марина','Александровна','','0000-00-00','','Российская Федерация',1,'','','','0000-00-00','','marina_sp1@mail.ru',1,'2012-11-13 10:33:46',0,0,1,0,0,0,0,1,0,'',0,NULL,0,NULL,1,0,3641930462,'0000-00-00'),(1823,0,'Пастухов','Артем','Александрович','','1986-11-21','M','Российская Федерация',1,'4607','442411','Селятинским Ом УВД Наро-Фоминского р-на','2006-02-23','','Artem38925@rambler.ru',1,'2012-11-14 06:08:21',45,12,1,1,0,1,0,3,1,'М.О Наро-Фоминский р-он д.Софьино',926,'3892506',926,'3892506',0,0,1402276105,'0000-00-00'),(1824,0,'Юдина','Ирина','Анатольевна','','0000-00-00','','Российская Федерация',1,'','','','0000-00-00','','ms.irina.yudina.2012@mail.ru',1,'2012-11-14 20:17:23',0,0,1,0,0,0,0,1,0,'',0,NULL,0,NULL,1,0,1588932983,'0000-00-00'),(1825,0,'Баршина','Наталья ','Александровна','','1981-04-04','F','Российская Федерация',1,'0402','492856','УВД г.Железногорска Красноярского края','2002-08-27','242-062','n.a.ivina@mail.ru',2,'2012-11-15 01:37:32',50,0,1,1,0,1,0,4,1,'г.Назарово',39155,'44735',963,'1844175',0,1,3648409362,'0000-00-00'),(1826,0,'Перепелкин','Максим','Анатольевич','','0000-00-00','','Российская Федерация',1,'','','','0000-00-00','','pemax@vtomske.ru',1,'2012-11-15 20:48:56',0,0,1,0,0,0,0,1,0,'',0,NULL,0,NULL,1,0,1606364066,'0000-00-00'),(1827,0,'Плебанович','Сергей','Анатольевич','','1972-08-12','M','Беларусь',1,'011','7116','2-е отд.РОВДг.Гомель','0000-00-00','','plb07@rambler.ru',1,'2012-11-16 07:09:49',0,0,1,0,0,0,0,2,1,'г.Гомель',8950,'00989746',950,'0989746',1,1,3285066106,'0000-00-00'),(1828,0,'Федорова','Ксения','','','1980-02-18','F','Российская Федерация',1,'0404','330772','1ГОМ УВД г. Норильск','2003-10-18','','Bagirak@list.ru',1,'2012-11-17 10:33:54',8,0,1,0,0,1,0,3,1,'Норильск',495,'7709514',962,'9236089',1,0,1531722515,'0000-00-00'),(1829,0,'Нестерук','Ольга','','','0000-00-00','','Российская Федерация',1,'','','','0000-00-00','','welnes2011@yandex.ru',1,'2012-11-18 10:11:53',0,0,1,0,0,0,0,1,0,'',0,NULL,0,NULL,1,0,1425278493,'0000-00-00'),(1830,0,'Музаффар','Косимов','Хошимович','','0000-00-00','','Российская Федерация',1,'','','','0000-00-00','','mmqosimov@mail.ru',1,'2012-11-19 05:05:22',0,0,1,0,0,0,0,1,0,'',0,NULL,0,NULL,1,0,1586318563,'0000-00-00'),(1831,0,'Гурдов','Мукам','','','1994-10-04','M','Российская Федерация',1,'7727','772752','Murgap, Ata-Lewin','0000-00-00','','19_mukam_95@mail.ru',1,'2012-11-20 14:51:36',11,0,1,1,0,1,0,3,1,'Туркменистан г.Мары, Мургаб',993,'66379237',993,'6637923',1,0,3652118539,'0000-00-00'),(1832,0,'Кунгурцев','Николай','Геннадьевич','','0000-00-00','','Российская Федерация',1,'','','','0000-00-00','','Skanaplyan@yandex.ru',1,'2012-11-21 04:26:23',0,0,1,0,0,0,0,1,0,'',0,NULL,0,NULL,1,0,530739432,'0000-00-00'),(1833,0,'Бурденков','Николай','','','0000-00-00','M','Российская Федерация',1,'11','111111','пво','2001-01-03','','nik-010@yandex.ru',1,'2012-11-22 15:27:28',59,17,1,1,1,1,0,3,2,'москва',1111,'1111111',111,'1111111',1,0,1531738122,'0000-00-00'),(1834,0,'Иванов','Александр','Алексеевич','','1973-06-25','M','Российская Федерация',1,'4004','803810','8 о/м Кировского р-на С-Пб','2003-11-10','782-008','alex-ivano@inbox.ru',1,'2012-11-22 15:29:40',56,15,1,0,0,1,0,3,1,'г.Ленинград',812,'3767926',904,'6184946',1,0,3162907269,'0000-00-00'),(1835,0,'Вяльцев','Алексей','Алексеевич','','1986-12-07','M','Российская Федерация',1,'0706','841941','ОВД г.Георгиевска','2007-01-09','','brat-105@mail.ru',1,'2012-11-23 09:24:10',11,0,1,1,0,1,0,3,1,'Георгиевск',925,'0228089',925,'0228089',1,1,1047102212,'0000-00-00'),(1836,0,'Пронина','Татьяна','Сергеевна','','0000-00-00','','Российская Федерация',1,'','','','0000-00-00','','myrka512@bk.ru',1,'2012-11-24 11:21:36',0,0,1,0,0,0,0,1,0,'',0,NULL,0,NULL,1,0,1504897816,'0000-00-00'),(1837,0,'Билибин','Сергей','Валентинович','','1986-05-19','M','Российская Федерация',1,'2807','808389','отделением УФМС России по Тверской области в Вышневолоцком районе','2008-01-23','690-009','sergey.bilibin2011@yandex.ru',2,'2012-11-25 00:50:52',45,12,1,1,0,1,0,3,1,'Новое Котчище',930,'1690602',930,'1690602',1,0,1545884205,'0000-00-00'),(1838,0,'Бутакова','Анна','Александровна','','0000-00-00','','Российская Федерация',1,'','','','0000-00-00','','svist34@bk.ru',1,'2012-11-25 09:08:56',0,0,1,0,0,0,0,1,0,'',0,NULL,0,NULL,1,0,1427826487,'0000-00-00'),(1839,0,'Тихонова','Виктория','Константиновна','','1978-10-26','F','Российская Федерация',1,'6700','322490','ОВД г.Радужного ХМАО','2001-06-14','862-013','viloloka@yandex.ru',2,'2012-11-25 09:52:25',45,12,1,1,0,1,0,3,1,'р.п Здвинск Новосибирской обл',34668,'43768',982,'5497970',0,0,1307560835,'0000-00-00'),(1840,0,'Богданов ','Алексей','Геннадьевич','','1970-09-16','M','Российская Федерация',1,'1102','607433','УВД г.Северодвинска','2002-07-22','','godman1970@mail.ru',1,'2012-11-26 16:33:30',59,17,1,1,0,1,0,4,1,'Северодвинск',8184,'554434',921,'4983072',1,0,2990555050,'0000-00-00'),(1841,0,'Лукин','Николай','Игоревич','','0000-00-00','','Российская Федерация',1,'','','','0000-00-00','','ljubalw@mail.ru',1,'2012-11-27 08:30:51',0,0,1,0,0,0,0,1,0,'',0,NULL,0,NULL,1,0,787194345,'0000-00-00'),(1842,0,'Аширов','Сердар','Джумагельдиевич','','0000-00-00','','Российская Федерация',1,'','','','0000-00-00','','serdar_seddi.83@mail.ru',1,'2012-11-27 08:57:14',0,0,1,0,0,0,0,1,0,'',0,NULL,0,NULL,1,0,3652118538,'0000-00-00'),(1843,0,'Федоров','Александр','Владимирович','','1971-03-27','M','Российская Федерация',1,'2503','992822','ОМ-2 УВД Г. Ангарска ','2003-08-11','','axel_poisk@mail.ru',1,'2012-11-27 12:01:39',60,18,1,1,0,1,0,3,1,'Ирк.обл.г.Ангарск',924,'8362168',908,'6500337',1,0,3256653874,'0000-00-00'),(1844,0,'Нуралиева','Мубарик','Аюбовна','','0000-00-00','','Российская Федерация',1,'','','','0000-00-00','','mubarik95@interia.pl',1,'2012-11-27 13:49:49',0,0,1,0,0,0,0,1,0,'',0,NULL,0,NULL,1,0,1393634530,'0000-00-00'),(1845,0,'Гуштюк','Елена','Николаевна','','1987-07-16','F','Российская Федерация',1,'1511','955948','ОУФМС РОССИИ ПО БРЯНСКОЙ ОБЛАСТИ В ВОЛОДАРСКОМ РАЙОНЕ ГОР. БРЯНСКА','2001-11-02','320-002','irika09@mail.ru',1,'2012-11-27 17:00:39',45,12,1,1,0,1,0,3,1,'16.07.1987',4832,'737931',903,'8689367',1,0,1307090200,'0000-00-00'),(1846,0,'Подольский ','Константин','Игоревич','','0000-00-00','','Российская Федерация',1,'','','','0000-00-00','','konstantin.podolsckij@yandex.ru',1,'2012-11-28 16:18:53',0,0,1,0,0,0,0,1,0,'',0,NULL,0,NULL,1,0,3642355110,'0000-00-00'),(1847,0,'Сычева','Юлия','','','1977-07-27','F','Российская Федерация',1,'7700','037626','Анадырским ГОВД УВД г. Анадырь','2002-09-19','','julia_197@mail.ru',1,'2012-11-28 23:37:49',50,0,1,0,0,1,0,3,1,'г. Анадырь',914,'0802179',914,'0802179',1,0,1347678077,'0000-00-00'),(1848,0,'Умар','Азизов','Магомедалиевич','','0000-00-00','','Российская Федерация',1,'','','','0000-00-00','','ruslanov13@rambler.ru',1,'2012-11-29 10:41:29',0,0,1,0,0,0,0,1,0,'',0,NULL,0,NULL,1,0,1369650237,'0000-00-00'),(1849,0,'Кустов','Алексей','Алексеевич','','0000-00-00','','Российская Федерация',1,'','','','0000-00-00','','7711669@MAIL.RU',1,'2012-11-29 13:28:37',0,0,1,0,0,0,0,1,0,'',0,NULL,0,NULL,1,0,784079484,'0000-00-00'),(1850,0,'Ржавикина','Ольга','Александровна','','1988-01-29','F','Российская Федерация',1,'1408','923585','МО УФМС России по Белгородской обл. в г.Валуйки','2008-11-13','310-013','olga.rzhavikina@mail.ru',1,'2012-11-29 23:35:16',50,19,1,1,0,1,0,3,1,'п/с Чортеппа Ленинского р-на Таджикистан',47237,'42371',920,'5807027',1,0,1598507971,'0000-00-00'),(1851,0,'Бояркина','Евгения','Геннадьевна','','0000-00-00','','Российская Федерация',1,'','','','0000-00-00','','arga676365@mail.ru',1,'2012-12-02 10:29:49',0,0,1,0,0,0,0,1,0,'',0,NULL,0,NULL,1,0,1347677985,'0000-00-00'),(1852,0,'Мамедов','Камран Мамедов','','','0000-00-00','','Российская Федерация',1,'','','','0000-00-00','','bykamran@gmail.com',1,'2012-12-03 09:56:52',0,0,1,0,0,0,0,1,0,'',0,NULL,0,NULL,1,0,2954647523,'0000-00-00'),(1853,0,'Картавенко','Ксения','Юрьевна','','0000-00-00','','Российская Федерация',1,'','','','0000-00-00','','nataliehailey@mail.ru',1,'2012-12-03 17:30:02',0,0,1,0,0,0,0,1,0,'',0,NULL,0,NULL,1,0,1402274678,'0000-00-00'),(1854,0,'Мирзоева','Татьяна','Александровна','','0000-00-00','','Российская Федерация',1,'','','','0000-00-00','','morozovatatyana@mail.ru',1,'2012-12-04 11:01:39',0,0,1,0,0,0,0,1,0,'',0,NULL,0,NULL,1,0,1832827816,'0000-00-00'),(1855,0,'Сифорова','Анастасия','','','1987-08-29','F','Российская Федерация',1,'4612','860070','ТП №1 Межрайонного ОУФМС России по Московской обл. в городском поселении Люберцы','2012-08-13','500-073','n_i_a@inbox.ru',1,'2012-12-05 08:38:51',45,12,1,1,0,1,0,3,2,'гор. Москва',926,'5505767',926,'5505767',1,0,1608280384,'0000-00-00'),(1856,0,'Балан','Максим','Алексеевич','','1996-01-29','M','Российская Федерация',1,'1009','199638','МО УФМС РОССИИ ПО Амурской Области в городе Благовещенске','2010-03-09','280-002','brain.fuck@bk.ru',1,'2012-12-06 07:11:49',45,12,1,1,0,1,0,3,1,'Город Благовещенск',416,'247789',924,'3449013',0,0,772804290,'0000-00-00'),(1857,0,'Зубков','Александр','Евгеньевич','','0000-00-00','','Российская Федерация',1,'','','','0000-00-00','','web2zubkov@gmail.com',1,'2012-12-08 09:39:44',0,0,1,0,0,0,0,1,0,'',0,NULL,0,NULL,1,0,3648412185,'0000-00-00'),(1858,0,'Куракова ','Евгения','Валерьевна','','1985-07-21','F','Российская Федерация',1,'4508','475292','ПВО ОВД р-на Митино г.Москвы','2006-08-10','772-087','gugugin@mail.ru',1,'2012-12-08 14:19:56',50,0,1,1,0,1,0,4,1,'г. Москва',495,'7527621',495,'1429834',3,0,2995565911,'0000-00-00'),(1859,0,'Сергеев','Виталий','Валентиновмч','','1981-11-05','M','Российская Федерация',1,'4505','796807','Овд нагатино садовники г. Москвы','2003-05-12','','Servital@bk.ru',2,'2012-12-09 05:58:55',3,0,1,0,0,1,0,3,2,'Москва',499,'6112908',916,'7875097',1,0,1531906605,'0000-00-00'),(1860,0,'Исмаилова','Айсел','Елман','','0000-00-00','','Российская Федерация',1,'','','','0000-00-00','','ismayilova.aysel@yahoo.com',1,'2012-12-09 15:28:31',0,0,1,0,0,0,0,1,0,'',0,NULL,0,NULL,1,0,1346713720,'0000-00-00'),(1861,0,'Степченков','Сергей','','','0000-00-00','','Российская Федерация',1,'','','','0000-00-00','','Mr.castlevan@mail.ru',1,'2012-12-09 23:55:42',0,0,1,0,0,0,0,1,0,'',0,NULL,0,NULL,1,0,1841664728,'0000-00-00'),(1862,0,'Гордиенко','Олег','Владимирович','','0000-00-00','','Российская Федерация',1,'','','','0000-00-00','','Gordienko.Oleg@list.ru',1,'2012-12-10 05:58:08',0,0,1,0,0,0,0,1,0,'',0,NULL,0,NULL,1,0,1603908018,'0000-00-00'),(1863,0,'Юнусова','Олеся','Сергеевна','','0000-00-00','','Российская Федерация',1,'','','','0000-00-00','','olesya.kiseliova@rambler.ru',1,'2012-12-12 13:27:54',0,0,1,0,0,0,0,1,0,'',0,NULL,0,NULL,1,0,1519871566,'0000-00-00'),(1864,0,'Иванов','Михаил ','Михайлович','','0000-00-00','','Российская Федерация',1,'','','','0000-00-00','','mishlay_151.@mail.ru',1,'2012-12-13 09:26:23',0,0,1,0,0,0,0,1,0,'',0,NULL,0,NULL,1,0,1603908314,'0000-00-00'),(1865,0,'Иванова','Ольга','Викторовна','','1982-09-23','F','Российская Федерация',1,'5805','838948','овд гор.острова и островобластиского района псковской ','2006-04-27','602-015','olya.oly-ly@yandex.ru',1,'2012-12-16 18:53:51',50,1,1,1,0,1,0,3,1,'Псковская  область гор. Остров',911,'3690213',911,'3690213',1,0,1402274733,'0000-00-00'),(1866,0,'Косенко','Валентин','Викторович','','0000-00-00','','Российская Федерация',1,'','','','0000-00-00','','valentin.kosenko.1967@mail.ru',1,'2012-12-16 23:58:11',0,0,1,0,0,0,0,1,0,'',0,NULL,0,NULL,1,0,1533464295,'0000-00-00'),(1867,0,'Соловьева','Ксения','Валерьевна','','1973-05-30','F','Российская Федерация',1,'1206','121459','ОУФМС РОССИИ ПО АСТРАХАНСКОЙ ОБЛАСТИ В ЛЕНИНСКОМ РАЙОНЕ ГОР.АСТРАХАНИ','2007-07-04','300-002','lain.rus@mail.ru',1,'2012-12-18 12:02:29',60,18,1,1,0,1,0,3,2,'Астрахань',8515,'408250',962,'7523764',1,0,1427809757,'0000-00-00'),(1868,0,'Калабина','Анастасия','Андреевна','','0000-00-00','','Российская Федерация',1,'','','','0000-00-00','','anastasiya.kalabina@yandex.ru',1,'2012-12-18 15:48:43',0,0,1,0,0,0,0,1,0,'',0,NULL,0,NULL,1,0,1841596828,'0000-00-00'),(1869,0,'Борчина','Елена','Анатольевна','','0000-00-00','','Российская Федерация',1,'','','','0000-00-00','','bortina@mail.ru',1,'2012-12-19 09:30:17',0,0,1,0,0,0,0,1,0,'',0,NULL,0,NULL,1,0,1347677710,'0000-00-00'),(1870,0,'Филипчук','Петр','Николаевич','','1979-07-07','M','Российская Федерация',1,'7405','126126','Лабытнангским ГОВД ЯНАО','2006-01-13','','Pitos79@mail.ru',1,'2012-12-19 14:34:45',53,14,1,0,1,1,0,4,2,'Лабытнанги ЯНАО',982,'4050888',982,'4050888',1,0,3648410546,'0000-00-00'),(1871,0,'Пруняк ','Екатерина','Александровна','','0000-00-00','','Российская Федерация',1,'','','','0000-00-00','','doctor.magadan@mail.ru',1,'2012-12-19 23:03:55',0,0,1,0,0,0,0,1,0,'',0,NULL,0,NULL,1,0,1593261051,'0000-00-00'),(1872,0,'Ситников','Дмитрий','Витальевич','','0000-00-00','','Российская Федерация',1,'','','','0000-00-00','','mc.gamer.rep@gmail.com',1,'2012-12-20 17:23:14',0,0,1,0,0,0,0,1,0,'',0,NULL,0,NULL,1,0,530801128,'0000-00-00'),(1873,0,'Дудина','Анастасия','Игоревна','','0000-00-00','F','Российская Федерация',1,'4607','288971','Белоозерским ОМ УВД Воскресенского района Московской области','2006-10-07','503-009','marishon-ok@yandex.ru',1,'2012-12-22 06:39:38',55,13,1,0,0,1,0,3,2,'Московская область Воскресенский район п.Белоозерский ул.Мол',244,'51147',926,'5811590',1,0,3271738960,'0000-00-00'),(1874,0,'Каримова','Нилуфар','Хасановна','','0000-00-00','','Российская Федерация',1,'','','','0000-00-00','','ybkf31@mail.ru',1,'2012-12-23 06:31:16',0,0,1,0,0,0,0,1,0,'',0,NULL,0,NULL,1,0,1546297538,'0000-00-00'),(1875,0,'Губин','Олег','Викторович','','1974-12-01','M','Российская Федерация',1,'0300','514803','Мостовским РОВД','2001-01-12','232-043','mostov2011@yandex.ru',1,'2012-12-24 06:50:53',50,1,1,1,0,1,0,4,1,'пос.Боровской Боровского р-на Кустанайской обл.',86192,'54448',918,'4314107',0,0,1437556950,'0000-00-00'),(1876,0,'Алабужев ','Андрей ','Кнстантинович','','0000-00-00','','Российская Федерация',1,'','','','0000-00-00','','alabyhzev@mail.ru',1,'2012-12-25 07:04:53',0,0,1,0,0,0,0,1,0,'',0,NULL,0,NULL,1,0,1539154210,'0000-00-00'),(1877,0,'Кузнецов','Евгений','Олегович','','0000-00-00','','Российская Федерация',1,'','','','0000-00-00','','evgenled@rambler.ru',1,'2012-12-25 07:29:29',0,0,1,0,0,0,0,1,0,'',0,NULL,0,NULL,1,0,3654608705,'0000-00-00'),(1878,0,'Кузнецов','Евгений','Олегович','','1991-01-24','M','Российская Федерация',1,'4511','154446','отделом УФМС России по г. Москве по р-ну Измайлово','2011-03-24','770-051','eugene-smith@ro.ru',1,'2012-12-25 12:06:03',45,12,1,1,0,0,0,4,4,'г. Северо-Задонск Тульской обл.',48746,'72980',960,'6119654',1,0,3272815168,'0000-00-00'),(1879,0,'Калустова','Дарья','Михайловна','','0000-00-00','','Российская Федерация',1,'','','','0000-00-00','','ava_mirtl@mail.ru',1,'2012-12-25 16:56:27',0,0,1,0,0,0,0,1,0,'',0,NULL,0,NULL,1,0,2994601612,'0000-00-00'),(1880,0,'Гумерова','Ангелина','Айратовна','','0000-00-00','','Российская Федерация',1,'','','','0000-00-00','','gumerova-angelina@mail.ru',1,'2012-12-26 08:32:51',0,0,1,0,0,0,0,1,0,'',0,NULL,0,NULL,1,0,3579310455,'0000-00-00'),(1881,0,'Шлопак','Павел','Леонидович','','1984-07-27','M','Российская Федерация',1,'0804','426458','ОВД Совгаванского района Хабаровского края','2005-06-06','272-011','citizenxi@mail.ru',1,'2012-12-27 00:22:45',53,14,1,0,0,1,0,4,1,'с.Капитоновка Вяземского района Хабаровского края',42137,'29410',909,'8866498',1,0,1598431629,'0000-00-00'),(1882,0,'Сухопарова','Евгения','Валерьевна','','1985-04-30','F','Российская Федерация',1,'4611','434788','ТП №1 ОУФМС РОССИИ по МО по городскому округу Домодедово','2011-10-11','500-024','syroega2000@ya.ru',1,'2012-12-27 08:26:45',45,12,1,1,0,1,0,3,1,'совхоз Барыбино Домодедовского р-на Московской области',49679,'64063',926,'3215459',0,1,3156950794,'0000-00-00'),(1883,0,'Ильин','Евгений','Владимирович','','1980-07-13','M','Российская Федерация',1,'5003','310664','овдсеверногорайонановосибирскойобласти','2002-07-18','542-033','ilin.evgen30@yandex.ru',2,'2012-12-27 11:15:09',8,0,1,1,0,1,0,3,1,'селосеверноесеверногорайонановосибирскойобласти',913,'4478684',913,'4478684',1,0,37578776,'0000-00-00'),(1884,0,'Левина','Анастасия','Александровна','','0000-00-00','','Российская Федерация',1,'','','','0000-00-00','','levina.anastasiya.1990@mail.ru',1,'2012-12-27 11:53:59',0,0,1,0,0,0,0,1,0,'',0,NULL,0,NULL,1,0,3650505450,'0000-00-00'),(1885,0,'Шалагинова','Юлия','Михайловна','','0000-00-00','','Российская Федерация',1,'','','','0000-00-00','','dyablo1990_90@mail.ru',1,'2012-12-27 16:19:26',0,0,1,0,0,0,0,1,0,'',0,NULL,0,NULL,1,0,89128626,'0000-00-00'),(1886,0,'Цимерман','Ульяна','Владимировна','','0000-00-00','','Российская Федерация',1,'','','','0000-00-00','','tsimer.ul@yandex.ru',1,'2012-12-29 10:49:09',0,0,1,0,0,0,0,1,0,'',0,NULL,0,NULL,1,0,84027705,'0000-00-00'),(1887,0,'Нуралиев','Мухаммаджон','Камариддинович','','0000-00-00','','Российская Федерация',1,'','','','0000-00-00','','venjo@bk.ru',1,'2012-12-29 20:47:42',0,0,1,0,0,0,0,1,0,'',0,NULL,0,NULL,1,0,3641424055,'0000-00-00'),(1888,0,'Валькова','Ирина','Валентиновна','','1965-10-12','F','Российская Федерация',1,'4611','190250','оуфмс России по М.О. в Люберецком р-не гор.Дзержинский','2010-11-15','500-078','valkovai@mail.ru',1,'2012-12-30 12:57:57',47,3,1,1,1,1,0,3,2,'г.Макеевка Донецкоы обл. УССР',495,'5512394',909,'6595961',1,0,1570615120,'0000-00-00'),(1889,0,'Комаров','Дмитрий','Николаевич','','0000-00-00','','Российская Федерация',1,'','','','0000-00-00','','dimakomarov666@mail.ru',1,'2013-01-01 12:50:41',0,0,1,0,0,0,0,1,0,'',0,NULL,0,NULL,1,0,3648412458,'0000-00-00'),(1890,0,'Ахмедова','Ирина','Владимировна','','0000-00-00','','Российская Федерация',1,'','','','0000-00-00','','irina.axmedova.2013@mail.ru',1,'2013-01-01 16:18:06',0,0,1,0,0,0,0,1,0,'',0,NULL,0,NULL,1,0,1402279251,'0000-00-00'),(1891,0,'Кузябкина','Мария','','','1989-05-20','F','Российская Федерация',1,'6010','260830','УФМС России по РО Ворошиловского района г. Ростов-на-Дону','2010-05-27','','parrrabola@rambler.ru',1,'2013-01-01 22:29:23',50,1,1,1,0,1,0,4,4,'Ростов-на-Дону',863,'2311744',928,'5217404',1,1,521666378,'0000-00-00'),(1892,0,'Дроздов','Виктор','Юрьевич','','1994-05-04','M','Российская Федерация',1,'3008','398686','Отделением ОФМС России по Камчаткому краю в Елизовском районе','2008-06-05','410-005','malder71926@mail.ru',1,'2013-01-02 00:26:21',50,1,1,1,0,1,0,3,1,'г.Елизово Камчатского края',41531,'71926',914,'0270724',1,0,1347678075,'0000-00-00'),(1893,0,'Иванова','Ирина','','','0000-00-00','','Российская Федерация',1,'','','','0000-00-00','','kisulya09@list.ru',1,'2013-01-03 17:06:56',0,0,1,0,0,0,0,1,0,'',0,NULL,0,NULL,1,0,3170839286,'0000-00-00'),(1894,0,'Салмин','Александр','Александрович','','1966-09-10','M','Российская Федерация',1,'3611','493299','оуфмс россии по самарской обл.','2011-09-29','632-007','pilot-vb24@mail.ru',1,'2013-01-06 06:33:35',17,0,1,0,0,1,0,3,1,'г.Сызрань Куйбышевской обл.',846,'374500',917,'1045333',1,1,1402279259,'0000-00-00'),(1895,0,'Казанцева ','Ирина ','Николаевна ','','0000-00-00','','Российская Федерация',1,'','','','0000-00-00','','kazanec76@mail.ru',1,'2013-01-06 16:32:48',0,0,1,0,0,0,0,1,0,'',0,NULL,0,NULL,1,0,3654608750,'0000-00-00'),(1896,0,'Соболева','Виктория','Сергеевна','','1986-09-03','F','Российская Федерация',1,'2805','672875','Кимрским ОВД Тверской области','2006-10-25','692-017','home86@bk.ru',1,'2013-01-06 16:42:41',50,18,1,1,0,1,0,3,1,'дер. Титово Кимрского района Тверской области',48236,'74260',968,'9347977',1,0,3579282153,'0000-00-00'),(1897,0,'Алексеев','Даниил','Александрович','','0000-00-00','M','Российская Федерация',1,'7503','085165','ОВДПравобережного р.на','2002-12-25','742-024','alekseev_77@mail.ru',1,'2013-01-06 18:09:36',0,0,1,0,0,0,0,2,2,'г.Магнитогорск',3519,'221750',950,'7289243',1,0,1841940434,'0000-00-00'),(1898,0,'Чичерина','Евгения','','','0000-00-00','','Российская Федерация',1,'','','','0000-00-00','','cheugenya@yandex.ru',1,'2013-01-07 16:43:06',0,0,1,0,0,0,0,1,0,'',0,NULL,0,NULL,1,0,1608347887,'0000-00-00'),(1899,0,'Винокурова','Дарья','Андреевна','','0000-00-00','','Российская Федерация',1,'','','','0000-00-00','','fermer_00@mail.ru',1,'2013-01-09 00:17:35',0,0,1,0,0,0,0,1,0,'',0,NULL,0,NULL,1,0,3579280483,'0000-00-00'),(1900,0,'Пыхтина','Наталия','Дмитриевна','','1973-04-18','F','Российская Федерация',1,'4608','783249','ТП в пос. Правдинском ОУФМС России по Московской обл. в Пушкинском р-не','2009-09-15','500-135','nat1973@inbox.ru',1,'2013-01-10 07:42:17',11,0,1,1,0,1,0,3,1,'пос. Дымер, Вышгородского р-на, Киевской обл.',903,'1504338',903,'1504338',1,0,2997948853,'0000-00-00'),(1901,0,'Юртова','Анна','Ивановна','','0000-00-00','','Российская Федерация',1,'','','','0000-00-00','','chai86@mail.ru',1,'2013-01-10 09:17:07',0,0,1,0,0,0,0,1,0,'',0,NULL,0,NULL,1,0,3579282502,'0000-00-00'),(1902,0,'Аслонов','Сардор','Садилло Угли','','1995-10-12','M','Российская Федерация',1,'27','42733','ГУВД г.Зарафшана','2011-11-04','','shahzoda.2001@mail.ru',1,'2013-01-10 12:19:28',0,0,1,0,0,0,0,2,2,'г.Зарафшан',893,'9521295',893,'9521295',1,0,1592190159,'0000-00-00'),(1903,0,'Сергеева','Любовь','Ивановна','','1986-11-07','F','Российская Федерация',1,'6705','615812','ОВД г. Мегиона','2006-12-05','','L9641707074@mail.ru',2,'2013-01-12 09:34:09',1,0,1,0,0,1,0,3,2,'город МЕГИОН',34643,'32778',950,'5258804',1,0,3232134146,'0000-00-00'),(1904,0,'Курилин ','Дмитрий','Владимирович','','1974-07-11','M','Российская Федерация',1,'0411','128314','ОТДЕЛОМ УФМС РОССИИ ПО КРАСНОЯРСКОМУ КРАЮ В ГОР. НОРИЛЬСКНЕ','2011-11-02','240-015','19930811kanal7@mail.ru',2,'2013-01-12 17:09:51',0,0,1,0,0,0,0,2,1,'Красноярский кр. г. Норильск',913,'4982980',913,'4982980',1,0,1433754036,'0000-00-00'),(1905,0,'Тарасова','Гузеля','Рафаэльевна','','1974-01-16','F','Российская Федерация',1,'8806','869853','оуфмс россии по республике марий эл в городе волжске','2002-01-30','120-002','guzelya_tarasova@mail.ru',1,'2013-01-14 04:56:24',47,3,1,1,0,1,0,3,1,'гор андижан республики узбекистан',3631,'22203',909,'9661436',1,0,3648413020,'0000-00-00'),(1906,0,'Баланова','Ульяна','Андреевна','','1988-09-27','F','Российская Федерация',1,'9808','125919','ТП УФМС России по Республике Саха (Якутия) в Булунском районе','2008-10-29','140-011','uliana88balan@gmail.com',2,'2013-01-14 06:42:45',0,0,1,0,0,0,0,4,1,'пос. Сеген-Кюель Кобяйского района ЯАССР',0,'',924,'3600079',1,0,1427829214,'0000-00-00'),(1907,0,'Коляда ','Андрей','Викторович','','0000-00-00','M','Российская Федерация',1,'6009','528724','межрайонным отд.уфмс россии по ростовской обл. в городе сальске','2009-07-13','610-056','andrey.koliada@yandex.ru',1,'2013-01-14 16:54:12',1,0,1,0,0,1,0,3,1,'Казахстан г.Алга',86372,'40206',967,'0254780',1,0,781510718,'0000-00-00'),(1908,0,'Силова','Елизавета','Андреевна','','1992-08-08','F','Российская Федерация',1,'4106','897643','уф тверская область селижаровский район','2012-09-16','','baza.liza@mail.ru',1,'2013-01-14 20:31:16',11,0,1,1,0,1,0,4,1,'Ленинградская обл ломоносовский  район дер яльгелево',919,'0639345',919,'0639345',1,0,1402274546,'0000-00-00'),(1909,0,'Новикова','Татьяна','Николаевна','','1991-02-06','F','Российская Федерация',1,'0411','045185','от-ем номер2 ОУФМС по городу Норильск','2011-04-26','216-040','ntn_nexy91@mail.ru',1,'2013-01-14 22:40:56',0,0,1,0,0,0,0,2,1,'г.Норильск',3919,'395997',923,'3477728',1,1,3579280445,'0000-00-00'),(1910,0,'Никитина','Айгуль','Дильфатовна','','1973-07-02','F','Российская Федерация',1,'9400','150144','Устиновским РОВД г. Ижевска','2001-04-03','182-002','aygul.nikitina@list.ru',1,'2013-01-15 15:05:56',56,15,1,0,0,1,0,3,1,'Ижевск',912,'4606417',912,'4561363',1,0,1588945460,'0000-00-00'),(1911,0,'Артеменко','Михаил','Борисович','','0000-00-00','','Российская Федерация',1,'','','','0000-00-00','','tima0186@mail.ru',1,'2013-01-15 19:04:58',0,0,1,0,0,0,0,1,0,'',0,NULL,0,NULL,1,0,3583055359,'0000-00-00'),(1912,0,'Чеснокова ','Екатерина','Николаевна','','0000-00-00','','Российская Федерация',1,'','','','0000-00-00','','Musy81@bk.ru',1,'2013-01-16 03:55:31',0,0,1,0,0,0,0,1,0,'',0,NULL,0,NULL,1,0,3162236580,'0000-00-00'),(1913,0,'Невгад','Наталия','Сергеевна','','0000-00-00','','Российская Федерация',1,'','','','0000-00-00','','natalya.nevgad2010@yandex.ru',1,'2013-01-16 04:30:25',0,0,1,0,0,0,0,1,0,'',0,NULL,0,NULL,1,0,1834369936,'0000-00-00'),(1914,0,'Толстых','Екатерина','Андреевна','','0000-00-00','','Российская Федерация',1,'','','','0000-00-00','','kitty-psix666@mail.ru',1,'2013-01-16 17:11:32',0,0,1,0,0,0,0,1,0,'',0,NULL,0,NULL,1,0,2991043805,'0000-00-00'),(1915,0,'Рогачкова','Анна','Федоровна','','1988-10-20','F','Российская Федерация',1,'2510','500708','ТП УФМС России по Иркутской области','2011-07-19','380-039','rogachckova.an@yandex.ru',1,'2013-01-17 08:40:13',8,0,1,1,0,1,0,3,4,'г.Киренск Иркутской области',39568,'43030',964,'1297555',1,1,1551772228,'0000-00-00'),(1916,0,'Юркина ','Ирина','Юрьевна','','0000-00-00','','Российская Федерация',1,'','','','0000-00-00','','yurkina.i@mail.ru',1,'2013-01-18 10:15:05',0,0,1,0,0,0,0,1,0,'',0,NULL,0,NULL,1,0,2990587393,'0000-00-00'),(1917,0,'Гарусенко','Наталья','','','1987-07-12','F','Украина',1,'21','750021','4810 УКРАИНА','2011-03-14','','nataliawow@hotmail.com',1,'2013-01-25 08:35:31',50,1,1,1,0,1,0,3,1,'Украина',83176,'73309',953,'5592390',1,0,3648413023,'0000-00-00'),(1918,0,'Ойбек','Хамдамов','Тохирович','','1986-06-12','M','Узбекистан',1,'2','090469','Избаскан ИИБ','2011-06-12','','xamdamov2012@yandex.ru',1,'2013-01-25 18:05:23',45,12,1,0,1,1,0,3,2,'Узбекистан',929,'5248830',926,'0653615',1,0,3266969938,'0000-00-00'),(1919,0,'Перегудов','Андрей','Анатольевичь','','0000-00-00','','Российская Федерация',1,'','','','0000-00-00','','Dirnos777@yandex.ru',1,'2013-01-26 09:27:26',0,0,1,0,0,0,0,1,0,'',0,NULL,0,NULL,1,0,1597282375,'0000-00-00'),(1921,0,'Сидоров ','Максим','Олегович','','0000-00-00','','Российская Федерация',1,'','','','0000-00-00','','kakashicool@mail.ru',1,'2013-01-26 11:22:34',0,0,1,0,0,0,0,1,0,'',0,NULL,0,NULL,1,0,1052203167,'0000-00-00'),(1922,0,'Котенев','Сергей','Александрович','','1980-03-16','M','Российская Федерация',1,'0513','023499','ОУФМС России по Приморскому краю в Артемовском ГО','2012-11-20','250-009','Palamar12345@yandex.ru',1,'2013-01-27 04:43:52',60,18,1,1,0,1,0,4,1,'Комсомольск на Амуре',42337,'33841',924,'5260045',1,1,1294189564,'0000-00-00'),(1923,0,'Гибадуллина','Римма','Ильдаровна','','0000-00-00','','Российская Федерация',1,'','','','0000-00-00','','rimma_gibadullina@mail.ru',1,'2013-01-27 05:21:55',0,0,1,0,0,0,0,1,0,'',0,NULL,0,NULL,1,0,1402282905,'0000-00-00'),(1924,0,'Иманкулова','Александрия','Эриковна','','0000-00-00','','Российская Федерация',1,'','','','0000-00-00','','alaksa-9-01@mail.ru',1,'2013-01-27 06:52:08',0,0,1,0,0,0,0,1,0,'',0,NULL,0,NULL,1,0,3556961957,'0000-00-00'),(1926,0,'Лыжков','Юрий','Сергеевич','','1985-02-16','M','Российская Федерация',1,'4611','529506','ТП №7 ОУФМС России по Московской обл. по Сергиево-Посадскому муниципальному р-ну','2011-12-23','','Lyzhkov_U@mail.ru',1,'2013-01-27 07:37:40',47,0,5,0,0,1,1,4,1,'пос. Новостройка',495,'3556391',925,'3094013',3,0,1364778551,'0000-00-00'),(1927,0,'Фролова','Александра','Михайловна','','0000-00-00','','Российская Федерация',1,'','','','0000-00-00','','Sasha_Frolova_2010@yandex.ru',1,'2013-01-27 10:08:44',0,0,1,0,0,0,0,1,0,'',0,NULL,0,NULL,1,0,3579282290,'0000-00-00'),(1928,0,'Валиева','Вероника','Андреевна','','1994-08-30','F','Российская Федерация',1,'7608','349052','отделением УФМС РОССИИ по забайкальскому краю','2008-10-01','750-019','veronika.valieva.1994@mail.ru',1,'2013-01-27 13:00:20',8,0,1,1,0,1,0,3,1,'гор.Караганда Респ. Казахстан',83024,'40089',7,'9143525',1,0,528937207,'0000-00-00'),(1929,0,'Фролов','Денис','Сергеевич','','1995-03-04','M','Российская Федерация',1,'0309','143092','ОУФМС РОССИИ ','2009-01-17','230-048','dandan.08@mail.ru',1,'2013-01-27 18:56:40',60,18,1,1,0,1,0,3,1,'приморско-ахтаоск',909,'4470882',903,'4059083',1,0,3161603779,'0000-00-00'),(1930,0,'Галибин','Артем','Денисовчич','','1992-11-03','M','Российская Федерация',1,'3434','34234','23','2002-01-16','','arti1992@bk.ru',1,'2013-01-28 02:09:43',0,0,1,0,0,0,0,2,1,'Питер',324,'3242343',324,'3242343',1,0,1593039429,'0000-00-00'),(1931,0,'Стодоля ','Оксана','Игоревна','','0000-00-00','','Российская Федерация',1,'','','','0000-00-00','','oxi_1981@inbox.ru',1,'2013-01-28 19:33:31',0,0,1,0,0,0,0,1,0,'',0,NULL,0,NULL,1,0,1595995047,'0000-00-00'),(1932,0,'Медведева','Ирина','Вячеславовна','','1978-12-25','F','Российская Федерация',1,'8600','173518','овд гор кондопоги республики карелия','2001-08-22','102-005','ira.dawy2010@yandex.ru',1,'2013-01-29 08:15:18',47,9,1,1,0,1,0,3,1,'гор кондопога республики карелия',81451,'77091',900,'4573986',1,0,3645020236,'0000-00-00'),(1933,0,'Филиппов','Сергей','Викторович','','0000-00-00','','Российская Федерация',1,'','','','0000-00-00','','ru3dswww@yandex.ru',1,'2013-01-29 08:37:19',0,0,1,0,0,0,0,1,0,'',0,NULL,0,NULL,1,0,2997976738,'0000-00-00'),(1934,0,'Омарова','Барият','Амировна','','0000-00-00','','Российская Федерация',1,'','','','0000-00-00','','bariyat.omarova@mail.ru',1,'2013-01-29 16:40:03',0,0,1,0,0,0,0,1,0,'',0,NULL,0,NULL,1,0,1603905163,'0000-00-00'),(1935,0,'Долженко','Андрей','','','0000-00-00','','Российская Федерация',1,'','','','0000-00-00','','d.a.v@inbox.lv',1,'2013-01-30 19:48:33',0,0,1,0,0,0,0,1,0,'',0,NULL,0,NULL,1,0,1334071608,'0000-00-00'),(1936,0,'Паськова','Анастасия','Ивановна','','0000-00-00','','Российская Федерация',1,'','','','0000-00-00','','nastia_paskova@mail.ru',1,'2013-01-31 05:00:03',0,0,1,0,0,0,0,1,0,'',0,NULL,0,NULL,1,0,1570360634,'0000-00-00'),(1937,0,'Рогачкова','Анна','Федоровна','','1988-10-20','F','Российская Федерация',1,'2510','500708','ТП УФМС России по Иркутской области','2011-07-19','380-039','aneshka3@yandex.ru',1,'2013-01-31 13:18:18',50,6,1,1,0,1,0,4,1,'г.Киренск Иркутской области',39568,'43030',964,'1297555',0,1,1606230469,'0000-00-00'),(1938,0,'Дмитриев',' Александр ','Сергеевич','','1993-02-11','M','Российская Федерация',1,'3206','259969','УВД Кемеровской обл г Киселевска','2007-02-14','','flexei@bk.ru',2,'2013-02-01 03:25:36',0,0,1,0,0,0,0,2,1,'г Киселевск',38464,'72251',950,'2767783',1,0,3579279370,'0000-00-00'),(1939,0,'Нагаева','Ирина','Викторовна','','1979-08-08','F','Российская Федерация',1,'0306','509525','ОТДЕЛОМ УФМС РОССИИ ПО КРАСНОДАРСКОМУ КРАЮ В ГОРОДЕ КРОПОТКИНЕ','2007-04-24','230-018','nagaeva102@mail.ru',1,'2013-02-01 05:47:54',50,1,1,1,0,1,0,4,1,'ГОР. КРОПОТКИН КРАСНОДАРСКОГО КРАЯ',918,'3525745',918,'4165514',1,1,782140906,'0000-00-00'),(1940,0,'Трушина','Лариса','','','1974-11-30','F','Российская Федерация',1,'6805','284306','Мичуринским ГУВД','2002-01-22','','trularisa2@rambler.ru',1,'2013-02-01 09:00:48',17,0,1,0,0,1,0,3,1,'Мичуринск',910,'7512201',910,'7512201',1,0,2959859915,'0000-00-00'),(1941,0,'Максименко','Вячеслав','Александрович','','0000-00-00','','Российская Федерация',1,'','','','0000-00-00','','mrangel89@mail.ru',1,'2013-02-02 11:42:12',0,0,1,0,0,0,0,1,0,'',0,NULL,0,NULL,1,0,2459857763,'0000-00-00'),(1942,0,'Газдиева','Зита','Мовлтуевна','','1981-06-29','F','Российская Федерация',1,'2603','109140','ОВД Малгобекского района','2006-09-16','062-006','korigova1957@mail.ru',2,'2013-02-02 14:07:01',17,0,1,0,0,1,0,3,1,'г. Волгоград  ',1111,'111111',927,'2570565',1,1,3169402724,'0000-00-00'),(1943,0,'Шульгина','Надежда','Михайловна','','0000-00-00','','Российская Федерация',1,'','','','0000-00-00','','nadin-fm@yandex.ru',1,'2013-02-04 09:03:59',0,0,1,0,0,0,0,1,0,'',0,NULL,0,NULL,1,0,1347565124,'0000-00-00'),(1944,0,'Байкалов','Дмитрий','Сергеевич','','1988-09-14','M','Российская Федерация',1,'9308','370165','отделением ОФМС России по р. Тыва в г. Кызыле','2008-12-18','170-001','9133570255@mail.ru',1,'2013-02-05 09:50:56',55,13,1,0,1,1,0,3,2,'республика Тыва г. Кызыл',39422,'60314',913,'3570255',1,0,3274349321,'0000-00-00'),(1945,0,'Махкамов','Джалолиддин','Нуриддин Угли','','0000-00-00','','Российская Федерация',1,'','','','0000-00-00','','fribble_boy@mail.ru',1,'2013-02-05 13:53:25',0,0,1,0,0,0,0,1,0,'',0,NULL,0,NULL,1,0,628020004,'0000-00-00'),(1946,0,'Сосновкая ','Евгения','Олеговна','','0000-00-00','','Российская Федерация',1,'','','','0000-00-00','','zhenechka.sosnovskaya@mail.ru',1,'2013-02-05 15:30:08',0,0,1,0,0,0,0,1,0,'',0,NULL,0,NULL,1,0,1427826473,'0000-00-00'),(1947,0,'Игамбердиев','Фаррух','Хасанджонович','','1994-11-28','M','Российская Федерация',1,'2435','256378','Каюмов','2012-04-02','','tajik2013@inbox.ru',1,'2013-02-05 17:05:56',45,12,1,1,0,1,0,3,1,'Таджикистан',495,'345627555',926,'0334935',1,0,1475715001,'0000-00-00'),(1948,0,'Гришин','Сергей','Владимирович','','0000-00-00','','Российская Федерация',1,'','','','0000-00-00','','ssdd79@rambler.ru',1,'2013-02-06 18:02:02',0,0,1,0,0,0,0,1,0,'',0,NULL,0,NULL,1,0,3002828962,'0000-00-00'),(1949,0,'Курбанов','Илья','Вячеславович','','0000-00-00','','Российская Федерация',1,'','','','0000-00-00','','curbanovment@yandex.ru',1,'2013-02-06 18:20:00',0,0,1,0,0,0,0,1,0,'',0,NULL,0,NULL,1,0,3648412181,'0000-00-00'),(1950,0,'Черноглазова ','Виктория','Игоревна','','0000-00-00','','Российская Федерация',1,'','','','0000-00-00','','xxvikkixx13@qip.ru',1,'2013-02-07 13:07:45',0,0,1,0,0,0,0,1,0,'',0,NULL,0,NULL,1,0,3272618104,'0000-00-00'),(1951,0,'Кузнецов','Владимир ','Викторович','','1978-03-25','M','Российская Федерация',1,'4603','118337','овд г. жуковский','0202-09-19','502-005','Kuzney1215@gmail.com',1,'2013-02-07 15:51:15',45,12,1,1,0,0,0,3,1,'город жуковский',495,'5569582',903,'2760456',1,0,1598570948,'0000-00-00'),(1952,0,'Кирильчук','Олег','Петрович','','1970-10-25','M','Российская Федерация',1,'4102','730404','УВД Выборгского р-она Лен обл','2002-08-27','472-005','okirilchuk70@mail.ru',1,'2013-02-08 01:49:40',45,0,1,1,0,1,0,4,1,'г.Кривой Рог Днепропетровской обл',906,'2425731',906,'2425731',0,1,3645018625,'0000-00-00'),(1953,0,'Алексеева','Юлия','Валентиновна','','1980-08-04','F','рф',1,'1234','123456','ОВД','2011-11-13','','yliy80@mail.ru',1,'2013-02-08 21:44:24',50,19,1,1,0,0,0,4,2,'Можайск',929,'5568568',929,'5568568',1,0,1598572152,'0000-00-00'),(1954,0,'Муханов','Игорь','Анатольевич','','0000-00-00','','Российская Федерация',1,'','','','0000-00-00','','igor.mukhanov@gmail.com',1,'2013-02-09 06:47:26',0,0,1,0,0,0,0,1,0,'',0,NULL,0,NULL,1,0,1446622839,'0000-00-00'),(1955,0,'Синицын','Дмитрий','Михайлович','','0000-00-00','','Российская Федерация',1,'','','','0000-00-00','','dimok0008@mail.ru',1,'2013-02-09 09:37:46',0,0,1,0,0,0,0,1,0,'',0,NULL,0,NULL,1,0,1315624262,'0000-00-00'),(1956,0,'Хестанова','Юлия','Эдуардовна','','0000-00-00','','Российская Федерация',1,'','','','0000-00-00','','taisiy25@gmail.com',1,'2013-02-11 09:10:12',0,0,1,0,0,0,0,1,0,'',0,NULL,0,NULL,1,0,780801505,'0000-00-00'),(1957,0,'Батов ','Егор','Николаевич','','1987-08-19','M','Российская Федерация',1,'4508','348215','Отделения по р-ну Северное Бутово ОУФМС России по г. Москве','2007-09-28','770-121','batov.egor@bk.ru',1,'2013-02-11 10:58:27',47,3,1,1,0,1,0,4,2,'г. Москва',499,'7122473',929,'5326939',1,0,1504902961,'0000-00-00'),(1958,0,'Батов','Егор','Николаевич','','1987-08-19','M','Российская Федерация',1,'4508','348215','Отделения по р-ну Северное Бутово ОУФМС России по г. Москве','2007-09-28','770-121','batov.egor@list.ru',1,'2013-02-11 11:29:25',47,0,1,1,0,1,0,4,2,'Москва',499,'7122473',929,'5326939',3,0,1504902961,'0000-00-00'),(1959,0,'Гатамов','Руслан','Илгар','','0000-00-00','','Российская Федерация',1,'','','','0000-00-00','','ruslan.hatamov@mail.ru',1,'2013-02-11 19:02:40',0,0,1,0,0,0,0,1,0,'',0,NULL,0,NULL,1,0,776538963,'0000-00-00'),(1960,0,'Оразов','Фуркат','Агаджанович','','0000-00-00','','Российская Федерация',1,'','','','0000-00-00','','zhayms@mail.ru',1,'2013-02-11 23:42:16',0,0,1,0,0,0,0,1,0,'',0,NULL,0,NULL,1,0,3652117314,'0000-00-00'),(1961,0,'Белов','Александр','','','0000-00-00','','Российская Федерация',1,'','','','0000-00-00','','ivkon2010@yandex.ru',1,'2013-02-12 14:26:42',0,0,1,0,0,0,0,1,0,'',0,NULL,0,NULL,1,0,522900790,'0000-00-00'),(1962,0,'Монгуш','Аржаана','Ангыр-Ооловна','','0000-00-00','','Российская Федерация',1,'','','','0000-00-00','','uoarzhana@mail.ru',1,'2013-02-13 05:46:16',0,0,1,0,0,0,0,1,0,'',0,NULL,0,NULL,1,0,1592195867,'0000-00-00'),(1963,0,'Урсегова','Галина','Владимировна','','1980-12-18','F','Российская Федерация',1,'9402','506840','УВД гор. Воткинска Удмуртской Республики','2002-03-05','182-006','ursegova_galina@mail.ru',2,'2013-02-13 05:56:40',51,0,1,0,0,1,1,3,2,'Удмуртская республика, город Воткинск',7921,'1246894',921,'1246894',1,0,1402274795,'0000-00-00'),(1964,0,'Кравцова','Татьяна','Николаевна','','1974-01-15','F','Российская Федерация',1,'6006','565674','пос.чертково','2002-01-17','610-024','elena-0-0-0-2012@mail.ru',1,'2013-02-13 06:17:35',17,0,1,0,0,1,0,3,2,'ст.казанская',896,'1314392',896,'1314392',1,0,1427814531,'0000-00-00'),(1969,0,'Степанов','Игорь','Викторович','','1969-12-03','M','Российская Федерация',1,'8697','003642','ОВД города Костомукши Республики Карелия','1998-01-29','102-006','advstepanov@yandex.ru',2,'2013-02-14 06:33:44',0,0,1,0,0,0,0,2,1,'город Бор Горьковской области',831,'4134269',920,'2534269',1,1,3279617105,'0000-00-00'),(1970,0,'Любомудрова','Марина','Владимировна','','0000-00-00','','Российская Федерация',1,'','','','0000-00-00','','marina207_07@mail.ru',1,'2013-02-14 12:04:55',0,0,1,0,0,0,0,1,0,'',0,NULL,0,NULL,1,0,3156244529,'0000-00-00'),(1971,0,'Степанов','Владимир','Олегович','','1990-01-17','M','Российская Федерация',1,'8709','410687','ТП УФМС России по Республике Коми в пос. Нижний Одес в г. Сосногорске ','2011-01-14','110-024','Vladimiroisb1990@mail.ru',1,'2013-02-14 21:02:33',4,0,1,1,0,1,0,4,4,'пос. Нижний Одес Сосногорского р-на Коми АССР',8216,'20477',904,'8643177',1,0,95558174,'0000-00-00'),(1972,0,'Амаев','Рамис','Рамазанович','','0000-00-00','','Российская Федерация',1,'','','','0000-00-00','','programist26@gmail.com',1,'2013-02-15 07:53:12',0,0,1,0,0,0,0,1,0,'',0,NULL,0,NULL,1,0,1490523191,'0000-00-00'),(1973,0,'Васильченко ','Яна ','Юрьевна','','0000-00-00','','Российская Федерация',1,'','','','0000-00-00','','yanasps@list.ru',1,'2013-02-16 10:17:38',0,0,1,0,0,0,0,1,0,'',0,NULL,0,NULL,1,0,622680294,'0000-00-00'),(1974,0,'Малета','Роман','Степанович','','0000-00-00','','Российская Федерация',1,'','','','0000-00-00','','mr.maleta@mail.ru',1,'2013-02-16 19:17:34',0,0,1,0,0,0,0,1,0,'',0,NULL,0,NULL,1,0,1603911192,'0000-00-00'),(1975,0,'Черняновский ','Александр','Владимирович ','','0000-00-00','','Российская Федерация',1,'','','','0000-00-00','','sashok_sniper@mail.ru',1,'2013-02-17 06:22:25',0,0,1,0,0,0,0,1,0,'',0,NULL,0,NULL,1,0,3165183691,'0000-00-00'),(1976,0,'Закиров','Руслан','Пулатович','','0000-00-00','','Российская Федерация',1,'','','','0000-00-00','','ruslan-mma@yandex.ru',1,'2013-02-17 10:20:58',0,0,1,0,0,0,0,1,0,'',0,NULL,0,NULL,1,0,774314514,'0000-00-00'),(1977,0,'Кочанова','Виктория','Александровна','','1988-08-13','F','Российская Федерация',1,'1908','565330','ОУФМС РОССИИ ПО ВОЛОГОДСКОЙ ОБЛАСТИ В ТОТЕМСКОМ РАЙОНЕ','2008-09-01','350-023','ko4anova2010@yandex.ru',1,'2013-02-17 15:39:17',50,1,1,1,0,1,0,3,1,'г.Тотьма Вологодской области',81739,'23353',951,'7466630',1,0,2957079551,'0000-00-00'),(1978,0,'Джунусова','Алиса','','','0000-00-00','','Российская Федерация',1,'','','','0000-00-00','','dom-nikitina@yandex.ru',1,'2013-02-17 17:39:53',0,0,1,0,0,0,0,1,0,'',0,NULL,0,NULL,1,0,93049037,'0000-00-00'),(1979,0,'Лысенко','Нелли','Леонидовна','','1971-05-11','F','Российская Федерация',1,'4102','794240','Мморозовским ОМ Всеволожского р-она, Ленинградской обл.','2002-11-30','473-007','nelli.lysenko@yandex.ru',1,'2013-02-18 07:37:54',45,12,1,1,0,1,0,3,4,'Ленинградская обл., Всеволожский р-он., гп. Дубровка',812,'76371',905,'2088640',1,1,3282114863,'0000-00-00'),(1980,0,'Харчевникова','Ирина','Сергеевна','','0000-00-00','','Российская Федерация',1,'','','','0000-00-00','','reneegirl86@gmail.com',1,'2013-02-18 10:50:03',0,0,1,0,0,0,0,1,0,'',0,NULL,0,NULL,1,0,2152257784,'0000-00-00'),(1981,0,'Старкова','Татьяна','Николаевна','','0000-00-00','F','Российская Федерация',1,'9808','188574','ТП УФМС России по Республике Саха Якутия','2002-01-08','140-028','starkova94@mail.ru',1,'2013-02-19 11:40:46',0,0,1,0,0,0,0,2,1,'П. Усть-Миль',41141,'36174',924,'3674904',1,0,1538915331,'0000-00-00'),(1982,0,'Алексеенко ','Олеся','Александровна ','','1991-02-08','F','Российская Федерация',1,'0411','044931','от-ем №2 ОУФМС России','2011-03-04','240-016','alison888@mail.ru',1,'2013-02-20 05:30:03',50,1,1,1,0,1,0,3,2,'г.Норильск',3919,'393946',913,'1644166',1,0,1427824663,'0000-00-00'),(1983,0,'Смоляр','Максим','','','0000-00-00','','Российская Федерация',1,'','','','0000-00-00','','Medmaks87@mail.ru',1,'2013-02-21 00:31:58',0,0,1,0,0,0,0,1,0,'',0,NULL,0,NULL,1,0,1385289747,'0000-00-00'),(1984,0,'Молтушкина ','Кристина ','Александровна','','1991-09-04','F','Российская Федерация',1,'9811','341861','тпуфмс россии по рс(я) в усть-майском районе','2012-02-29','140-028','kristina910491@mail.ru',1,'2013-02-21 05:08:50',47,3,1,1,0,0,0,3,1,'п.эльдикан усть-майский район якутской-саха сср',41141,'34017',924,'4695437',1,0,622680264,'0000-00-00'),(1985,0,'Кучин','Константин','Ивановия','','1975-12-06','M','Российская Федерация',1,'0103','353690','ТОМ приобский УВД г.Бийска','2002-09-17','222-040','kikuchin@tnk-bp.com',1,'2013-02-21 07:44:08',45,12,1,1,0,1,0,3,1,'Бийск',923,'6566195',912,'3812521',1,1,1049444743,'0000-00-00'),(1986,0,'Южаков','Данил','Николаевич','','1995-11-04','M','Российская Федерация',1,'5709','578743','отдел УФМС России по Пермскому краю в городе Березники','2010-03-31','590-014','pizdatiy.59@mail.ru',1,'2013-02-21 12:08:13',58,16,1,0,0,0,0,3,1,'город Березники Пермской области',34242,'00000',919,'4872531',1,0,530720493,'0000-00-00'),(1987,0,'Рычковский','Антон','Викторович','','1992-04-12','M','Российская Федерация',1,'0411','278355','ТП УФМС РОССИИ по Красноярскому краю в Ермаковском районе','2012-05-21','240-050','delivery-metro@mail.ru',1,'2013-02-21 16:11:12',47,5,1,1,0,1,0,3,1,'г. Чирчик Ташкентской обл. респ. Узбекистан',3912,'609508',905,'9973165',1,0,2152453586,'0000-00-00'),(1988,0,'Долгий ','Денис','Александрович','','0000-00-00','','Российская Федерация',1,'','','','0000-00-00','','mr.potenza@mail.ru',1,'2013-02-22 04:10:40',0,0,1,0,0,0,0,1,0,'',0,NULL,0,NULL,1,0,1540042592,'0000-00-00'),(1989,0,'Глазунов','Михаил','Владимирович','','1974-11-15','M','Российская Федерация',1,'4510','474675','ОВД по Бирюлево Западное','2009-12-01','770-030','mishamoneyxl@inbox.ru',1,'2013-02-22 13:34:36',59,17,1,0,1,1,0,4,2,'г.Москва',495,'3840316',906,'7777718',1,0,3162252832,'0000-00-00'),(1990,0,'Мишуровская','Екатерина','Андреевна','','0000-00-00','','Российская Федерация',1,'','','','0000-00-00','','megokaterinka15@mail.ru',1,'2013-02-22 16:09:56',0,0,1,0,0,0,0,1,0,'',0,NULL,0,NULL,1,0,3155351356,'0000-00-00'),(1991,0,'Призенцов','Андрей','Анатольевич','','1968-01-21','M','Российская Федерация',1,'2504','216066','УВД г.Ангарска, Иркутской области','2004-02-21','','s.p.k.2007@yandex.ru',1,'2013-02-23 06:04:24',50,1,1,1,0,1,0,4,1,'Кемеровская одласть, г. Анжеро-Судженск',3955,'614091',914,'0071288',1,0,523217073,'0000-00-00'),(1992,0,'Липский','Никита','Андреевич','','0000-00-00','','Российская Федерация',1,'','','','0000-00-00','','mail@nikit.me',1,'2013-02-23 11:09:35',0,0,1,0,0,0,0,1,0,'',0,NULL,0,NULL,1,0,1833504708,'0000-00-00'),(1993,0,'Боровская','Ольга','Леонидовна','','1977-10-26','F','Российская Федерация',1,'1009','135248','ТП УФМС РОССИИ по Амурской области в пос Прогресс','2009-03-17','','strada.1026@gmail.com',2,'2013-02-23 13:19:53',0,12,1,0,0,1,1,4,1,'пос. Прогресс, гор. Райчихинска Амурской обл.',41647,'44058',924,'6786443',1,0,1332343700,'0000-00-00'),(1995,0,'Спиридонов','Семен','','','1974-01-09','M','Российская Федерация',1,'4530','344567','овд г.кондопога','2002-01-16','','ukriger@mail.ru',1,'2013-02-23 15:43:38',59,17,1,1,0,1,0,4,1,'Минск',81534,'54545',921,'1678907',1,0,1356665280,'0000-00-00'),(1996,0,'Семенова','Кристина','Валерьевна','','1994-09-12','F','',1,'000','433398','Хякимлик Копетдагского этрапа шахера Ашгабата','2010-10-11','','semyonova_kristina@mail.ru',1,'2013-02-25 08:23:43',59,17,1,1,0,1,0,4,4,'г. Ашгабат',993,'12966311',993,'6402782',1,0,3652118538,'0000-00-00'),(1997,0,'Зубова','Людмиила','Александровна','','0000-00-00','','Российская Федерация',1,'','','','0000-00-00','','zusyaz@mail.ru',1,'2013-02-25 10:03:53',0,0,1,0,0,0,0,1,0,'',0,NULL,0,NULL,1,0,2989370041,'0000-00-00'),(1998,0,'Дементьева','Анастасия','Анатольевна','','1988-09-20','F','Российская Федерация',1,'5208','701708','отделом УФМС России По Омской Области в Омском Районе','2008-10-31','550-027','nasy20-88@mail.ru',1,'2013-02-26 08:02:09',59,17,1,1,0,1,0,4,3,'Пос. Н-Бухтарма Г. Серебрянск Восточно-Казахстанской Обл.',908,'1140249',908,'1140249',1,0,1836589285,'0000-00-00'),(1999,0,'Астафьев','Иван','','','1986-02-26','M','Российская Федерация',1,'7812','123456','Паспортный стол','2002-01-01','','lcf2003@mail.ru',1,'2013-02-26 10:31:43',45,12,1,1,0,1,0,3,1,'Россия',495,'1234567',495,'1234567',1,0,1599525126,'0000-00-00'),(2000,0,'Пятышева ','Наталья','Владимировна','','1982-03-09','F','Российская Федерация',1,'7509','639866','Отделом УФМС России по Челябинской области в г.Копейске','2010-05-04','740-021','zao_gp@hotmail.com',1,'2013-02-27 03:44:21',0,0,1,0,0,0,0,2,1,'с.Еманжелинка Еткульского района Челябинской области',351,'3892395',919,'3123261',1,0,2989416677,'0000-00-00'),(2001,0,'Шабалкова','Александра','Гарриевна','','1991-10-12','F','Российская Федерация',1,'7512','004748','отделением№2УФМС россии по чел.обл.в правоб.р-не гор. магнитогорска','2011-11-02','740-028','shabalkova91@mail.ru',1,'2013-02-27 10:53:16',45,12,1,0,0,1,0,3,1,'г.Магнитогорск',3519,'313281',908,'5819141',1,0,782724740,'0000-00-00'),(2002,0,'Муслумзаде','Нури','','','0000-00-00','','Российская Федерация',1,'','','','0000-00-00','','Nuri_mm@mail.ru',1,'2013-03-01 17:00:04',0,0,1,0,0,0,0,1,0,'',0,NULL,0,NULL,1,0,86779742,'0000-00-00'),(2003,0,'Цветков','Сергей','Андреевич','','0000-00-00','','Российская Федерация',1,'','','','0000-00-00','','sergei-cvetkov@mail.ru',1,'2013-03-03 11:01:32',0,0,1,0,0,0,0,1,0,'',0,NULL,0,NULL,1,0,1474485874,'0000-00-00'),(2004,0,'Трофименко','Татьяна','Васильевна','','1978-06-24','F','Российская Федерация',1,'2504','336200','ОВД по Октябрьскому округу г.Иркутска','2004-09-02','382-002','taniatrofimenko@mail.ru',1,'2013-03-03 12:16:14',59,17,1,1,0,1,0,3,2,'г. Иркутск',3952,'354804',904,'1328325',1,0,2966940846,'0000-00-00'),(2005,0,'Иванова','Зинаида','Георгиевна','','0000-00-00','','Российская Федерация',1,'','','','0000-00-00','','zina-96@inbox.ru',1,'2013-03-04 14:19:21',0,0,1,0,0,0,0,1,0,'',0,NULL,0,NULL,1,0,529803321,'0000-00-00'),(2006,0,'Нурисламова','Ирина','Шамилевна','','1987-02-06','F','Российская Федерация',1,'8011','379798','отделением УФМС России по Республике Башкортостан в Кигинском районе ','2011-12-28','020-051','irina-irina87@bk.ru',1,'2013-03-05 18:07:09',45,12,1,1,0,1,0,3,1,'Верхние Киги Башкортостан',34748,'30527',963,'2385888',1,1,520645311,'0000-00-00'),(2007,0,'Сухопарова','Евгения','Валерьевна','','1985-04-30','F','Российская Федерация',1,'4611','434788','ТП№1 ОУФМС РОССИИ по Московской обл., по городскому округу Домодедово','2011-10-11','500-024','syroega2000@mail.ru',1,'2013-03-06 06:18:41',59,17,1,1,0,1,0,3,2,'совхоз Барыбино Домодедовского р-на Московской обл.',49679,'64063',926,'3215459',1,1,3156950794,'0000-00-00'),(2008,0,'Прокашев','Сергей','Олегович','','0000-00-00','','Российская Федерация',1,'','','','0000-00-00','','amd.pro@mail.ru',1,'2013-03-06 08:42:29',0,0,1,0,0,0,0,1,0,'',0,NULL,0,NULL,1,0,528494980,'0000-00-00'),(2009,0,'Тованов','Алексей','Владимирович','','0000-00-00','','Российская Федерация',1,'','','','0000-00-00','','tovanov.alieksiei@mail.ru',1,'2013-03-06 17:37:16',0,0,1,0,0,0,0,1,0,'',0,NULL,0,NULL,1,0,3645021704,'0000-00-00'),(2010,0,'Тюриков ','Борис','Игоревич','','0000-00-00','','Российская Федерация',1,'','','','0000-00-00','','monolit_stalker@bk.ru',1,'2013-03-08 16:48:46',0,0,1,0,0,0,0,1,0,'',0,NULL,0,NULL,1,0,1599065359,'0000-00-00'),(2011,0,'Дмитриев','Никита','Игоревич','','1990-06-13','M','Российская Федерация',1,'8811','058544','отделом УФМС России по республике Марий-Эл в городе Йошкар-Оле','2011-05-30','120-020','babay-forever@yandex.ru',1,'2013-03-08 16:54:26',45,12,1,1,0,1,0,4,1,'город Йошкар-Ола',8987,'7188796',917,'7171796',1,0,3166412010,'0000-00-00'),(2012,0,'Воленюк','Олег','Григглрьевич','','0000-00-00','','Российская Федерация',1,'','','','0000-00-00','','volenyuk-oleg@mail.ru',1,'2013-03-09 04:32:04',0,0,1,0,0,0,0,1,0,'',0,NULL,0,NULL,1,0,775943314,'0000-00-00'),(2013,0,'Ильясов','Павел','Ильгизович','','0000-00-00','','Российская Федерация',1,'','','','0000-00-00','','Iliasov1861@gmail.com',1,'2013-03-09 10:43:58',0,0,1,0,0,0,0,1,0,'',0,NULL,0,NULL,1,0,781366319,'0000-00-00'),(2014,0,'Мартьянова','Анна','Викторовна','','0000-00-00','','Российская Федерация',1,'','','','0000-00-00','','martyanova.anna@list.ru',1,'2013-03-10 10:40:43',0,0,1,0,0,0,0,1,0,'',0,NULL,0,NULL,1,0,3648413008,'0000-00-00'),(2015,0,'Мартьянов','Максим','Геннадьевич','','1989-04-13','M','Российская Федерация',1,'3312','170820','тп уфмс россии по кировской области в фалёнском районе','2013-02-12','430-036','maksim.mikrykov.1989@mail.ru',1,'2013-03-10 17:20:52',53,14,1,0,0,1,0,3,3,'дер. Малахи',88333,'222372',922,'9029997',1,0,1509872358,'0000-00-00'),(2016,0,'Унукайнен','Яна','Рафаэльевна','','0000-00-00','','Российская Федерация',1,'','','','0000-00-00','','gari9.91@mail.ru',1,'2013-03-11 06:33:07',0,0,1,0,0,0,0,1,0,'',0,NULL,0,NULL,1,0,1539086813,'0000-00-00'),(2017,0,'Юрков','Денис','Вячеславович','','0000-00-00','','Российская Федерация',1,'','','','0000-00-00','','beez-z@rambler.ru',1,'2013-03-11 07:06:21',0,0,1,0,0,0,0,1,0,'',0,NULL,0,NULL,1,0,3269593341,'0000-00-00'),(2018,0,'Колюжов','Юрий','Иванович','','1988-07-26','M','Российская Федерация',1,'0100','322438','овд центрального района','2002-01-29','','taxion54@mail.ru',1,'2013-03-11 14:38:54',50,1,1,1,0,1,0,3,1,'москва',3852,'318611',903,'9923812',1,1,2998598721,'0000-00-00'),(2019,0,'Мартьянов','Максим','Геннадьевич','','0000-00-00','','Российская Федерация',1,'','','','0000-00-00','','maksim.mikykov.1989@mail.ru',1,'2013-03-11 16:42:08',0,0,1,0,0,0,0,1,0,'',0,NULL,0,NULL,1,0,2989244986,'0000-00-00'),(2020,0,'Герасимов','Тимофей','Олегович','','0000-00-00','','Российская Федерация',1,'','','','0000-00-00','','anastasiya.nova@mail.ru',1,'2013-03-12 07:21:03',0,0,1,0,0,0,0,1,0,'',0,NULL,0,NULL,1,0,2248172925,'0000-00-00'),(2021,0,'Акежанова','Карина','Акалбековна','','1990-02-05','M','Российская Федерация',1,'9811','368104','УФМС России ','2011-12-02','140-004','akezanoya@mail.ru',1,'2013-03-13 03:42:52',59,17,1,1,0,0,0,3,1,'г Мирный саха якутия',41136,'33701',984,'1106179',1,0,1538915389,'0000-00-00'),(2022,0,'Малыгина','Вера','Юрьевна','','1975-03-23','F','Российская Федерация',1,'8101','283232','Онохойским отделением милиции Заиграевского  ОВД Республики Бурятия','2002-02-26','033-008','malugina959.malygina@yandex.ru',1,'2013-03-13 04:01:45',59,17,1,1,0,1,0,3,1,'п. Майский Курумканского района Республики Бурятия',83012,'467641',914,'8440285',1,1,1604943278,'0000-00-00'),(2023,0,'Шманев','Павел','Вячеславович','','1987-09-03','M','Российская Федерация',1,'5409','11406','отделеним УФМС России по Орловской области в Железнодорожном р-не г.Орла','2009-09-03','570-002','godsaveaqueen@yandex.ru',1,'2013-03-13 04:51:55',45,12,1,1,0,1,0,3,1,'гор.Орел',963,'6147238',963,'6147238',1,0,1841069858,'0000-00-00'),(2024,0,'Барбас','София','Андреевна','','0000-00-00','','Российская Федерация',1,'','','','0000-00-00','','devil-sof@mail.ru',1,'2013-03-14 10:25:18',0,0,1,0,0,0,0,1,0,'',0,NULL,0,NULL,1,0,1360681737,'0000-00-00'),(2025,0,'Фокин','Андрей','Михайлович','','1985-11-19','M','Российская Федерация',1,'1905','333088','Усть-Кубинским РОВД Вологодской Области','2005-12-19','352-025','1fry@mail.ru',1,'2013-03-14 16:13:38',45,12,1,1,0,1,0,4,4,'пос.устье усть-кубинского района вологодской области',953,'5182557',953,'5182557',1,0,1311030611,'0000-00-00'),(2026,0,'Сальникова','Юлия','Эдвардовна','','0000-00-00','','Российская Федерация',1,'','','','0000-00-00','','saleksey89@mail.ru',1,'2013-03-14 18:21:06',0,0,1,0,0,0,0,1,0,'',0,NULL,0,NULL,1,0,625936291,'0000-00-00'),(2027,0,'Яворская','Ольга','Васильевна','','0000-00-00','','Российская Федерация',1,'','','','0000-00-00','','yaworskaya.olga@mail.ru',1,'2013-03-15 06:23:40',0,0,1,0,0,0,0,1,0,'',0,NULL,0,NULL,1,0,3654608604,'0000-00-00'),(2028,0,'Титаренко','Татьяна','Алексардровна','','1982-10-03','F','Российская Федерация',1,'3204','785830','Тисульским РОВД Кемеровской Обл','2004-12-14','422-043','t.a.titarenko@qmail.com',1,'2013-03-17 06:06:06',50,19,1,1,0,1,0,3,1,'Тисуль',7384,'62237',905,'9069452',1,0,3648409367,'0000-00-00'),(2029,0,'Айбазов','Таулан','Аубекирович','','0000-00-00','','Российская Федерация',1,'','','','0000-00-00','','aibazt@mail.ru',1,'2013-03-18 08:35:57',0,0,1,0,0,0,0,1,0,'',0,NULL,0,NULL,1,0,3000459564,'0000-00-00'),(2030,0,'Васин','Евгенгий','','','0000-00-00','','Российская Федерация',1,'','','','0000-00-00','','ktomru2008@rambler.ru',1,'2013-03-19 09:23:14',0,0,1,0,0,0,0,1,0,'',0,NULL,0,NULL,1,0,2965603312,'0000-00-00'),(2031,0,'Татарникова ','Ксения ','Владимировна','','0000-00-00','','Российская Федерация',1,'','','','0000-00-00','','kuka3544022@mail.ru',1,'2013-03-19 12:43:52',0,0,1,0,0,0,0,1,0,'',0,NULL,0,NULL,1,0,1295232045,'0000-00-00'),(2032,0,'Вдовина','Ольга','Александровна','','1974-01-24','F','Российская Федерация',1,'3204','232530','РОВД Кировского р-на г.Кемерово','2002-01-03','','yetty.79@mail.ru',1,'2013-03-19 17:21:48',56,15,1,0,0,1,0,3,1,'г.Кемерово',3842,'582555',908,'9584868',1,0,783657837,'0000-00-00'),(2033,0,'Ермолаев','Алексей','Влалимирович','','0000-00-00','','Российская Федерация',1,'','','','0000-00-00','','ermolkin@yandex.ru',1,'2013-03-20 05:52:31',0,0,1,0,0,0,0,1,0,'',0,NULL,0,NULL,1,0,100591657,'0000-00-00'),(2034,0,'Тукалевская','Наталья','Юрьевна','','0000-00-00','','Российская Федерация',1,'','','','0000-00-00','','nataly6328@yandex.ru',1,'2013-03-20 07:32:45',0,0,1,0,0,0,0,1,0,'',0,NULL,0,NULL,1,0,3559677911,'0000-00-00'),(2035,0,'Черепанова','Анастасия','Алексеевна','','0000-00-00','','Российская Федерация',1,'','','','0000-00-00','','amore.miracolo@mail.ru',1,'2013-03-22 04:54:42',0,0,1,0,0,0,0,1,0,'',0,NULL,0,NULL,1,0,628020037,'0000-00-00'),(2036,0,'Пазына','Ирина','Викторовна','','0000-00-00','','Российская Федерация',1,'','','','0000-00-00','','pazyna85@mail.ru',1,'2013-03-22 10:38:28',0,0,1,0,0,0,0,1,0,'',0,NULL,0,NULL,1,0,1467286904,'0000-00-00'),(2037,0,'Филиппова','Светлана','','','0000-00-00','','Российская Федерация',1,'','','','0000-00-00','','svietlana.filippova.89@mail.ru',1,'2013-03-24 16:03:09',0,0,1,0,0,0,0,1,0,'',0,NULL,0,NULL,1,0,1402274362,'0000-00-00'),(2038,0,'Крестьянов','Олег','Борисович','','1974-09-11','M','Российская Федерация',1,'4607','705297','ТП ОУФМС РОССИИ по Московской обл. в Домодедовском р-не в пос. Барыбино','2002-06-07','500-024','olegkrestyanov@mail.ru',1,'2013-03-25 12:37:45',45,0,4,1,0,1,1,4,1,'гор. Весьегонск Калининская обл.',985,'2187819',985,'2187819',3,0,1383232242,'0000-00-00'),(2039,0,'Дондопова','Жаргалма','Тумэн-Жаргаловна','','1980-03-24','F','Российская Федерация',1,'8103','675046','овд селенгинского района рб','2003-07-10','032-021','dondopova@bk.ru',1,'2013-03-25 13:37:12',50,19,1,1,0,1,0,3,1,'селенгинский район рб',908,'5975309',924,'3543375',1,0,622680186,'0000-00-00'),(2040,0,'Поляков','Сергей','Анатольевич','','0000-00-00','','Российская Федерация',1,'','','','0000-00-00','','shadow38@yandex.ru',1,'2013-03-25 14:20:12',0,0,1,0,0,0,0,1,0,'',0,NULL,0,NULL,1,0,1504840893,'0000-00-00'),(2041,0,'Гвоздяков','Александр','Юрьевич','','1986-09-10','M','Российская Федерация',1,'4606','982835','ГОВД г. Краснознаменска','2006-09-21','','a.gvozdyakov@yandex.ru',1,'2013-03-26 08:42:12',56,15,1,0,0,1,0,3,2,'г. Енисейск',498,'6762754',909,'6966036',1,0,3575765642,'0000-00-00'),(2042,0,'Корольков','Василий','Викторович','','0000-00-00','','Российская Федерация',1,'','','','0000-00-00','','vassav777@yandex.ru',1,'2013-03-26 15:09:50',0,0,1,0,0,0,0,1,0,'',0,NULL,0,NULL,1,0,1336193031,'0000-00-00'),(2043,0,'Жигарева','Ирина','Олеговна','','0000-00-00','','Российская Федерация',1,'','','','0000-00-00','','izhigareva@yandex.ru',1,'2013-03-26 15:40:43',0,0,1,0,0,0,0,1,0,'',0,NULL,0,NULL,1,0,3645021580,'0000-00-00'),(2044,0,'Бородулин','Сергей','Владимирович','','1983-05-01','M','Российская Федерация',1,'7402','123569','Увд г ноябрьск','2002-01-10','892-005','BUBAKA_@MAIL.RU',1,'2013-03-28 06:40:08',59,17,1,1,0,1,0,3,1,'зыряновск',3496,'329746',912,'9173359',1,0,3155398418,'0000-00-00'),(2045,0,'Тамбовцева','Елена','Валерьевна','','0000-00-00','','Российская Федерация',1,'','','','0000-00-00','','tambovceva.83@mail.ru',1,'2013-03-28 09:20:02',0,0,1,0,0,0,0,1,0,'',0,NULL,0,NULL,1,0,1315574934,'0000-00-00'),(2046,0,'Гурьев','Дмитрий','Николаевич','','1977-11-26','M','Российская Федерация',1,'4612','908299','ТП №3 межрайонного ОУФМС России по Московской области в городском поселении Люберцы','2012-10-06','500-075','ndimag@gmail.com',1,'2013-03-29 09:43:20',46,0,1,1,1,1,1,4,2,'г. Люберцы',495,'7267735',903,'7267735',3,0,1541190936,'0000-00-00'),(2047,0,'Боровицкий','Геннадий','','','0000-00-00','','Российская Федерация',1,'','','','0000-00-00','','genrih04@gmail.com',1,'2013-03-29 12:06:00',0,0,1,0,0,0,0,1,0,'',0,NULL,0,NULL,1,0,1585247001,'0000-00-00'),(2048,0,'Пронин','Алексей','Сергеевич','','0000-00-00','','Российская Федерация',1,'','','','0000-00-00','','zakharovni@yandex.ru',1,'2013-03-30 09:04:59',0,0,1,0,0,0,0,1,0,'',0,NULL,0,NULL,1,0,1402276088,'0000-00-00'),(2049,0,'Яшкин','Владислав','Викторович','','1985-06-17','M','Российская Федерация',1,'4511','140031','Отделом УФМС России по городу Москве по району Чертаново Южное','2011-03-24','770-041','anna-seleznova-79@mail.ru',1,'2013-04-02 07:37:43',56,15,1,0,0,1,0,3,1,'г. Москва',495,'3877686',967,'1519614',1,0,3579282050,'0000-00-00'),(2050,0,'Черепанова','Анастасия','Алексеевна','','0000-00-00','','Российская Федерация',1,'','','','0000-00-00','','anache93@mail.ru',1,'2013-04-02 08:10:39',0,0,1,0,0,0,0,1,0,'',0,NULL,0,NULL,1,0,1347475946,'0000-00-00'),(2051,0,'Коваленок','Светлана','Ивановна','','0000-00-00','','Российская Федерация',1,'','','','0000-00-00','','svetilana@inbox.ru',1,'2013-04-02 14:54:46',0,0,1,0,0,0,0,1,0,'',0,NULL,0,NULL,1,0,2956785220,'0000-00-00'),(2052,0,'Шамратов','Максим','Сергеевич','','0000-00-00','','Российская Федерация',1,'','','','0000-00-00','','shamratovmaksim@gmail.com',1,'2013-04-02 15:47:44',0,0,1,0,0,0,0,1,0,'',0,NULL,0,NULL,1,0,629395144,'0000-00-00'),(2053,0,'Гартман','Виктория','Валериевна','','1989-11-29','F','Российская Федерация',1,'5009','683725','ОТДЕЛОМ УФМС РОССИИ ПО НОВОСИБИРСКОЙ ОБЛАСТИ В ПЕРВОМАЙСКОМ РАЙОНЕ','2010-08-06','540-009','viktorijagartman@mail.ru',1,'2013-04-03 05:54:39',59,17,1,1,0,1,0,3,4,'С. НВОМОШКОВСКОЕ МОШКОВСКОГО Р-НА НОВОСИБИРСКОЙ ОБЛ.',383,'2346321',983,'3219144',1,1,3164737087,'0000-00-00'),(2054,0,'Ризванов','Марат','Масгутович','','1988-01-05','M','Российская Федерация',1,'9207','323527','Отделом УФМС России по РТ в Лениногорском районе','2008-01-11','160-029','maratrizvanv@rambler.ru',1,'2013-04-03 08:14:03',45,12,1,1,0,1,0,4,1,'город Лабытнанги Тюменской обл.',927,'4734504',927,'4734504',1,0,2999897499,'0000-00-00'),(2055,0,'Хайдарова','Татьяна','Хусаиновна','','0000-00-00','','Российская Федерация',1,'','','','0000-00-00','','tatyana051964@mail.ru',1,'2013-04-03 09:36:51',0,0,1,0,0,0,0,1,0,'',0,NULL,0,NULL,1,0,1336589682,'0000-00-00'),(2056,0,'Стригун','Дарья ','Сергеевна','','0000-00-00','','Российская Федерация',1,'','','','0000-00-00','','strigun006@mail.ru',1,'2013-04-03 16:49:16',0,0,1,0,0,0,0,1,0,'',0,NULL,0,NULL,1,0,532710761,'0000-00-00'),(2057,0,'Халилов','Мамедсаф','Гадир-Оглы','','0000-00-00','','Российская Федерация',1,'','','','0000-00-00','','qaqul@mail.ru',1,'2013-04-04 22:08:57',0,0,1,0,0,0,0,1,0,'',0,NULL,0,NULL,1,0,3164791857,'0000-00-00'),(2058,0,'Щукин','Андрей','Андреевич ','','0000-00-00','','Российская Федерация',1,'','','','0000-00-00','','pacanus@mail.ru',1,'2013-04-05 17:46:22',0,0,1,0,0,0,0,1,0,'',0,NULL,0,NULL,1,0,782126748,'0000-00-00'),(2059,0,'Мухний','Наталья','','','1980-07-04','F','Российская Федерация',1,'2700','104305','УВД Ленинградского района г. Калининград','2000-09-14','','muh198055@me.com',2,'2013-04-06 05:16:16',55,13,1,0,0,1,0,4,1,'Г. Калининград',4012,'675155',909,'7787580',1,0,2152184354,'0000-00-00'),(2060,0,'Корольков','Василий','Викторович','','1976-10-24','M','Российская Федерация',1,'4606','770970','Сухаревским ПОМ Мытищинского района','2005-11-18','','vassav7@rambler.ru',1,'2013-04-06 07:54:39',45,12,1,1,0,1,0,4,1,'Туркменистан г. Ашхабад',495,'5778447',968,'8952982',1,0,1336193031,'0000-00-00'),(2061,0,'Шарапов','Мансур','Алишерович','','0000-00-00','','Российская Федерация',1,'','','','0000-00-00','','Lineage.94@list.ru',1,'2013-04-07 12:13:19',0,0,1,0,0,0,0,1,0,'',0,NULL,0,NULL,1,0,3588645894,'0000-00-00'),(2062,0,'Аинин','Олег','Владимирович','','0000-00-00','','Российская Федерация',1,'','','','0000-00-00','','your.helping-hand@yandex.com',1,'2013-04-07 16:38:19',0,0,1,0,0,0,0,1,0,'',0,NULL,0,NULL,1,0,1593655896,'0000-00-00'),(2063,0,'Буянова','Ольга','','','0000-00-00','','Российская Федерация',1,'','','','0000-00-00','','o.bouyanova@mail.ru',1,'2013-04-07 16:44:01',0,0,1,0,0,0,0,1,0,'',0,NULL,0,NULL,1,0,522647322,'0000-00-00'),(2064,0,'Гришко ','Максим','Сергеевич','','0000-00-00','','Российская Федерация',1,'','','','0000-00-00','','bigrus3@gmail.com',1,'2013-04-07 19:50:52',0,0,1,0,0,0,0,1,0,'',0,NULL,0,NULL,1,0,3575323910,'0000-00-00'),(2065,0,'Водяков','Дмитрий','Иванович','','0000-00-00','','Российская Федерация',1,'','','','0000-00-00','','wodyk@mail.ru',1,'2013-04-08 04:48:28',0,0,1,0,0,0,0,1,0,'',0,NULL,0,NULL,1,0,3579283193,'0000-00-00'),(2066,0,'Цалко','Александра','Геннадиевна','','1989-08-25','F','Российская Федерация',1,'3809','651990','отделение УФМС России по Курской  области в Курском районе','2009-10-09','460-020','sasha.calko.s@ya.ru',1,'2013-04-08 17:59:40',0,0,1,0,0,0,0,2,1,'город Красный Луч Ворошиловградской области Украинской ССР',919,'2773724',919,'2773724',1,1,3579284658,'0000-00-00'),(2067,0,'Калинин','Руслан','Сергеевич','','1991-08-02','M','Российская Федерация',1,'1112','887267','Межрайонным отделением №4 УФМС России по Архангельской области в городе Архангельске ','2012-07-27','290-025','ruslan.kalinin.1992@inbox.ru',1,'2013-04-09 16:26:31',0,0,1,0,0,0,0,2,1,'Архангельск',0,'0000000000',902,'1939824',1,0,1310292152,'0000-00-00'),(2068,0,'Журавлев','Иван','Владимирович','','1991-07-07','M','Российская Федерация',1,'4511','567214','УФМС РОССИИ ПО ГОР.МОСКВЕ ПО РАЙОНУ ВОЙКОВСКИЙ','2012-05-04','770-016','IZhuravlev@beeline.ru',1,'2013-04-09 18:52:06',53,14,1,0,0,1,0,3,1,'МОСКВА',495,'4505420',965,'3211690',1,0,2995521700,'0000-00-00'),(2069,0,'Никулина','Юлия','Геннадьевна','','1980-10-08','F','Российская Федерация',1,'8002','098210','Октябрьским РУВД г.Уфы','2002-12-11','022-006','daniilnikulina2002@mail.ru',1,'2013-04-10 08:24:37',50,1,1,1,0,1,0,4,1,'Уфимский район д.Раевка',3472,'361731',841,'6681363',1,0,1907020498,'0000-00-00'),(2070,0,'Нилова','Анастасия','Михайловна','','0000-00-00','','Российская Федерация',1,'','','','0000-00-00','','tsvetochek93@yandex.ru',1,'2013-04-10 09:29:29',0,0,1,0,0,0,0,1,0,'',0,NULL,0,NULL,1,0,1841069147,'0000-00-00'),(2071,0,'Кулаков','Дмитрий','Анатольевич','','1978-06-01','M','Российская Федерация',1,'9503','507426','Усть-Абаканским РОВД','2004-06-15','192-004','dmitriy_kulakov@bk.ru',1,'2013-04-10 15:16:58',50,1,1,1,0,0,0,3,1,'с.Терск',0,'000000000',929,'3365681',1,0,1402286180,'0000-00-00'),(2072,0,'Молотов','Алексей','Александрович','','0000-00-00','M','Российская Федерация',1,'1902','556481','увд гор. Череповца','2002-07-31','352-003','molotov81_81@mail.ru',1,'2013-04-10 15:48:48',56,15,1,0,0,1,0,3,1,'Вологодская область',8202,'2213996',921,'2551177',1,0,1597354577,'0000-00-00'),(2073,0,'Айдарханова','Ксения','Вячеславовна','','1991-04-21','F','Российская Федерация',1,'0110','567555',' ТП УФМС РОССИИ ПО АЛТАЙСКОМУ КРАЮ В С.МИХАЙЛОВСКОЕ','2011-08-25','220-031','oks81743447@yandex.ru',1,'2013-04-11 10:42:30',0,0,1,0,0,0,0,2,1,'Р.П. МИХАЙЛОВСКИЙ МИХАЙЛОВСКОГО РАЙОНА АЛТАЙСКОГО КРАЯ',38570,'22712',983,'1745492',1,1,94744836,'0000-00-00'),(2074,0,'Дойна','Балан','Николаи','','0000-00-00','','Российская Федерация',1,'','','','0000-00-00','','dojna.balan@mail.ru',1,'2013-04-12 18:25:51',0,0,1,0,0,0,0,1,0,'',0,NULL,0,NULL,1,0,2372266697,'0000-00-00'),(2075,0,'Мухний','Наталья','','','1980-07-04','F','Российская Федерация',1,'2700','104305','УВД Ленинградского района','2000-09-14','','Muh198055@gmail.com',2,'2013-04-13 06:15:58',53,14,1,0,0,1,0,4,1,'Г. Калининград',4012,'675155',909,'7787580',1,0,2152184354,'0000-00-00'),(2076,0,'Оюн','Эремаа','Алексеевна','','0000-00-00','','Российская Федерация',1,'','','','0000-00-00','','eremaoyun@mail.ru',1,'2013-04-13 12:02:07',0,0,1,0,0,0,0,1,0,'',0,NULL,0,NULL,1,0,3648409373,'0000-00-00'),(2077,0,'Халматов','Артур','Арифович','','0000-00-00','','Российская Федерация',1,'','','','0000-00-00','','man-biznes@mail.ru',1,'2013-04-14 04:10:07',0,0,1,0,0,0,0,1,0,'',0,NULL,0,NULL,1,0,3587059452,'0000-00-00'),(2078,0,'Храменкова','Анастасия','Анатольевна','','1995-07-21','F','Российская Федерация',1,'2509','222105','УФМС по Иркутской области в Н-Илимском районе','2008-07-28','','tiptop2013@inbox.ru',1,'2013-04-14 13:06:45',59,17,1,1,0,1,0,3,1,'г.Братск',83956,'636691',908,'6572711',1,0,1539489678,'0000-00-00'),(2079,0,'Лопатина ','Оксана','Велентиновна','','0000-00-00','','Российская Федерация',1,'','','','0000-00-00','','OK1979MA@yandex.ru',1,'2013-04-15 07:20:42',0,0,1,0,0,0,0,1,0,'',0,NULL,0,NULL,1,0,1427826511,'0000-00-00'),(2080,0,'Короткова','Оксана','Ивановна','','1983-05-05','F','Российская Федерация',1,'0106','913247','ОТДЕЛОМ ВНУТРЕННИХ ДЕЛ ВОЛЧИХИНСКОГО РАЙОНА АЛТАЙСКОГО КРАЯ','2007-02-15','222-009','89293753656@mail.ru',1,'2013-04-16 07:22:12',47,3,1,1,0,1,0,3,1,'С. ПРАВДА ВОЛЧИХИНСКОГО Р-НА АЛТАЙСКОГО КРАЯ',962,'8066209',962,'8066209',1,0,1402286167,'0000-00-00'),(2081,0,'Фалонча','Пстовон','Ххх','','0000-00-00','','Российская Федерация',1,'','','','0000-00-00','','reg_xat@mail.ru',1,'2013-04-16 11:26:21',0,0,1,0,0,0,0,1,0,'',0,NULL,0,NULL,1,0,3588645914,'0000-00-00'),(2082,0,'Синельникова','Любовь','Сергеевна','','1990-09-02','F','Российская Федерация',1,'1210','343400','оуфмс россии по астраханской области в лиманском районе','2010-10-01','300-011','lyubov.sinelnikova@mail.ru',1,'2013-04-16 15:49:29',0,0,1,0,0,0,0,2,2,'пос. лиман лиманского р-на астраханской обл.',851,'4722758',906,'1772422',1,0,1603908233,'0000-00-00'),(2083,0,'Машарипов','Даврон','Бахромович','','0000-00-00','','Российская Федерация',1,'','','','0000-00-00','','dm83.83@mail.ru',1,'2013-04-17 05:04:42',0,0,1,0,0,0,0,1,0,'',0,NULL,0,NULL,1,0,3641189371,'0000-00-00'),(2084,0,'Бондаренко','Руслан','Анатольевич','','1968-06-27','M','Российская Федерация',1,'0303','417415','Усть-Лабинским РОВД Краснодарского края','2002-08-26','232-055','Bond78@bk.ru',1,'2013-04-17 08:27:52',53,14,1,0,0,1,0,4,2,'г. Малин, Житомирской обл.',86135,'51379',906,'4312154',1,0,3648410088,'0000-00-00'),(2085,0,'Баранов','Михаил','Станиславович','','1994-09-03','M','Российская Федерация',1,'7308','620955','ОТДЕЛОМ УФМС РОССИИ ПО УЛЬЯНОВСКОЙ ОБЛАСТИ В ЗАВОЛЖСКОМ РАЙОНЕ ГОР. УЛЬЯНОВСКА','2008-09-12','730-003','Mafidaki@yandex.ru',1,'2013-04-18 16:58:25',45,12,1,0,1,1,0,3,2,'Гор. Ульяновск',8422,'531481',927,'2726828',1,0,1560077222,'0000-00-00'),(2086,0,'Крылов','Родион','Александрович','','0000-00-00','','Российская Федерация',1,'','','','0000-00-00','','dxmot@ya.ru',1,'2013-04-19 15:20:03',0,0,1,0,0,0,0,1,0,'',0,NULL,0,NULL,1,0,1402276284,'0000-00-00'),(2087,0,'Телитченко','Елена','Юрьевна','','0000-00-00','','Российская Федерация',1,'','','','0000-00-00','','lela20-29@mail.ru',1,'2013-04-20 11:29:47',0,0,1,0,0,0,0,1,0,'',0,NULL,0,NULL,1,0,1427809617,'0000-00-00'),(2088,0,'Умаханов','Марат','Русланович','','0000-00-00','','Российская Федерация',1,'','','','0000-00-00','','phylacterium@ya.ru',1,'2013-04-21 18:52:50',0,0,1,0,0,0,0,1,0,'',0,NULL,0,NULL,1,0,39596083,'0000-00-00'),(2089,0,'Гладченко','Виктория','Валерьевна','','0000-00-00','','',0,'','','','0000-00-00','','vika10071982@mail.ru',0,'2013-04-22 10:10:34',59,17,1,1,0,1,0,3,0,'',0,'',0,'',0,0,3579283089,'0000-00-00'),(2090,0,'Миллер','Татьяна','Андреевна','','1996-05-02','F','Российская Федерация',1,'5310','964165','отделом УФМС России по Оренбургской области в г.Новотроицке','2010-05-27','560-009','kol12_2011_86@mail.ru',2,'2013-04-25 07:40:13',47,6,1,1,0,0,0,3,1,'гор.Новотроицк Оренбургской области',90584,'74905',961,'9347200',1,0,520982584,'0000-00-00'),(2091,0,'Нора','Геворгян','Бахдасаровна','','0000-00-00','','Российская Федерация',1,'','','','0000-00-00','','eva-tai-tai@mail.ru',1,'2013-04-25 09:28:17',0,0,1,0,0,0,0,1,0,'',0,NULL,0,NULL,1,0,1566497230,'0000-00-00'),(2092,0,'Гончаров','Борис','Николаевич','','0000-00-00','','Российская Федерация',1,'','','','0000-00-00','','boris-goncharov@list.ru',1,'2013-04-25 11:40:46',0,0,1,0,0,0,0,1,0,'',0,NULL,0,NULL,1,0,782164148,'0000-00-00'),(2093,0,'Гасымов','Илгар','Ельбрус','','0000-00-00','','Российская Федерация',1,'','','','0000-00-00','','ilqar_1973@mail.ru',1,'2013-04-25 18:15:15',0,0,1,0,0,0,0,1,0,'',0,NULL,0,NULL,1,0,96846248,'0000-00-00'),(2094,0,'Расулов','Фаррух','Султанбаевич','','0000-00-00','','Российская Федерация',1,'','','','0000-00-00','','farruh4@mail.ru',1,'2013-04-25 20:53:46',0,0,1,0,0,0,0,1,0,'',0,NULL,0,NULL,1,0,531172114,'0000-00-00'),(2096,0,'Комбасов','Роман','Геннадьевич','','1976-04-03','M','Российская Федерация',1,'7002','979740','Ефремовским РОВД Тульской обл','2002-11-26','712-014','kombasov.roman@mail.ru',1,'2013-04-27 14:17:31',0,0,1,0,0,0,0,2,1,'Тула',48741,'50808',925,'4502815',1,0,3650501473,'0000-00-00'),(2097,0,'Ярыгина','Любовь','Сергеевна','','1993-12-24','M','Российская Федерация',1,'4608','054111','УФМС России по МО в Зарайском Районе','2008-01-30','','Lyu6837286@yandex.ru',1,'2013-04-27 20:17:18',45,12,1,1,1,1,0,3,2,'Зарайск',499,'4328604',926,'3033017',1,0,1595735969,'0000-00-00'),(2098,0,'Сыы','Ымы','Уц','','0000-00-00','','Российская Федерация',1,'','','','0000-00-00','','hhfd@mail.ru',1,'2013-05-04 13:30:42',0,0,1,0,0,0,0,1,0,'',0,NULL,0,NULL,1,0,1604681075,'0000-00-00'),(2099,0,'Шапошников','Алексей','Владимирович','','0000-00-00','','Российская Федерация',1,'','','','0000-00-00','','alek0585@mail.ru',1,'2013-05-04 14:43:34',0,0,1,0,0,0,0,1,0,'',0,NULL,0,NULL,1,0,787082564,'0000-00-00'),(2100,0,'Машрапов','Баходир','Олимжонович','','0000-00-00','','Российская Федерация',1,'','','','0000-00-00','','mashrapov_91@mail.ru',1,'2013-05-05 16:03:38',0,0,1,0,0,0,0,1,0,'',0,NULL,0,NULL,1,0,1402276033,'0000-00-00'),(2101,0,'Богатова','Анастасия','Алексеевна','','0000-00-00','','Российская Федерация',1,'','','','0000-00-00','','nastasya491@mail.ru',1,'2013-05-06 09:32:58',0,0,1,0,0,0,0,1,0,'',0,NULL,0,NULL,1,0,1412849941,'0000-00-00'),(2102,0,'Литвинов','Анатолий','Сергеевич','','1994-06-29','M','Узбекское',1,'4544','44444','Исламов','1993-04-25','','litvinov-anatoli@mail.ru',1,'2013-05-07 05:14:39',59,17,1,1,0,1,0,3,1,'Ташкент',24643,'232323',234,'2323232',1,0,1053923341,'0000-00-00'),(2103,0,'Венгер','Сулико','Джемаловна','','1984-07-03','F','Российская Федерация',1,'9805','978786','Усть-майским УОВД','2002-01-02','142-010','sulikovenger@mail.ru',1,'2013-05-07 13:40:59',47,6,1,1,0,1,0,3,1,'пос.Усть-мая',7415,'2210920',924,'3203218',1,0,3648405550,'0000-00-00'),(2104,0,'Брюзгина','Надежда','Юрьевна','','1981-04-24','F','Российская Федерация',1,'6307','066736','ТП УФМС РОССИИ ПО САРАТОВСКОЙ ОБЛ. В НОВОБУРАССКОМ Р-НЕ.','2007-10-18','640-027','Nadyonka@list.ru',1,'2013-05-08 15:34:41',50,19,1,1,0,1,0,3,1,'С.ТЕПЛОВКА НОВОБУРАССКИЙ РАЙОН САРАТОВСКАЯ ОБЛАСТЬ',499,'7102162',905,'7631815',1,0,1845256400,'0000-00-00'),(2105,0,'Ульянов','Александр','Анатольевич','','1977-02-25','M','Российская Федерация',1,'5702','984399','УВД Индустриального р-на г. Перми','2002-03-19','592-002','trotmaster@yandex.ru',2,'2013-05-08 17:23:33',45,12,1,1,0,1,0,3,1,'город Пермь',342,'2068803',908,'2510034',1,0,781332264,'0000-00-00'),(2106,0,'Мохнаткин','Антон','Михайлович','','1982-08-28','M','Российская Федерация',1,'4506','093697','ОВД \"Проспект Вернадског\" УВД ЗАО г.Москвы','2003-09-16','772-131','a.mokhnatkin@mail.ru',1,'2013-05-13 07:24:07',50,0,1,0,0,1,0,4,1,'г.Москва',496,'7501199',903,'2555525',3,0,3559465486,'0000-00-00'),(2107,0,'Викульев','Игорь','Борисович','','0000-00-00','','Российская Федерация',1,'','','','0000-00-00','','vikulev@bk.ru',1,'2013-05-13 07:44:18',0,0,1,0,0,0,0,1,0,'',0,NULL,0,NULL,1,0,2956049782,'0000-00-00'),(2108,0,'Галицкая','Марина','Владимировна','','1980-03-03','F','Российская Федерация',1,'0499','212997','ОВД Тасеевского района Красноярского края','2000-08-12','242-053','gao-1mail.ru@mail.ru',2,'2013-05-14 03:00:24',0,0,1,0,0,0,0,2,2,'дер. Скакальное Тасеевского района Красноярского края',39178,'30400',963,'2669127',1,0,1373533991,'0000-00-00'),(2109,0,'Батурин','Сергей','Иванович','','1984-10-01','M','Российская Федерация',1,'7504','452726','ОВД города Чебаркуля и Чебаркульского района','2004-12-14','','baturik@mail.com',1,'2013-05-14 06:43:41',45,12,1,1,0,1,0,3,2,'п. Юргамыш Курганской области',951,'7995633',951,'7995633',1,0,89108583,'0000-00-00'),(2110,0,'Гречка','Елена','Алексеевна','','0000-00-00','','Российская Федерация',1,'','','','0000-00-00','','evlona@ya.ru',1,'2013-05-17 07:01:49',0,0,1,0,0,0,0,1,0,'',0,NULL,0,NULL,1,0,2365590071,'0000-00-00'),(2111,0,'Ефремова','Антонина','Ивановна','','0000-00-00','','Российская Федерация',1,'','','','0000-00-00','','efrem-gal@mail.ru',1,'2013-05-18 11:13:52',0,0,1,0,0,0,0,1,0,'',0,NULL,0,NULL,1,0,1347542803,'0000-00-00'),(2112,0,'Чудинова','Светлана','Федоровна','','0000-00-00','','Российская Федерация',1,'','','','0000-00-00','','12w3475@mail.ru',1,'2013-05-18 16:35:01',0,0,1,0,0,0,0,1,0,'',0,NULL,0,NULL,1,0,1402283659,'0000-00-00'),(2113,0,'Герасимов','Станислав','','','0000-00-00','','Российская Федерация',1,'','','','0000-00-00','','gersv.dot7@hotmail.com',1,'2013-05-18 20:41:56',0,0,1,0,0,0,0,1,0,'',0,NULL,0,NULL,1,0,1578954743,'0000-00-00'),(2115,0,'Одесский','Михаил','Иванович','','0000-00-00','','Российская Федерация',1,'','','','0000-00-00','','104a93.MO@gmail.com',1,'2013-05-19 08:42:56',0,0,1,0,0,0,0,1,0,'',0,NULL,0,NULL,1,0,1402274379,'0000-00-00'),(2116,0,'Ирагимова','Лейла','Сайд-Эминовна','','1970-06-08','F','Российская Федерация',1,'9610','238849','Отд.УФМС России по ЧР в Ленинском р-оне гор.Грозного','2010-09-27','200-003','lajla.ibragimova@mail.ru',2,'2013-05-19 11:24:40',47,6,1,1,0,1,0,3,4,'с.Урус-Мартан Урус-Мартановского р-она ЧИАССР',928,'7366376',928,'7366376',1,1,3154159145,'0000-00-00'),(2117,0,'Киринцева','Елена','','','0000-00-00','','Российская Федерация',1,'','','','0000-00-00','','guz-81@mail.ru',1,'2013-05-19 16:32:51',0,0,1,0,0,0,0,1,0,'',0,NULL,0,NULL,1,0,1597321141,'0000-00-00'),(2118,0,'Забелин','Иван','Викторович','','1985-12-21','M','Российская Федерация',1,'4607','152041','Сходненским отделом милиции Химкинского УВД Московской области','2005-05-03','503-114','qawsedrfz@yandex.ru',1,'2013-05-20 06:47:16',45,12,1,0,0,1,0,4,4,'пос. Алабушево Солнечногорского района Московской области',926,'9012273',926,'9012273',1,0,1841069663,'0000-00-00'),(2119,0,'Ефремова','Атонина','Константиновна','','1994-04-29','F','Российская Федерация',1,'0108','239575','Уфмс России по Алтайскому краю г. Рубцовск','2008-06-30','220-044','tmnt94@mail.ru',1,'2013-05-21 01:07:05',45,12,1,1,0,0,0,4,1,'Казахстан Семипалатинская обл  г. Жезкент',41346,'91857',914,'0366350',0,0,1347542803,'0000-00-00'),(2120,0,'Якименко','Денис','Николаевич','','0000-00-00','','Российская Федерация',1,'','','','0000-00-00','','denisayk@bk.ru',1,'2013-05-21 10:50:02',0,0,1,0,0,0,0,1,0,'',0,NULL,0,NULL,1,0,3651826662,'0000-00-00'),(2121,0,'Головина','Людмила','','','0000-00-00','','Российская Федерация',1,'','','','0000-00-00','','tyuioperwer@gmail.com',1,'2013-05-21 17:14:15',0,0,1,0,0,0,0,1,0,'',0,NULL,0,NULL,1,0,2151964461,'0000-00-00'),(2122,0,'Карпушина ','Юлия','Максимовна','','0000-00-00','','Российская Федерация',1,'','','','0000-00-00','','fox__16@mail.ru',1,'2013-05-22 03:32:28',0,0,1,0,0,0,0,1,0,'',0,NULL,0,NULL,1,0,1294174839,'0000-00-00'),(2123,0,'Мохнаткин','Антон','Михайлович','','1982-08-28','M','Российская Федерация',1,'4506','093697','ОВД \"Проспект Вернадског\" УВД ЗАО г.Москвы','2003-09-16','772-131','moff2@yandex.ru',1,'2013-05-22 09:12:34',45,12,1,0,0,1,0,4,1,'г.Москва',496,'7501199',903,'2555525',0,0,3559465486,'0000-00-00'),(2124,0,'Гетто','Вероника','Юрьевна','','0000-00-00','F','Российская Федерация',1,'3607','805702','ОТДЕЛОМ УФМС РОССИИ ПО САМАРСКОЙ ОБЛАСТИ В ЦЕНТРАЛЬНОМ РАЙОНЕ ГОР.ТОЛЬЯТТИ','0000-00-00','630-004','getto.veronica@mail.ru',1,'2013-05-22 12:46:12',59,17,1,1,0,1,0,3,1,'ГОРОД ТОЛЬЯТТИ',83499,'250293',922,'0693346',1,0,1519802399,'0000-00-00'),(2125,0,'Шевчук','Вера','Константиновна','','0000-00-00','','Российская Федерация',1,'','','','0000-00-00','','veruxa30@mail.ru',1,'2013-05-23 20:47:23',0,0,1,0,0,0,0,1,0,'',0,NULL,0,NULL,1,0,1360025634,'0000-00-00'),(2126,0,'Ростовцева','Любовь','Алексеевна','','0000-00-00','M','Российская Федерация',1,'0312','030851','МЕЖРАЙОННЫМ ОТДЕЛОМ УФМС РОССИИ ПО КРАСНОДАРСКОМУ КРАЮ В ГОРОДЕ КРОПОТКИНЕ И КАВКАЗСКОМ РАЙОНЕ','2012-04-17','230-018','rostovtseva1973@mail.ru',2,'2013-05-24 10:42:56',50,19,1,1,0,1,0,3,1,'ПОС.ЗЫРЯНКА ВЕРХНЕКОЛЫМСКОГО РАЙОНА ЯКУТСКОЙ АССР',86138,'74781',953,'0874817',1,1,782140739,'0000-00-00'),(2127,0,'Крейбель','Алексей','Викторович','','0000-00-00','','Российская Федерация',1,'','','','0000-00-00','','aleksey.78@inbox.ru',1,'2013-05-24 17:42:57',0,0,1,0,0,0,0,1,0,'',0,NULL,0,NULL,1,0,3164737321,'0000-00-00'),(2128,0,'Коваленко ','Марина','','','0000-00-00','','Российская Федерация',1,'','','','0000-00-00','','merian20082008@rambler.ru',1,'2013-05-25 05:10:10',0,0,1,0,0,0,0,1,0,'',0,NULL,0,NULL,1,0,1347677755,'0000-00-00'),(2129,0,'Осипова','Дарья','Олеговна','','0000-00-00','','Российская Федерация',1,'','','','0000-00-00','','daxa161daxa@mail.ru',1,'2013-05-25 14:23:10',0,0,1,0,0,0,0,1,0,'',0,NULL,0,NULL,1,0,1841248617,'0000-00-00'),(2130,0,'Курносова','Оксана','Леонидовна','','0000-00-00','','Российская Федерация',1,'','','','0000-00-00','','oksana.kurnosova7@gmail.com',1,'2013-05-27 05:01:43',0,0,1,0,0,0,0,1,0,'',0,NULL,0,NULL,1,0,1347677773,'0000-00-00'),(2131,0,'Магданова','Ольга','Рафиковна','','1987-08-08','F','Российская Федерация',1,'4509','331510','отд по р-ну Таганский ОУФМС России по г. Москве в ЦАО','2007-09-21','770-009','olgamagdanova@yandex.ru',1,'2013-05-27 08:17:12',45,12,1,1,0,1,0,3,1,'г. Обнинск Калужской обл.',915,'1727009',915,'1727009',1,1,1841069528,'0000-00-00'),(2132,0,'Никуткин','Сергей ','Сергеевич','','0000-00-00','','Российская Федерация',1,'','','','0000-00-00','','nikutkin@pochta.ru',1,'2013-05-27 10:34:51',0,0,1,0,0,0,0,1,0,'',0,NULL,0,NULL,1,0,1582008106,'0000-00-00'),(2133,0,'Трифонов ','Алексей','Сергеевич','','1987-03-14','M','Российская Федерация',1,'4509','078314','УВД ЦАО г.Москвы','2007-04-04','','root@pipradio.com',1,'2013-05-28 11:06:03',45,12,1,1,0,1,0,4,2,'Москва',985,'4138705',985,'4138705',1,0,1333284207,'0000-00-00'),(2134,0,'Сагова','Хяди','Хазбулатовна','','1994-09-03','F','Российская Федерация',1,'2613','295936','отделом УФМС Росии по РИ','2013-04-29','060-002','sagova_hadi@mail.ru',1,'2013-05-30 08:24:30',47,9,1,1,0,0,0,3,1,'ГОР.НАЗРАНЬ РИ',88732,'221133',928,'9193948',1,0,3562932893,'0000-00-00'),(2135,0,'Москвичева','Анастасия','Владимировна','','1979-01-20','F','Российская Федерация',1,'6111','743490','тп в р.п.милославское мо уфмс россии по рязанской области в гор.скопине','2012-07-12','620-007','nastiakuimova@mail.ru',1,'2013-05-30 16:12:53',0,0,1,0,0,0,0,2,4,'Кемеровская область.г.Юрга',0,'0000000',926,'1534205',1,0,1595539943,'0000-00-00'),(2136,0,'Марценюк','Дмитрий','Михайлович','','0000-00-00','','Российская Федерация',1,'','','','0000-00-00','','dmitriy.martsenyuk@gmail.com',1,'2013-05-31 12:47:42',0,0,1,0,0,0,0,1,0,'',0,NULL,0,NULL,1,0,1843462296,'0000-00-00'),(2137,0,'Томилова','Елена','Николаевна','','0000-00-00','','',1,'2510','509363','отделом уфмс россии по иркутской области в гор. Усолье- Сибирское и Усольском р-не','0000-00-00','380-013','nnlt0000@gmail.com',1,'2013-06-02 04:52:50',59,17,1,1,0,1,0,3,1,'г. Усолье- Сибирское',39543,'64353',923,'5634486',1,0,2998588220,'0000-00-00'),(2138,0,'Филин','Максим','','','1988-03-14','M','Российская Федерация',1,'4509','646548','ОУФМС России по г. Москве в ЮВАО','2008-06-07','770-106','makcumfs@mail.ru',1,'2013-06-03 04:26:54',45,12,1,1,0,0,0,4,2,'РФ',910,'4023775',910,'4023775',1,0,1336695339,'0000-00-00'),(2139,0,'Захаров','Алексей','Тарасович','','0000-00-00','','Российская Федерация',1,'','','','0000-00-00','','acidcasual86@gmail.com',1,'2013-06-03 08:55:36',0,0,1,0,0,0,0,1,0,'',0,NULL,0,NULL,1,0,1307706774,'0000-00-00'),(2140,0,'Окишор','Владимир','Витальевич','','0000-00-00','','Российская Федерация',1,'','','','0000-00-00','','ladvior@mail.ru',1,'2013-06-03 10:57:52',0,0,1,0,0,0,0,1,0,'',0,NULL,0,NULL,1,0,1567892584,'0000-00-00'),(2141,0,'Басабиков','Алексей','Олегович','','0000-00-00','','Российская Федерация',1,'','','','0000-00-00','','ssshtab@gmail.com',1,'2013-06-03 12:07:37',0,0,1,0,0,0,0,1,0,'',0,NULL,0,NULL,1,0,1506828466,'0000-00-00'),(2142,0,'Ермаков','Павел','Николаевич','','0000-00-00','','Российская Федерация',1,'','','','0000-00-00','','Pavel@Ermakoff.net',1,'2013-06-03 14:01:49',0,0,1,0,0,0,0,1,0,'',0,NULL,0,NULL,1,0,3287239651,'0000-00-00'),(2144,0,'Булгаков','Юрий','Юрьевич','','0000-00-00','','Российская Федерация',1,'','','','0000-00-00','','yura.bulgakov.94@bk.ru',1,'2013-06-04 06:00:14',0,0,1,0,0,0,0,1,0,'',0,NULL,0,NULL,1,0,1606224328,'0000-00-00'),(2145,0,'Карасев','Семен','Владимирович','','1989-12-14','M','Российская Федерация',1,'1109','723669','Отделом УФМС России по Архангельской области в городе Северодвинске','2010-02-06','290-006','karasuba89@gmail.com',1,'2013-06-04 10:57:11',0,0,1,0,0,0,0,2,1,'Архангельская Область, Город Северодвинск',88184,'524888',911,'5559558',1,0,2990549985,'0000-00-00'),(2146,0,'Suhrob','Halilov','Olimovich','','0000-00-00','','Российская Федерация',1,'','','','0000-00-00','','suxrob07@inbox.ru',1,'2013-06-04 11:52:18',0,0,1,0,0,0,0,1,0,'',0,NULL,0,NULL,1,0,1347474322,'0000-00-00'),(2148,0,'Маар','Сергей','Витальевич','','0000-00-00','','Российская Федерация',1,'','','','0000-00-00','','smaar@list.ru',1,'2013-06-05 03:40:38',0,0,1,0,0,0,0,1,0,'',0,NULL,0,NULL,1,0,2998487406,'0000-00-00'),(2149,0,'Ермаков','Павел','Николаевич','','1981-03-23','M','Российская Федерация',1,'4012','580345','ТП№32 отдела УФМС РФ по СПб и ЛО в Колпино','2002-09-09','780-032','Ermakoff.pavel@yandex.ru',2,'2013-06-05 09:42:02',45,12,1,1,0,1,0,3,1,'гор. Еманжелинск Челябинской области',812,'4494914',911,'1324777',1,1,3287239651,'0000-00-00'),(2150,0,'Кулешов ','Сергей','Семенович','','0000-00-00','M','Российская Федерация',1,'4605','565070','коломенским увд','2003-10-03','503-037','cck0106@mail.ru',2,'2013-06-05 10:57:30',47,10,1,1,0,1,0,3,1,'коломна',926,'1369852',926,'1369852',1,0,86639596,'0000-00-00'),(2151,0,'Козимов','Махмуджон','Равшанжон  Угли','','0000-00-00','','Российская Федерация',1,'','','','0000-00-00','','mahmudjon.3987@mail.ru',1,'2013-06-05 11:32:23',0,0,1,0,0,0,0,1,0,'',0,NULL,0,NULL,1,0,3654608404,'0000-00-00'),(2152,0,'Гвоздев','Степан','Владимирович','','1979-03-16','M','Российская Федерация',1,'4207','424315','Отделением УФМС России по Липецкой области в Липецком районе','2007-11-07','480-019','stepanline@mail.ru',1,'2013-06-06 13:45:37',55,13,1,0,0,1,0,3,1,'г. Киев',473,'2548522',908,'1433430',1,1,1841509706,'0000-00-00'),(2153,0,'Медведева','Юлия','Николаевна','','1974-01-01','F','Российская Федерация',1,'0104','375062','РОВД с. Ключи','2002-01-10','','ylia010780@mail.ru',2,'2013-06-06 15:17:09',47,6,1,1,0,1,0,3,4,'Красноярский край',0,'0000000000',0,'0000000',1,0,1402286090,'0000-00-00'),(2154,0,'Сухой','Михаил','Сергеевич','','0000-00-00','','Российская Федерация',1,'','','','0000-00-00','','ghj1990@ukr.net',1,'2013-06-06 16:14:34',0,0,1,0,0,0,0,1,0,'',0,NULL,0,NULL,1,0,1568622136,'0000-00-00'),(2155,0,'Хаджиев','Низомжон','Кудратович','','0000-00-00','','Российская Федерация',1,'','','','0000-00-00','','kurtlar_irak@mail.ru',1,'2013-06-07 07:12:07',0,0,1,0,0,0,0,1,0,'',0,NULL,0,NULL,1,0,3281912541,'0000-00-00'),(2156,0,'Рычагов','Никита','Андреевич','','0000-00-00','','Российская Федерация',1,'','','','0000-00-00','','killeoni@mail.ru',1,'2013-06-09 16:10:24',0,0,1,0,0,0,0,1,0,'',0,NULL,0,NULL,1,0,1294323376,'0000-00-00'),(2157,0,'Мохнаткин','Антон','Михайлович','','0000-00-00','M','Российская Федерация',1,'4506','093697','ОВД \"Проспект Вернадского\" УВД ЗАО г.Москвы','2003-09-16','772-131','a.mokhnatkin@yandex.ru',1,'2013-06-10 14:54:18',56,15,1,0,0,1,0,4,1,'г.Москва',496,'7501199',903,'2555525',1,0,3000462420,'0000-00-00'),(2158,0,'Котломеев','Юрий','Тахирович','','0000-00-00','','Российская Федерация',1,'','','','0000-00-00','','kotlomeev@mail.ru',1,'2013-06-10 15:00:15',0,0,1,0,0,0,0,1,0,'',0,NULL,0,NULL,1,0,1586315823,'0000-00-00'),(2159,0,'Козьмин','Дмитрий','Александрович','','0000-00-00','','Российская Федерация',1,'','','','0000-00-00','','kozmindmitrii@mail.ru',1,'2013-06-11 15:28:31',0,0,1,0,0,0,0,1,0,'',0,NULL,0,NULL,1,0,1402286100,'0000-00-00'),(2160,0,'Клименко','Дарья ','Аркадьевна','','0000-00-00','','Российская Федерация',1,'','','','0000-00-00','','cool.udachnaya@mail.ru',1,'2013-06-12 08:43:49',0,0,1,0,0,0,0,1,0,'',0,NULL,0,NULL,1,0,3648409132,'0000-00-00'),(2161,0,'Аносов','Тимур','Алексеевич','','1980-07-13','M','Российская Федерация',1,'6802','567204','УВД Октябрьского района г. Тамбова','2002-06-06','682-016','timur0013@mail.ru',2,'2013-06-12 09:43:38',55,13,1,0,0,1,0,4,1,'г. Тамбов',4752,'538923',953,'7006226',1,1,636207192,'0000-00-00'),(2162,0,'Вовк','Мария','Владимировна','','1983-02-12','F','Российская Федерация',1,'6304','669360','УВД г.Балаково и Балаковского района Саратовской области','2005-07-21','642-012','MaRiIIIka12@mail.ru',1,'2013-06-12 19:08:12',45,12,1,1,0,1,0,4,2,'г.Балаково Саратовской области',927,'1050430',927,'1050430',1,0,1595754885,'0000-00-00'),(2163,0,'Бикеева ','Ирина','Викторовна','','0000-00-00','','Российская Федерация',1,'','','','0000-00-00','','Iri28030814@yandex.ru',1,'2013-06-14 05:40:49',0,0,1,0,0,0,0,1,0,'',0,NULL,0,NULL,1,0,3579282878,'0000-00-00'),(2164,0,'Смимсим','Мсиси','','','0000-00-00','','Российская Федерация',1,'','','','0000-00-00','','ywrey@hgsdg.ru',1,'2013-06-14 08:40:50',0,0,1,0,0,0,0,1,0,'',0,NULL,0,NULL,1,0,3277584890,'0000-00-00'),(2165,0,'Зубков','Георгий','Викторович','','0000-00-00','','Российская Федерация',1,'','','','0000-00-00','','dd@dd.ru',1,'2013-06-14 09:50:41',0,0,1,0,0,0,0,1,0,'',0,NULL,0,NULL,1,0,3277584890,'0000-00-00'),(2166,0,'Щербаченко','Максим','Геннадьевич','','1993-09-16','M','Российская Федерация',1,'2507','211576','УФМС по Калужской области в Кировском районе','2002-10-13','','mksh@bk.ru',1,'2013-06-15 21:29:33',45,12,1,1,1,1,0,3,2,'г.Киров Калужской области',929,'9755707',929,'9755707',1,0,1412649520,'0000-00-00'),(2167,0,'Комаров','Олег','Васильевич','','1988-01-10','M','Российская Федерация',1,'1208','196216','ОУФМС России по астраханской области в Кировском районе города Астрахань','2008-05-30','300-001','astburgazoleg@gmail.com',1,'2013-06-16 12:56:41',45,12,1,1,0,1,0,3,1,'г Астрахань',8512,'495507',917,'0908788',1,0,630398163,'0000-00-00'),(2168,0,'Денисов','Николай','Евгеньевич','','1971-03-24','M','Российская Федерация',1,'4501','733379','ПАСПОРТНЫМ СТОЛОМ №2 ОВД\"КОНЬКОВО\"Г.МОСКВЫ','2002-02-11','772-142','kol86@ya.ru',1,'2013-06-18 09:02:41',59,17,1,1,0,1,0,4,1,'МОСКВА',495,'4209807',905,'7015657',1,1,2953740599,'0000-00-00'),(2169,0,'Вагайцева','Надежда','Владимировна','','0000-00-00','','Российская Федерация',1,'','','','0000-00-00','','glotova.m@vpb.su',1,'2013-06-18 12:32:43',0,0,1,0,0,0,0,1,0,'',0,NULL,0,NULL,1,0,1402276139,'0000-00-00'),(2170,0,'Чулий ','Илья','Сергеевич','','1988-07-05','M','Российская Федерация',1,'6608','405949','ТП В ГОРОДЕ ЕЛЬНЯ МО УФМС РОССИИ ПО СМОЛЕНСКОЙ ОБЛАСТИ В ГОРОДЕ САФОНОВО','2008-08-14','670-012','ichuliy@mail.ru',2,'2013-06-18 15:47:34',59,17,1,1,0,1,0,4,4,'ДЕР.АМФИЛАТЫ ЕЛЬНИНСКОГО Р-НА СМОЛЕНСКОЙ ОБЛАСТИ',8244,'59034',960,'5915532',1,0,1310292448,'0000-00-00'),(2171,0,'Шурыгин','Андрей','Витальевич','','0000-00-00','','Российская Федерация',1,'','','','0000-00-00','','info@ceramica-s.ru',1,'2013-06-19 10:30:57',0,0,1,0,0,0,0,1,0,'',0,NULL,0,NULL,1,0,1504271351,'0000-00-00'),(2172,0,'Петров','Денис','Сергеевич','','0000-00-00','','Российская Федерация',1,'','','','0000-00-00','','ztwildnilan@yandex.ru',1,'2013-06-19 12:24:48',0,0,1,0,0,0,0,1,0,'',0,NULL,0,NULL,1,0,2997444013,'0000-00-00'),(2173,0,'Албогачиев','Азраил','Султанович','','0000-00-00','','Российская Федерация',1,'','','','0000-00-00','','maga997@yandex.ru',1,'2013-06-20 08:48:15',0,0,1,0,0,0,0,1,0,'',0,NULL,0,NULL,1,0,1603906832,'0000-00-00'),(2174,0,'Лукьянов ','Илья','Александрович','','0000-00-00','','Российская Федерация',1,'','','','0000-00-00','','lukyanova.1974@mail.ru',1,'2013-06-20 15:05:07',0,0,1,0,0,0,0,1,0,'',0,NULL,0,NULL,1,0,1603910416,'0000-00-00'),(2175,0,'Малышкин','Николай','Михайлович','','0000-00-00','','Российская Федерация',1,'','','','0000-00-00','','vnmalyshkina@gmail.com',1,'2013-06-22 06:22:50',0,0,1,0,0,0,0,1,0,'',0,NULL,0,NULL,1,0,1833598763,'0000-00-00'),(2176,0,'Гасанов','Ниджат','Тофиг Оглы','','0000-00-00','','Российская Федерация',1,'','','','0000-00-00','','hesenov@bk.ru',1,'2013-06-23 20:23:44',0,0,1,0,0,0,0,1,0,'',0,NULL,0,NULL,1,0,1566070559,'0000-00-00'),(2177,0,'Боев','Сергей','Сергеевич','','1986-03-29','M','Российская Федерация',1,'3705','057933','ОВД Половинского района Курганской области','2006-04-10','452-015','the_crow1986@mail.ru',1,'2013-06-24 07:21:08',45,12,1,1,0,1,0,3,4,'с. Половинное Половинского района Курганской области',35238,'92885',909,'1458586',1,0,1495212655,'0000-00-00'),(2178,0,'Денисов','Николай','Евгеньевич','','0000-00-00','','Российская Федерация',1,'','','','0000-00-00','','ni-k11@bk.ru',1,'2013-06-25 09:01:23',0,0,1,0,0,0,0,1,0,'',0,NULL,0,NULL,1,0,2953719571,'0000-00-00'),(2179,0,'Хальзова','Александра','Сергеевна','','0000-00-00','','Российская Федерация',1,'','','','0000-00-00','','sasha261089@mail.ru',1,'2013-06-26 07:44:21',0,0,1,0,0,0,0,1,0,'',0,NULL,0,NULL,1,0,1841685153,'0000-00-00'),(2180,0,'Малевиснкий','Михаил','Александрович','','0000-00-00','','Российская Федерация',1,'','','','0000-00-00','','artur.keidj@yandex.ru',1,'2013-06-26 12:34:33',0,0,1,0,0,0,0,1,0,'',0,NULL,0,NULL,1,0,1565652297,'0000-00-00'),(2181,0,'Тажиматов','Дастанбек','','','0000-00-00','','Российская Федерация',1,'','','','0000-00-00','','3132q@mail.ru',1,'2013-06-27 09:46:25',0,0,1,0,0,0,0,1,0,'',0,NULL,0,NULL,1,0,3170847360,'0000-00-00'),(2182,0,'Сапожников','Александр','Николаевич','','0000-00-00','','Российская Федерация',1,'','','','0000-00-00','','merash09@rambler.ru',1,'2013-06-27 13:17:06',0,0,1,0,0,0,0,1,0,'',0,NULL,0,NULL,1,0,3645020215,'0000-00-00'),(2183,8061,'Малышкин','Николай','Михайлович','','1995-02-21','M','Российская Федерация',1,'4708','211048','Отделом УФМС России по Мурманской области в Первомайском АО г. Мурманска','2009-03-04','510-003','miklemm@gmail.com',1,'2013-06-27 16:51:24',45,12,1,1,0,0,1,4,1,'гор. Мурманск',8152,'525462',911,'3231000',1,0,1310292825,'0000-00-00'),(2184,0,'Григорьева','Анастасия','Николаевна','','1983-06-14','F','Российская Федерация',1,'9911','271885','Межрайонное отделение ОФМС России по ЕАО в городе Биробиджан','2011-10-14','790-002','grigorie.nastya@yandex.ru',1,'2013-06-27 23:35:52',59,17,1,1,0,1,0,4,1,'пос.Солнечный, Солнечного района, Хабаровского края.',914,'7752969',914,'7752969',1,0,1347677990,'0000-00-00'),(2185,0,'Стогней','Анастасия','Юрьевна','','1990-11-26','F','Российская Федерация',1,'2510','467644','отделением УФМС Иркутской области по Нижнеилимскому району','2010-12-07','380-020','stasay_2611@mail.ru',1,'2013-06-28 05:05:35',45,12,1,1,0,1,0,3,2,'г.Железногорск-Илимский',39566,'33911',952,'6346777',1,0,1551769030,'0000-00-00'),(2186,0,'Савчук','Анастасия','Эдуардовна','','1994-09-27','','',1,'1208','226396','ОУФМС России Астраханской обл. по Кировскому району г.Астрахани','2008-10-07','300-001','savchuk94@mail.ru',1,'2013-06-29 13:12:03',47,7,1,1,0,1,0,3,1,'гор. Астрахань',8512,'252380',927,'6606600',1,0,1401817130,'0000-00-00'),(2187,0,'Шевченко','Николай','Николаеыич','','0000-00-00','','Российская Федерация',1,'','','','0000-00-00','','selestia@list.ru',1,'2013-06-29 13:42:55',0,0,1,0,0,0,0,1,0,'',0,NULL,0,NULL,1,0,1307800263,'0000-00-00'),(2188,0,'Ратников','Александр','Сергеевич','','1995-03-24','M','Российская Федерация',1,'4608','594446','ОУФМС РОССИИ ПО МОСКОВСКОЙ ОБЛАСТИ В РАМЕНСКОМ Р-НЕ','2009-05-29','','sparkpmx@gmail.com',1,'2013-06-29 16:22:27',45,12,1,1,0,0,0,4,1,'ГОР. РАМЕНСКОЕ МОСКОВСКАЯ ОБЛ.',49848,'10062',926,'3142946',1,0,1359053056,'0000-00-00'),(2189,0,'Андрей','Андреевич','','','0000-00-00','','Российская Федерация',1,'','','','0000-00-00','','leonellokost1@mail.ru',1,'2013-06-29 21:08:57',0,0,1,0,0,0,0,1,0,'',0,NULL,0,NULL,1,0,3158379039,'0000-00-00'),(2190,0,'Дранкин','Сергей ','Сергеевич','','1992-01-14','M','Российская Федерация',1,'0311','938685','оОУФМС РФ по Краснодарскому краю в г-к Анапа','2012-03-23','230-020','serjio.d.gray@gmail.com',1,'2013-07-01 12:12:41',53,14,1,0,0,1,0,3,2,'г Аткарск Саратовской области',86133,'74643',905,'4015049',1,0,782223076,'0000-00-00'),(2191,0,'Жуков','Юрий','Николаевич ','','0000-00-00','','Российская Федерация',1,'','','','0000-00-00','','zhukzhuk2013@mail.ru',1,'2013-07-01 18:58:59',0,0,1,0,0,0,0,1,0,'',0,NULL,0,NULL,1,0,3645020202,'0000-00-00'),(2192,0,'Тихонова','Ольга','Александровна','','1988-08-27','F','Российская Федерация',1,'5808','961791','тп уфмспо россии псковской области в себежском районе','2008-10-18','600-023','olg.tihonova2014@yandex.ru',1,'2013-07-02 21:12:25',59,17,1,1,0,1,0,3,1,'витебская область городокского райна д.хвошно',8811,'4044340',953,'2442926',1,0,1310292441,'0000-00-00'),(2193,0,'Оганджанян','Карен','Александрович','','0000-00-00','','Российская Федерация',1,'','','','0000-00-00','','karentus@mail.ru',1,'2013-07-03 06:58:22',0,0,1,0,0,0,0,1,0,'',0,NULL,0,NULL,1,0,1599375436,'0000-00-00'),(2194,0,'Макина','Елена','Викторована','','1979-04-04','F','Российская Федерация',1,'4203','937281','тракторозаводским отделением милиции октябрьского округа города липецка','2003-11-25','482-009','kolobok79@list.ru',2,'2013-07-03 11:22:31',59,17,1,1,0,1,0,4,1,'город липецк',4742,'730519',951,'3033053',1,0,3169537604,'0000-00-00'),(2195,0,'Хачатурянц','Ольга','Александровна','','1983-10-10','F','Российская Федерация',1,'4608','284467','уфмс России по московской области Талдомского района ','2008-12-19','500-167','olgbulanova@yandex.ru',1,'2013-07-03 13:31:12',50,1,1,1,0,1,0,3,2,'c.Новоникольское Талдомский район Московская область',496,'2032245',909,'6795783',1,0,1598636779,'0000-00-00'),(2196,0,'Кравчук','Кристина','Александровна','','0000-00-00','','Российская Федерация',1,'','','','0000-00-00','','kravchyk1998@mail.ru',1,'2013-07-04 06:52:07',0,0,1,0,0,0,0,1,0,'',0,NULL,0,NULL,1,0,1307799696,'0000-00-00'),(2197,0,'Сенькова','Дарья','Александровна','','0000-00-00','','Российская Федерация',1,'','','','0000-00-00','','senkova.1999@mail.ru',1,'2013-07-04 08:49:06',0,0,1,0,0,0,0,1,0,'',0,NULL,0,NULL,1,0,1427826479,'0000-00-00'),(2198,0,'Мромр','Иьтьи','','','0000-00-00','','Российская Федерация',1,'','','','0000-00-00','','terrt@mgh.ru',1,'2013-07-04 12:36:40',0,0,1,0,0,0,0,1,0,'',0,NULL,0,NULL,1,0,774803109,'0000-00-00'),(2199,0,'Семенов','Дмитрий','Олегович','','1989-11-30','M','Российская Федерация',1,'4409','266293','Отделом ОФМС России по Магаданской обл. в г. Магадане','2010-01-20','490-001','X-FrosT@rambler.ru',1,'2013-07-04 13:03:14',45,0,4,1,0,1,1,4,1,'Приморский край, г. Владивосток',413,'2623855',964,'4576731',1,1,1593260065,'0000-00-00'),(2200,0,'Медведева','Дарья','Павловна','','0000-00-00','','Российская Федерация',1,'','','','0000-00-00','','daria_medvedeva@yahoo.com',1,'2013-07-05 06:33:43',0,0,1,0,0,0,0,1,0,'',0,NULL,0,NULL,1,0,3277554650,'0000-00-00'),(2201,0,'Фомушкин','Андрей','Сергеевич','','0000-00-00','','Российская Федерация',1,'','','','0000-00-00','','mrfox2007@mail.ru',1,'2013-07-05 06:39:30',0,0,1,0,0,0,0,1,0,'',0,NULL,0,NULL,1,0,1593154617,'0000-00-00'),(2202,0,'Пашина','Наталья','','','0000-00-00','','Российская Федерация',1,'','','','0000-00-00','','ria.rim@mail.ru',1,'2013-07-06 11:45:43',0,0,1,0,0,0,0,1,0,'',0,NULL,0,NULL,1,0,520982539,'0000-00-00'),(2203,0,'Лихоманова','Елена','Сергеевна','','1990-11-15','F','Российская Федерация',1,'1710','114463','Тп в городе Покров','2002-12-14','330-011','Elena-lixomanova@rambler.ru',1,'2013-07-06 20:51:45',0,0,1,0,0,0,0,2,1,'Пос городищи',985,'8360866',985,'8360866',1,0,522856961,'0000-00-00'),(2204,0,'Криницына ','Надежда','','','0000-00-00','M','Российская Федерация',1,'444','444','44','2002-01-08','','Nadin_1@mail.ru',1,'2013-07-08 13:05:39',45,12,1,1,0,1,0,4,1,'рыкергеык',926,'8723302',903,'3264666',1,0,3285357455,'0000-00-00'),(2205,0,'Беляева','Нюргуяна','Ивановна','','0000-00-00','','Российская Федерация',1,'','','','0000-00-00','','www.nukku_bell@mail.ru',1,'2013-07-10 03:28:14',0,0,1,0,0,0,0,1,0,'',0,NULL,0,NULL,1,0,774939631,'0000-00-00'),(2206,0,'Берестова','Наталья','Александровна','','1993-02-11','F','Российская Федерация',1,'5306','195365','Московским Овд по району Мневники','2002-04-18','770-065','berestova@pisem.net',1,'2013-07-10 09:04:08',0,0,1,0,0,0,0,2,1,'Москва',465,'454568',457,'454877',1,1,1365189859,'0000-00-00'),(2207,0,'Нургазизова','Юлия','Феликсовна','','0000-00-00','','Российская Федерация',1,'','','','0000-00-00','','julcia-inbox@list.ru',1,'2013-07-10 16:07:42',0,0,1,0,0,0,0,1,0,'',0,NULL,0,NULL,1,0,3588644830,'0000-00-00'),(2208,0,'Фокина','Елена ','Николаевна','','1988-01-12','F','Российская Федерация',1,'8007','403451','отделом УУФМС России по республике Башкортостан в г. Стерлитамак','2008-02-06','020-024','helenfokina@mail.ru',2,'2013-07-11 17:58:54',50,19,1,1,0,1,0,4,4,'Республика Башкортостан, г. Стерлитамак',3473,'227055',982,'1734857',1,1,1559574896,'0000-00-00'),(2209,0,'Целиков ','Владимир','Юрьевич','','1991-07-08','M','Российская Федерация',1,'5511','061003','офмс россии по нао','2011-12-07','830-001','vovacelikov@yandex.ru',2,'2013-07-12 00:29:57',45,12,1,1,0,1,0,3,2,'г.нарьян мар',88185,'21725',911,'5989162',1,0,1541272083,'0000-00-00'),(2210,0,'Шкундров','Антон','Александрович','','1982-06-01','M','Российская Федерация',1,'4403','182524','овд среднеканского раиона магаданскои области','2004-07-14','492-003','shkundrov@mail.ru',1,'2013-07-12 08:52:45',45,12,1,0,0,1,0,3,1,'п.сеимчан среднеканскоео раиона магаданскои области',914,'0320388',914,'0320388',0,0,1347677741,'0000-00-00'),(2211,0,'Гаврилов','Александр','Андреевич','','1995-06-17','M','Российская Федерация',1,'4608','776097','ТП В ГОР. КОТЕЛЬНИКИ ОУФМС РОССИИ ПО МОСКОВСКОЙ ОБЛ. В ЛЮБЕРЕЦКОМ Р-НЕ','2009-08-19','500-079','ggavrilov@homail.com',1,'2013-07-13 07:09:00',0,0,1,0,0,0,0,2,1,'ГОР. НИЖНЕВАРТОВСК ТЮМЕНСКОЙ ОБЛ.',915,'2403100',915,'2403100',1,0,1570615208,'0000-00-00'),(2212,0,'Диева','Кристина','Владимировна','','1980-05-22','F','Российская Федерация',1,'7799','006867','Шмидтовским РОВД Чукотского автономного округа','2000-12-01','','kristina.dieva.80@mail.ru',1,'2013-07-13 11:15:46',50,19,1,1,0,1,0,3,1,'село Рыркайпий Шмидтовского района Чукотского АО',914,'0818364',964,'4808096',1,0,3648406159,'0000-00-00'),(2213,0,'Саидов','Умед','Муродович','','0000-00-00','','Российская Федерация',1,'','','','0000-00-00','','mehryikilova@yandex.ru',1,'2013-07-14 04:28:30',0,0,1,0,0,0,0,1,0,'',0,NULL,0,NULL,1,0,3583313743,'0000-00-00'),(2214,0,'Багирова','Светлана','Леонидовна','','0000-00-00','','Российская Федерация',1,'','','','0000-00-00','','slem-85@mail.ru',1,'2013-07-14 11:36:53',0,0,1,0,0,0,0,1,0,'',0,NULL,0,NULL,1,0,1406988077,'0000-00-00'),(2215,0,'Гусейнов','Эмран','Ниязович','','1994-02-25','M','Российская Федерация',1,'8208','502783','ТП УФМС РОССИИ ПО РЕСПУБЛИКЕ ДАГЕСТАН В МАГАРАМКЕНТСКОМ РАЙОНЕ','2008-07-15','050-034','imran@kaspsoft.com',1,'2013-07-15 02:52:33',45,12,1,1,1,1,0,3,2,'с. магарамкент',928,'5930205',928,'6732375',1,0,1402285722,'0000-00-00'),(2216,0,'Аслонов','Бехзод','Исроилович','','0000-00-00','','Российская Федерация',1,'','','','0000-00-00','','BehzodAslonov@gmail.com',1,'2013-07-15 11:22:08',0,0,1,0,0,0,0,1,0,'',0,NULL,0,NULL,1,0,1347677956,'0000-00-00'),(2217,0,'Тырыбысов','Роман','Александрович','','0000-00-00','','Российская Федерация',1,'','','','0000-00-00','','tyrybysov-roman@mail.ru',1,'2013-07-16 00:45:17',0,0,1,0,0,0,0,1,0,'',0,NULL,0,NULL,1,0,1540025265,'0000-00-00'),(2218,0,'Пелы','Иван','','','0000-00-00','','Российская Федерация',1,'','','','0000-00-00','','pot@rambler.ru',1,'2013-07-16 09:31:38',0,0,1,0,0,0,0,1,0,'',0,NULL,0,NULL,1,0,1334789946,'0000-00-00'),(2219,0,'Андропов','Владимир','Анатольевич','','0000-00-00','','Российская Федерация',1,'','','','0000-00-00','','andropov.vovka@live.ru',1,'2013-07-17 00:42:58',0,0,1,0,0,0,0,1,0,'',0,NULL,0,NULL,1,0,3164767248,'0000-00-00'),(2220,0,'Уткин','Дмитрий','Юрьевич','','0000-00-00','','Российская Федерация',1,'','','','0000-00-00','','nostezi@gmail.com',1,'2013-07-17 10:45:54',0,0,1,0,0,0,0,1,0,'',0,NULL,0,NULL,1,0,1541961879,'0000-00-00'),(2221,0,'Жирков ','Юрий ','Витальевич','','0000-00-00','','Российская Федерация',1,'','','','0000-00-00','','juzone@mail.ru',1,'2013-07-17 11:23:38',0,0,1,0,0,0,0,1,0,'',0,NULL,0,NULL,1,0,1538915334,'0000-00-00'),(2222,0,'Золотов','Рустам','Александрович','','0000-00-00','','Российская Федерация',1,'','','','0000-00-00','','valentinarustam@inbox.ru',1,'2013-07-18 07:41:19',0,0,1,0,0,0,0,1,0,'',0,NULL,0,NULL,1,0,1546763961,'0000-00-00'),(2223,0,'Колода','Татьяна','Васильевна','','0000-00-00','','Российская Федерация',1,'','','','0000-00-00','','tatyana-k277@mail.ru',1,'2013-07-18 14:30:20',0,0,1,0,0,0,0,1,0,'',0,NULL,0,NULL,1,0,1402276237,'0000-00-00'),(2224,0,'Курбаналиев ','Курбанали','Абдурашидович','','0000-00-00','','Российская Федерация',1,'','','','0000-00-00','','kapitan_mozdok@mail.ru',1,'2013-07-18 22:35:19',0,0,1,0,0,0,0,1,0,'',0,NULL,0,NULL,1,0,522855681,'0000-00-00'),(2225,0,'Исаев','Егор','Александрович','','1985-08-22','M','Российская Федерация',1,'8905','915204','ОВД Ичалковского района Р.Мордовия','2006-05-26','132-013','audist_egor@mail.ru',1,'2013-07-19 20:13:51',53,14,1,0,0,0,0,4,4,'г.Лиепая Латвийской ССР',495,'5625270',903,'2762876',1,0,1373551453,'0000-00-00'),(2226,0,'Селин','Эдуард','Манвеллович','','1994-05-30','M','Российская Федерация',1,'6008','275498','Отделом УФМС России по Ростовской обл.в пролетарском р-не города Ростова-на-Дону','2008-07-10','610-015','ashotabrikos@yandex.ru',2,'2013-07-20 09:46:24',59,17,1,1,0,1,0,3,1,'город Ростов-на-Дону',4567,'45678',904,'5083698',1,0,3648409880,'0000-00-00'),(2227,0,'Вуколов','Николай','Сергеевич','','1978-12-14','M','Российская Федерация',1,'4903','585134','увд великго новгорода','2003-03-07','','vukolikinov81@mail.ru',1,'2013-07-21 09:00:29',50,19,1,1,1,1,0,3,2,'новгород',8162,'612609',911,'6221454',1,0,1597396446,'0000-00-00'),(2228,0,'Магомедов','Магомед','Гусейнович','','1995-04-12','M','Российская Федерация',1,'8208','618000','Отделением УФМС России по Республике Дагеестан в Унцукульском районе','2009-06-29','050-043','05magafox05ru@mail.ru',1,'2013-07-21 13:04:04',47,6,1,1,0,1,0,4,2,'С. Унцукуль Унцукульского района Республики Дагестан',989,'4466010',989,'6593979',1,0,3104933246,'0000-00-00'),(2229,0,'Бурлачко','Антон','Андреевич','','0000-00-00','','Российская Федерация',1,'','','','0000-00-00','','burlachkoaa@mail.ru',1,'2013-07-22 05:34:47',0,0,1,0,0,0,0,1,0,'',0,NULL,0,NULL,1,0,1582236872,'0000-00-00'),(2230,0,'Мазитова','Рита','Ильдаровна','','0000-00-00','','Российская Федерация',1,'','','','0000-00-00','','kwarkeno@mail.ru',1,'2013-07-24 11:19:08',0,0,1,0,0,0,0,1,0,'',0,NULL,0,NULL,1,0,3579310201,'0000-00-00'),(2231,0,'Попов','Роман ','Валерьевич','','0000-00-00','','Российская Федерация',1,'','','','0000-00-00','','promen3000@ya.ru',1,'2013-07-24 13:42:16',0,0,1,0,0,0,0,1,0,'',0,NULL,0,NULL,1,0,523206639,'0000-00-00'),(2232,0,'Магомедов ','Магомед','Гусейнович','','1995-04-12','M','Российская Федерация',1,'8208','618000','Отделением УФМС России по Республике Дагестан в Унцукульском районе','2009-06-29','050-043','isilav17@mail.ru',1,'2013-07-25 12:43:03',47,0,1,1,0,1,1,4,2,'с. Унцукуль Унцукульского района Республики Дагестан',988,'7967561',989,'6593979',1,1,1307091353,'0000-00-00'),(2233,0,'Канцарин','Константин','Олегович','','0000-00-00','','Российская Федерация',1,'','','','0000-00-00','','kancarin@gmail.com',1,'2013-07-27 08:35:28',0,0,1,0,0,0,0,1,0,'',0,NULL,0,NULL,1,0,774366263,'0000-00-00'),(2234,0,'Шубин','Денис ','Владимирович','','1990-08-25','M','Российская Федерация',1,'0312','025953','ОТДЕЛОМ УФМС РОССИИ ПО КРАСНОДАРСКОМУ КРАЮ В ТИХОРЕЦКОМ РАЙОНЕ','2012-08-01','230-026','denis90_1990@mail.ru',1,'2013-07-27 09:38:11',0,0,1,0,0,0,0,2,1,'ГОР. ЗАРАФШАН УЗБЕКСКОЙ ССР',963,'7674711',963,'7674711',1,0,1595633165,'0000-00-00'),(2235,0,'Ильиных','Андрей','Валерьевич','','0000-00-00','','Российская Федерация',1,'','','','0000-00-00','','a.iljinix@yandex.ru',1,'2013-07-28 08:34:36',0,0,1,0,0,0,0,1,0,'',0,NULL,0,NULL,1,0,89105814,'0000-00-00'),(2236,0,'Картюкова','Анастасия','Михайловна','','1993-05-27','F','Российская Федерация',1,'7313','966315','Отделом УФМС России по Ульяновской области в Заволжском районе города Ульяновска','2013-06-11','','kartyukova1993@mail.ru',1,'2013-07-28 11:36:38',50,1,1,1,0,1,0,3,1,'Город Ульяновск',422,'255570',902,'0031744',1,0,1598335433,'0000-00-00'),(2237,0,'Хаминова','Ирина','Юрьевна','','1988-09-12','F','Российская Федерация',1,'1408','947216','отделение №2 ОУФМС России по Белгородской области в городе Белгороде','2008-10-09','310-003','khaminova@bk.ru',1,'2013-07-29 10:41:29',0,0,1,0,0,0,0,1,0,'г.Ленинск',0,NULL,0,NULL,1,0,3579283268,'0000-00-00'),(2238,0,'Селин','Андрей','Геннадьевич','','1978-02-02','M','Российская Федерация',1,'0309','399410','ОУФМС г. армавира ','2010-02-17','230-015','selinandrej@gmail.com',1,'2013-07-29 17:50:05',47,6,1,1,0,1,0,4,1,'Мончегорс',903,'4495534',903,'4495534',1,0,1603914607,'0000-00-00'),(2239,0,'Блобрюхова','Оксана','Борисовна','','0000-00-00','','Российская Федерация',1,'','','','0000-00-00','','chizoksana@yandex.ru',1,'2013-07-30 12:13:08',0,0,1,0,0,0,0,1,0,'',0,NULL,0,NULL,1,0,1595417159,'0000-00-00'),(2240,0,'Сизов','Виталий','','','1981-03-03','M','молдова',1,'8','150353','молдова','2013-04-15','','sizij@mail.ru',1,'2013-07-31 19:20:12',53,14,1,0,0,1,0,4,1,'г. Бендеры',496,'3733876',929,'9002573',1,0,1598636655,'0000-00-00'),(2241,0,'Кривонос','Артем','Олегович','','0000-00-00','','Российская Федерация',1,'','','','0000-00-00','','temon2_94@mail.ru',1,'2013-08-01 03:00:47',0,0,1,0,0,0,0,1,0,'',0,NULL,0,NULL,1,0,1541880619,'0000-00-00'),(2242,0,'Дужик','Татьяна','Юрьевна','','1992-05-31','F','Российская Федерация',1,'9013','080732','ОУФМС РФ ПО РСО-АЛАНИЯ В МОЗДОКСКОМ Р-НЕ','2013-06-21','150-008','taniadujik@yandex.ru',1,'2013-08-02 14:05:27',45,12,1,1,0,1,0,4,3,'С.ПРИТЕРЕЧНОЕ МОЗДОКСКИЙ РАЙОН, СОССР',0,'000000',916,'7143730',1,0,1572444059,'0000-00-00'),(2243,0,'Бочек','Альбина','Борисовна','','0000-00-00','','Российская Федерация',1,'','','','0000-00-00','','bochek.yes@mail.ru',1,'2013-08-03 03:08:00',0,0,1,0,0,0,0,1,0,'',0,NULL,0,NULL,1,0,1835933718,'0000-00-00'),(2244,0,'Конар','Анна','Николаевна','','0000-00-00','','Российская Федерация',1,'','','','0000-00-00','','annakonar@gmail.com',1,'2013-08-03 23:33:39',0,0,1,0,0,0,0,1,0,'',0,NULL,0,NULL,1,0,1507043771,'0000-00-00'),(2245,0,'Быков','Павел','Алексеевич','','1987-08-16','M','Российская Федерация',1,'4509','854241','ОТДЕЛЕНИЕМ ПО РАЙОНУ СЕВЕРНОЕ БУТОВО ОУФМС РОССИИ ПО ГОРОДУ МОСКВЕ','2008-09-04','770-121','pavbykov@gmail.com',1,'2013-08-05 07:22:47',47,0,1,1,0,1,0,4,1,'МОСКВА',495,'7122643',926,'3064241',3,0,784073730,'0000-00-00'),(2246,0,'Муталлапов','Денис','Камилович','','0000-00-00','','Российская Федерация',1,'','','','0000-00-00','','treskerrr@gmail.com',1,'2013-08-06 13:14:41',0,0,1,0,0,0,0,1,0,'',0,NULL,0,NULL,1,0,786795725,'0000-00-00'),(2247,0,'Цапаев ','Николай','Анатольевич','','0000-00-00','','Российская Федерация',1,'','','','0000-00-00','','adam120980@mail.ru',1,'2013-08-07 03:39:14',0,0,1,0,0,0,0,1,0,'',0,NULL,0,NULL,1,0,1600822628,'0000-00-00'),(2248,0,'Викентьев','Александр','Николаевич','','0000-00-00','','Российская Федерация',1,'','','','0000-00-00','','3bka@bk.ru',1,'2013-08-07 09:49:49',0,0,1,0,0,0,0,1,0,'',0,NULL,0,NULL,1,0,1427829218,'0000-00-00'),(2250,0,'Абенов','Данияр','Канатович','','0000-00-00','','Российская Федерация',1,'','','','0000-00-00','','daniyar_abenov@mail.ru',1,'2013-08-08 08:32:43',0,0,1,0,0,0,0,1,0,'',0,NULL,0,NULL,1,0,2992205754,'0000-00-00'),(2251,0,'Кацеба','Кирилл','Владимирович','','0000-00-00','','Российская Федерация',1,'','','','0000-00-00','','shaks_bl@mail.ru',1,'2013-08-10 05:57:11',0,0,1,0,0,0,0,1,0,'',0,NULL,0,NULL,1,0,1545968292,'0000-00-00'),(2252,0,'Ташов','Улугбек','Азимович','','0000-00-00','','Российская Федерация',1,'','','','0000-00-00','','ulugbek_toshev_28@bk.ru',1,'2013-08-14 07:48:56',0,0,1,0,0,0,0,1,0,'',0,NULL,0,NULL,1,0,3565253711,'0000-00-00'),(2253,0,'Курочкина','Екатерина','Валентиновна','','0000-00-00','','Российская Федерация',1,'','','','0000-00-00','','destructiff@mail.ru',1,'2013-08-14 10:29:46',0,0,1,0,0,0,0,1,0,'',0,NULL,0,NULL,1,0,3104667144,'0000-00-00'),(2254,8004,'Борисов','Денис','Сергеевич','','1982-05-24','M','Российская Федерация',1,'4002','304489','42 о/м Красносельского р-на Санкт-Петербруга','2002-06-06','782-042','cornask@mail.ru',1,'2013-08-15 16:45:38',45,0,4,1,0,1,1,4,1,'г. Ленинград',921,'9200804',926,'3288655',1,0,784077573,'0000-00-00'),(2255,0,'Кормилин','Степан','Сергеевич','','0000-00-00','','Российская Федерация',1,'','','','0000-00-00','','zzkamazz@yandex.ru',1,'2013-08-16 10:50:36',0,0,1,0,0,0,0,1,0,'',0,NULL,0,NULL,1,0,94819115,'0000-00-00'),(2256,0,'Савенкова','Юлия','Александровна','','0000-00-00','','Российская Федерация',1,'','','','0000-00-00','','shereryuliya@mail.ru',1,'2013-08-16 11:27:25',0,0,1,0,0,0,0,1,0,'',0,NULL,0,NULL,1,0,1402279310,'0000-00-00'),(2257,0,'Кириллова','Алена','Геннадьевна','','0000-00-00','','Российская Федерация',1,'','','','0000-00-00','','kirill2009-26@mail.ru',1,'2013-08-17 12:32:20',0,0,1,0,0,0,0,1,0,'',0,NULL,0,NULL,1,0,3648413019,'0000-00-00'),(2258,0,'Муминова','Махинаджон','Иномовна','','0000-00-00','','Российская Федерация',1,'','','','0000-00-00','','bonu_89@bk.ru',1,'2013-08-18 14:02:32',0,0,1,0,0,0,0,1,0,'',0,NULL,0,NULL,1,0,1402279403,'0000-00-00'),(2259,0,'Рыбаков','Дмитрий','','','0000-00-00','','Российская Федерация',1,'','','','0000-00-00','','dmitryb90@mail.ru',1,'2013-08-19 08:06:10',0,0,1,0,0,0,0,1,0,'',0,NULL,0,NULL,1,0,3573032834,'0000-00-00'),(2260,0,'Комиссарчук','Андрей','Евгеньевич','','0000-00-00','','Российская Федерация',1,'','','','0000-00-00','','mail.nikol.ru@li.ru',1,'2013-08-20 01:24:33',0,0,1,0,0,0,0,1,0,'',0,NULL,0,NULL,1,0,1500376107,'0000-00-00'),(2261,0,'Комиссарчук','Андрей','Евгеньевич','','1982-12-21','M','Российская Федерация',1,'0508','496266','ОВД Николаевского района Хабаровского края','2005-04-25','','andreikomissarchuk@mail.ru',1,'2013-08-20 17:45:25',59,17,1,1,0,1,0,3,1,'г Амурск',916,'3933645',916,'3933645',1,0,1500376107,'0000-00-00'),(2262,0,'Мещеряков','Михаил','Александрович','','1982-09-21','M','Российская Федерация',1,'2904','999752','Отделом внутренних дел Жуковского района Калужской области','2004-12-14','402-011','flegg@bk.ru',1,'2013-08-22 10:35:57',0,0,1,0,0,0,0,2,2,'А/Г с-за Барыбино Домодедовского р-на Московской обл.',495,'5414076',926,'9200403',1,0,521930507,'0000-00-00'),(2263,0,'Сорокин','Антон','Михайлович','','0000-00-00','','Российская Федерация',1,'','','','0000-00-00','','vitimec@yandex.ru',1,'2013-08-26 05:20:14',0,0,1,0,0,0,0,1,0,'',0,NULL,0,NULL,1,0,3654608528,'0000-00-00'),(2264,0,'Москвин','Евгений','Леонидович','','0000-00-00','','Российская Федерация',1,'','','','0000-00-00','','evgeniivereshagin@inbox.ru',1,'2013-08-26 20:31:04',0,0,1,0,0,0,0,1,0,'',0,NULL,0,NULL,1,0,1054700126,'0000-00-00'),(2265,0,'Федотова','Юля','Сергеевна','','0000-00-00','','Российская Федерация',1,'','','','0000-00-00','','ylenka-9@mail.ru',1,'2013-08-27 13:17:56',0,0,1,0,0,0,0,1,0,'',0,NULL,0,NULL,1,0,3579280037,'0000-00-00'),(2266,0,'Храпов','Сергей','Юрьевич','','0000-00-00','','Российская Федерация',1,'','','','0000-00-00','','kikola2008@rambler.ru',1,'2013-09-01 06:57:16',0,0,1,0,0,0,0,1,0,'',0,NULL,0,NULL,1,0,1402276101,'0000-00-00'),(2267,0,'Сушкова','Марина','Сергеевна','','0000-00-00','','Российская Федерация',1,'','','','0000-00-00','','marina-suhkova@bk.ru',1,'2013-09-02 20:33:21',0,0,1,0,0,0,0,1,0,'',0,NULL,0,NULL,1,0,3579282651,'0000-00-00'),(2268,0,'Тен','Николь','Владимировна','','1974-01-17','F','Российская Федерация',1,'6509','849872','Отделением УФМС России по Свердл.обл.в Каменском р.не','2010-01-21','660-020','ebakkardi@mail.ru',2,'2013-09-02 22:38:34',45,12,1,1,0,1,0,3,4,'г.Алексеевка,Целиноградская обл.',3439,'371459',909,'0176139',1,0,3155175544,'0000-00-00'),(2269,0,'Гимазетдинов ','Дамир','','','0000-00-00','','',0,'','','','0000-00-00','','spartanec19990@mail.ru',0,'2013-09-03 12:25:45',0,0,1,0,0,0,0,2,0,'',0,'',0,'',0,0,786659857,'0000-00-00'),(2270,0,'Казымкина','Ульяна','Михайловна','','1983-01-27','F','Российская Федерация',1,'7410','742165','ОУФМС России по ЯНАО в Пуровском районе','2011-02-25','890-005','ulyasha2012.kirienko@yandex.ru',1,'2013-09-03 13:15:41',0,0,1,0,0,0,0,2,4,'г. Славянск-на-Кубани Краснодарского края ',0,'0000000',989,'7622483',1,1,2960031874,'0000-00-00'),(2271,0,'Самсонов','Михаил','Александрович','','0000-00-00','','Российская Федерация',1,'','','','0000-00-00','','pherrum@yandex.ru',1,'2013-09-04 08:00:06',0,0,1,0,0,0,0,1,0,'',0,NULL,0,NULL,1,0,1843544991,'0000-00-00'),(2272,0,'Максимова ','Айна','Михайловна','','1989-09-20','F','Российская Федерация',1,'9810','284888','отд. УФМС ПО РС(Я)','2010-07-09','140-002','ayna659@gmail.com',1,'2013-09-05 07:26:30',59,17,1,1,0,1,0,3,1,'пос.Магарасс',46,'56',914,'8268180',1,1,1347677738,'0000-00-00'),(2273,0,'Семиглазова','Марина','Витальевна','','1991-12-13','F','Российская Федерация',1,'6010','942233','ОТДЕЛЕНИЕМ В СТАНИЦЕ ТАЦИНСКОЙ МЕЖРАЙОННОГО ОТДЕЛА УФМС РОССИИ ПО РОСТОВСКОЙ ОБЛ. В ГОР. МОРОЗОВСКЕ','2011-12-28','610-059','marina.semiglazova@yandex.ru',1,'2013-09-05 10:21:26',51,19,1,1,1,1,0,4,2,'ПОС. БЫСТРОГОРСКИЙ ТАЦИНСКОГО Р-НА РОСТОВСКОЙ ОБЛ.',988,'4106112',988,'4106112',1,0,3277584890,'0000-00-00'),(2274,0,'Куприенко','Надежда','Владимировна','','1982-02-04','F','Российская Федерация',1,'1104','137211','УВД г.Северодвинска Архангельской обл.','2003-11-05','292-006','Kuprienko_Nadya@mail.ru',1,'2013-09-06 05:38:06',50,19,1,1,0,1,0,3,1,'г.Северодвинск Архангельской обл.',81845,'30529',985,'1805496',1,0,620838151,'0000-00-00'),(2275,0,'Шиков','Алексей','Николаевич','','0000-00-00','','Российская Федерация',1,'','','','0000-00-00','','alex441@bk.ru',1,'2013-09-06 07:17:30',0,0,1,0,0,0,0,1,0,'',0,NULL,0,NULL,1,0,1408415198,'0000-00-00'),(2276,0,'Мамедов ',' Анар ','Мугдат','','0000-00-00','','Российская Федерация',1,'','','','0000-00-00','','anar-0988@rambler.ru',1,'2013-09-06 08:38:16',0,0,1,0,0,0,0,1,0,'',0,NULL,0,NULL,1,0,1346713573,'0000-00-00'),(2277,0,'Афонин','Станислав','Валерьевич','','1989-01-23','M','Российская Федерация',1,'9208','614544','Отделом УФМС России по РТ в г.Нижнекамск','2009-02-25','160-017','Stanislav.afonin@sgs.com',1,'2013-09-06 11:13:06',47,6,1,1,0,1,1,3,2,'РТ г.Нижнекамск',8555,'437489',927,'4758091',0,0,2999876486,'0000-00-00'),(2278,0,'Николаев','Сергей','','','0000-00-00','','Российская Федерация',1,'','','','0000-00-00','','spetrovisch@mail.ru',1,'2013-09-08 14:43:32',0,0,1,0,0,0,0,1,0,'',0,NULL,0,NULL,1,0,3169403575,'0000-00-00'),(2279,8009,'Бородинов','Александр','Сергеевич','','1989-07-14','M','Российская Федерация',1,'4510','582812','отделением по р-ну Гагаринский ОУФМС России по гор. Москве','2010-01-13','770-115','borodinovas@mail.ru',1,'2013-09-09 06:39:46',46,0,1,1,1,1,1,4,2,'город Москва',499,'1348226',915,'2579254',3,0,3162236744,'0000-00-00'),(2280,0,'Трудова','Ирина','Викторовна','','1992-12-16','F','Российская Федерация',1,'4012','652498','ТП№73 отд.УФМС РОССИИ ПО СПБ и ЛО','2013-01-18','780-073','iratrudova@ya.ru',1,'2013-09-09 09:58:28',51,19,1,1,1,1,1,4,2,'пос.Барышево',812,'4906112',965,'0233200',1,0,1566838269,'0000-00-00'),(2281,0,'Каргашин','Андрей','Юрьевич','','0000-00-00','','Российская Федерация',1,'','','','0000-00-00','','andrei-kargashin@mail.ru',1,'2013-09-09 10:32:56',0,0,1,0,0,0,0,1,0,'',0,NULL,0,NULL,1,0,1314255048,'0000-00-00'),(2282,0,'Ефимова','Татьяна','Николаевна','','1998-01-06','F','Российская Федерация',1,'4911','990743','ОТДЕЛЕНИЕМ УФМС РОССИИ ПО НОВГОРОДСКОЙ ОБЛАСТИ В ОКУЛОВСКОМ РАЙОНЕ','2012-01-14','530-015','kisa7@yandex.ru',1,'2013-09-09 16:05:14',0,0,1,0,0,0,0,2,1,'город Окуловка, Новгородской обл',27,'011',911,'6451076',1,0,1597393555,'0000-00-00'),(2283,0,'Корнеев','Александр','Михайлович','','1988-07-08','M','Российская Федерация',1,'4407','240306','ТПОФМС России по магаданской области в омсукчанском районе','2008-07-21','490-008','Klerik88@bk.ru',1,'2013-09-10 00:25:02',0,0,1,0,0,0,0,2,1,'Ставропольский край кочубеевский район село Заветное',41346,'92535',914,'8689585',1,1,1533463084,'0000-00-00'),(2284,0,'Попова','Анна','Сергеевна','','0000-00-00','','Российская Федерация',1,'','','','0000-00-00','','inetcom12@mail.ru',1,'2013-09-10 06:58:07',0,0,1,0,0,0,0,1,0,'',0,NULL,0,NULL,1,0,2996213978,'0000-00-00'),(2285,0,'Белоусенко','Екатерина','Сергеевна','','0000-00-00','','Российская Федерация',1,'','','','0000-00-00','','lady.katerinka1991@mail.ru',1,'2013-09-10 09:20:24',0,0,1,0,0,0,0,1,0,'',0,NULL,0,NULL,1,0,1310292945,'0000-00-00'),(2286,0,'Борисов','Роман','Андреевич','','1991-02-25','M','Российская Федерация',1,'4611','365461','овд г Климовска ','2002-03-03','500-124','rmanbrsv@rambler.ru',1,'2013-09-11 04:59:29',0,0,1,0,0,0,0,2,3,'г Климовск',4967,'628008',926,'0500228',1,0,620828772,'0000-00-00'),(2287,0,'Паршукова','Александра','Маратовна','','1986-08-29','F','Российская Федерация',1,'8711','516211','Отделением УФМС РОССИИ по Республике Коми в Эжвинском р-не в гор.Сыктывкаре','2012-02-02','','290886@bk.ru',1,'2013-09-11 05:35:28',0,0,1,0,0,0,0,2,1,'г.Усинск',904,'2097631',912,'8660846',1,1,3645022026,'0000-00-00'),(2288,0,'Платонова','Елена','Константиновна','','1990-09-22','F','Российская Федерация',1,'4611','394608','ТП №2 Межрайонного ОУФМС России по Московской области в городском поселении Пушкино','2002-05-06','500-135','darkkrakatau@mail.ru',1,'2013-09-11 10:10:45',0,0,1,0,0,0,0,2,1,'г. Караганда',496,'5437777',929,'5698838',1,0,528597639,'0000-00-00'),(2289,0,'Бажукова','Алена ','Викторовна','','1983-01-08','F','Российская Федерация',1,'0405','150588','УВД г.Ачинска Красноярского края','2006-08-08','242-010','al.ba.1993@mail.ru',1,'2013-09-12 03:38:54',0,0,1,0,0,0,0,2,1,'г.Ужур Красноярского края',39151,'56568',913,'5242999',1,0,774619902,'0000-00-00'),(2290,0,'Соболев','Данил','Семёнович','','1987-05-08','M','Российская Федерация',1,'8507','359826','Отделом ОФМС России по республике Калмыкия в городе Элиста','2007-06-19','080-001','dssobolev@gmail.com',1,'2013-09-12 13:01:46',45,12,3,0,0,1,1,3,1,'Республика Калмыкия, город Элиста',495,'5017600',967,'1831141',3,0,1842251400,'0000-00-00'),(2291,0,'Ларина','Татьяна','Сергеевна','','1981-03-02','F','Российская Федерация',1,'9807','084762','ТП УФМС по РС(Я) в п.Беркакит','2008-01-17','140-034','tatyana-larina-81@mail.ru',1,'2013-09-13 03:51:18',0,0,1,0,0,0,0,2,2,'г.Олекминс',924,'8750036',924,'8750036',1,0,1334133892,'0000-00-00'),(2292,0,'Шутов','Георгий','Валерьевич','','1970-01-28','M','Российская Федерация',1,'7500','379283','ОВД Ленинского р-на. гор. Магнитогорска Челябинской обл.','2000-08-04','742-022','GIORGHUTOV@gmail.com',1,'2013-09-13 05:09:09',59,17,1,1,0,1,0,3,4,'гор.Магнитогорск Челябинской обл.',929,'2196130',922,'1445575',1,0,1402282637,'0000-00-00'),(2293,0,'Вершинина','Кристина','Дмитриевна','','1988-10-20','F','Российская Федерация',1,'4008','733857','ТП №7 отдела УФМС по СПБ и Лен.обл.','2009-02-24','','yukkos88@mail.ru',1,'2013-09-13 08:40:50',0,0,1,0,0,0,0,2,1,'Дальнегорск',812,'3226243',953,'3740124',1,0,1842215343,'0000-00-00'),(2294,0,'Митякина','Евгения','','','1984-01-02','F','Российская Федерация',1,'9867','898855','ОВД Зонального р-на','2006-01-01','','rejen@inbox.ru',1,'2013-09-14 10:55:28',59,17,1,1,0,1,0,3,2,'Алтайский край',38599,'22785',906,'9874748',1,0,2998632057,'0000-00-00'),(2295,0,'Хаутиев','Батыр','Баширович','','0000-00-00','','Российская Федерация',1,'','','','0000-00-00','','batir_wonxo@mail.ru',1,'2013-09-14 15:52:24',0,0,1,0,0,0,0,1,0,'',0,NULL,0,NULL,1,0,3562932458,'0000-00-00'),(2296,0,'Рагимова','Айсель','Мирага Кызы','','1991-12-31','F','Азербайджан',1,'AZE','06348785','Ширванское ГРОП','2008-05-20','','aysel-raqimova@mail.ru',1,'2013-09-15 10:56:55',50,19,1,1,0,0,0,4,0,'Азербайджан, г.Али-Байрамлы',0,NULL,920,'1383253',5,0,2249445514,'0000-00-00'),(2297,0,'Козлов','Олег','Валерьевич','','0000-00-00','','Российская Федерация',1,'','','','0000-00-00','','koz-oleg1@yandex.ru',1,'2013-09-15 11:15:18',0,0,1,0,0,0,0,1,0,'',0,NULL,0,NULL,1,0,2988116282,'0000-00-00'),(2298,0,'Ргимова','Айсель','Мирага','','0000-00-00','','Российская Федерация',1,'','','','0000-00-00','','ragimov.beyukaga@mail.ru',1,'2013-09-15 17:47:30',0,0,1,0,0,0,0,1,0,'',0,NULL,0,NULL,1,0,2249445514,'0000-00-00'),(2299,0,'Шевкунов','Михаил','Сергеевич','','0000-00-00','','Российская Федерация',1,'','','','0000-00-00','','shevkunov80@gmail.com',1,'2013-09-16 11:12:11',0,0,1,0,0,0,0,1,0,'',0,NULL,0,NULL,1,0,625993455,'0000-00-00'),(2300,0,'Свистунов','Алексей','Владимирович','','1989-03-13','M','Российская Федерация',1,'0309','111353','ОУФМС России по Краснодарскому краю в Усть-Лабинском районе','2009-04-17','230-055','ale45133826@yandex.ru',1,'2013-09-17 00:41:09',45,12,1,1,0,1,0,3,1,'Хабаровск',952,'8509761',952,'8509761',1,0,1603906660,'0000-00-00'),(2301,0,'Иванова','Мария','Олеговна','','1993-08-24','F','Российская Федерация',1,'4613','163358','ТП № 1 ОУФМС России по МО по СМР ','2013-08-30','500-162','masnulechka32@rambler.ru',1,'2013-09-17 08:36:22',50,1,3,1,0,1,1,3,1,'Московская обл., г.Ступино',916,'2966664',916,'2966664',3,0,3252579732,'0000-00-00'),(2302,0,'Фольц','Кристина','Сергеевна','','0000-00-00','','Российская Федерация',1,'','','','0000-00-00','','lapysay-moya@mail.ru',1,'2013-09-17 13:29:12',0,0,1,0,0,0,0,1,0,'',0,NULL,0,NULL,1,0,2998494995,'0000-00-00'),(2304,8051,'Горбункова','Мария','Игоревна','','1986-07-20','F','Российская Федерация',1,'3805','375484','ОМ №6 УВД г.Курска','2006-08-18','','mashustic1@rambler.ru',1,'2013-09-19 18:43:45',50,19,5,1,0,0,1,4,4,'г.Курск',916,'8342837',916,'8342837',1,1,2997683755,'0000-00-00'),(2305,0,'Лебедева','Татьяна','','','0000-00-00','','Российская Федерация',1,'','','','0000-00-00','','lebedeva_ts@mail.ru',1,'2013-09-20 09:28:27',0,0,1,0,0,0,0,1,0,'',0,NULL,0,NULL,1,0,1597396580,'0000-00-00'),(2306,0,'Кужугет','Эртине','Владимирович','','0000-00-00','','Российская Федерация',1,'','','','0000-00-00','','kuzhuget1964@mail.ru',1,'2013-09-20 14:53:24',0,0,1,0,0,0,0,1,0,'',0,NULL,0,NULL,1,0,3579280053,'0000-00-00'),(2307,0,'Моисеева','Амина','Юсефовна','','0000-00-00','','Российская Федерация',1,'','','','0000-00-00','','scorpiona666@gmail.com',1,'2013-09-20 16:43:11',0,0,1,0,0,0,0,1,0,'',0,NULL,0,NULL,1,0,1306320281,'0000-00-00'),(2308,0,'Петруня','Светлана','Викторовна','','0000-00-00','','Российская Федерация',1,'','','','0000-00-00','','petrunya66@inbox.ru',1,'2013-09-21 12:45:10',0,0,1,0,0,0,0,1,0,'',0,NULL,0,NULL,1,0,3648409879,'0000-00-00'),(2309,0,'Бычкова','Лидия','Сергеевна','','0000-00-00','','Российская Федерация',1,'','','','0000-00-00','','s.lida95@mail.ru',1,'2013-09-22 06:26:36',0,0,1,0,0,0,0,1,0,'',0,NULL,0,NULL,1,0,3104642637,'0000-00-00'),(2310,0,'Квирикашили','Давид ','Гивиевич','','0000-00-00','','Российская Федерация',1,'','','','0000-00-00','','datka131@mail.ru',1,'2013-09-22 10:04:17',0,0,1,0,0,0,0,1,0,'',0,NULL,0,NULL,1,0,1508379332,'0000-00-00'),(2311,0,'Зражаев','Павел','','','0000-00-00','','Российская Федерация',1,'','','','0000-00-00','','mariyka@au.ru',1,'2013-09-22 11:53:05',0,0,1,0,0,0,0,1,0,'',0,NULL,0,NULL,1,0,3170143599,'0000-00-00'),(2312,0,'Назаров ','Игорь','Михайлович','','1974-11-20','M','Российская Федерация',1,'4512','777551','Отделением УФМС России по г. Москве по райну Красносельский','2002-01-16','770-006','nazarov.igor47@mail.ru',1,'2013-09-22 14:48:37',45,12,1,1,0,1,0,3,1,'гор. Алма-Ата',985,'8583829',985,'8583829',1,0,1595634425,'0000-00-00'),(2313,0,'Анциферова','Ольга','','','0000-00-00','','Российская Федерация',1,'','','','0000-00-00','','anciferova2011@yandex.ru',1,'2013-09-23 09:43:46',0,0,1,0,0,0,0,1,0,'',0,NULL,0,NULL,1,0,1475710151,'0000-00-00'),(2314,0,'Небогатикова','Мария','Евгеньевна','','1984-12-03','F','Российская Федерация',1,'8804','732646','ОВД Медведевского р-на РМЭ','2005-04-05','','marielider@ya.ru',1,'2013-09-23 10:45:48',59,17,1,1,0,1,0,4,3,'Марийская АССР',8362,'383611',903,'9652369',1,0,3170117634,'0000-00-00'),(2315,0,'Байрамов','Агали','Адыгезел','','0000-00-00','','Российская Федерация',1,'','','','0000-00-00','','ago936@gmail.com',1,'2013-09-23 16:06:17',0,0,1,0,0,0,0,1,0,'',0,NULL,0,NULL,1,0,86779721,'0000-00-00'),(2316,0,'Чебан','Диана','Сергеевна','','0000-00-00','','Российская Федерация',1,'','','','0000-00-00','','cheband@bk.ru',1,'2013-09-23 23:33:28',0,0,1,0,0,0,0,1,0,'',0,NULL,0,NULL,1,0,1347677800,'0000-00-00'),(2317,8048,'Соболевский','Артур','Александрович','','1984-05-16','M','Российская Федерация',1,'4507','661747','ОВД Тропарево-Никулино г.Москвы','2004-11-30','772-039','sealdante@gmail.com',1,'2013-09-24 09:42:47',45,12,2,1,0,0,1,4,4,'РФ,Москва',495,'4347746',903,'6287297',3,1,3253275276,'0000-00-00'),(2318,0,'Попова','Галина','Владимировна','','1979-06-28','F','Российская Федерация',1,'2702','523569','ОВД Краснознаменского района Калининградской области','2002-11-11','392-012','galyamama@mail.ru',2,'2013-09-24 10:48:34',58,16,1,0,0,1,0,3,1,'п. Мичурино Краснознаменского района Калининградской области',906,'2125574',909,'7803274',1,0,1311038265,'0000-00-00'),(2319,0,'Баулина ','Наталья ','Викторовна','','0000-00-00','','Российская Федерация',1,'','','','0000-00-00','','tatarova_tasha@mail.ru',1,'2013-09-24 22:10:37',0,0,1,0,0,0,0,1,0,'',0,NULL,0,NULL,1,0,784076802,'0000-00-00'),(2320,0,'Балаболкина','Мария','Васильевна','','1973-01-01','F','Российская Федерация',1,'5203','470262','УВД Кировского АО города Омска','2003-05-05','552-001','SMU-OMSK@mail.ru',2,'2013-09-25 03:34:25',0,0,1,0,0,0,0,2,2,'Казахстан',3812,'998783',983,'1161118',1,0,37504929,'0000-00-00'),(2321,0,'Магомедова','Хадижат','Абдулаевна','','0000-00-00','','Российская Федерация',1,'','','','0000-00-00','','hadijabika95@yandex.ru',1,'2013-09-25 09:37:49',0,0,1,0,0,0,0,1,0,'',0,NULL,0,NULL,1,0,1357902817,'0000-00-00'),(2322,0,'Останин','Семен','Алексеевич','','1995-08-28','M','Российская Федерация',1,'5709','481354','Отделением УФМС России','2009-09-11','590-034','ostanin.sema2013@yandex.ru',1,'2013-09-25 11:18:51',45,12,1,1,0,1,0,3,4,'Город Лысьва',34249,'26997',963,'0120829',1,0,625998137,'0000-00-00'),(2323,0,'Кузив ','Наталья','Зиновьевна','','0000-00-00','','Российская Федерация',1,'','','','0000-00-00','','kuziv-natusik@rambler.ru',1,'2013-09-26 06:53:42',0,0,1,0,0,0,0,1,0,'',0,NULL,0,NULL,1,0,1385287825,'0000-00-00'),(2324,0,'Стратонников','Артем','Александрович','','0000-00-00','','Российская Федерация',1,'','','','0000-00-00','','lomikq@gmail.com',1,'2013-09-26 21:48:25',0,0,1,0,0,0,0,1,0,'',0,NULL,0,NULL,1,0,1582249622,'0000-00-00'),(2325,0,'Трофимова','Ксения','Ивановна','','1988-11-09','F','Российская Федерация',1,'0312','149178','отделом управления федеральной миграционной службы по краснодарскому краю в ейском районе','2013-01-10','230-022','patriotka9111988@yandex.ru',1,'2013-09-27 15:53:57',47,9,1,1,0,1,0,4,3,'г Ейск',918,'3619357',918,'3619357',1,0,531966598,'0000-00-00'),(2326,8211,'Вуколова','Татьяна','Сергеевна','','1980-03-01','F','Российская Федерация',1,'4913','062969','отделом УФМС России по Новгородской обл. в г.Великий Новгород','2013-12-17','530-002','lebedeva_ts80@mail.ru',1,'2013-09-27 18:25:06',50,19,1,1,0,1,1,4,1,'г. Новгород',8162,'646819',952,'4835931',1,0,1597391920,'0000-00-00'),(2327,0,'Григорян','Лариса','Анатольевна','','1963-08-22','F','Российская Федерация',1,'1007','065557','оуфмс россии по амурской области в селемджинском районе','2008-09-17','280-014','lorika1961@mail.ru',1,'2013-09-28 04:19:16',0,0,1,0,0,0,0,2,4,'г.свободный амурской области',963,'8024889',963,'8024889',1,0,1332297807,'0000-00-00'),(2328,0,'Хегай','Владимир','Александрович','','0000-00-00','','Российская Федерация',1,'','','','0000-00-00','','vov_55@bk.ru',1,'2013-09-28 13:12:12',0,0,1,0,0,0,0,1,0,'',0,NULL,0,NULL,1,0,1595424777,'0000-00-00'),(2329,0,'Жафяров','Артем','Маратович','','0000-00-00','','Российская Федерация',1,'','','','0000-00-00','','jafiarovartem@mail.ru',1,'2013-09-28 17:04:30',0,0,1,0,0,0,0,1,0,'',0,NULL,0,NULL,1,0,1045184538,'0000-00-00'),(2330,0,'Сажнева','Анастасия','Алексеевна','','0000-00-00','','Российская Федерация',1,'','','','0000-00-00','','sazhneva1990@mail/ru',1,'2013-09-29 08:26:34',0,0,1,0,0,0,0,1,0,'',0,NULL,0,NULL,1,0,1402283683,'0000-00-00'),(2331,8116,'Компанец','Кристина','Сергеевна','','1993-03-14','F','Российская Федерация',1,'4613','137901','Межрайонным ОУФМС России по Московской области в городском округе Серпухов','2013-04-24','500-155','kristina.5552010@yandex.ru',1,'2013-09-30 09:20:58',50,1,2,0,0,0,1,4,0,'г.Серпухов Московской области',0,NULL,0,NULL,3,0,1402276193,'0000-00-00'),(2332,0,'Попова','Надежда','Николаевна','','1992-12-28','M','Российская Федерация',1,'1912','875025','ОУФМС России по Вологодской области в гор.Вологда','2013-04-03','350-002','nadezhda.nadya.popova@mail.ru',1,'2013-10-01 09:33:35',47,10,1,1,0,1,0,3,4,'Архангельская обл.Коношский р-он пгт Коноша',953,'5110249',900,'5566794',1,0,1597349231,'0000-00-00'),(2333,0,'Спевак','Константин','','','0000-00-00','','Российская Федерация',1,'','','','0000-00-00','','konstantin.spevak@mail.ru',1,'2013-10-01 12:42:08',0,0,1,0,0,0,0,1,0,'',0,NULL,0,NULL,1,0,93453685,'0000-00-00'),(2334,0,'Сабирова','Сакина','Дагировна','','1957-10-28','F','Российская Федерация',1,'9409','029651','МО УФМС России по Удм. респуб. г. Можге','2009-10-14','180-009','sabirova3412@yandex.ru',2,'2013-10-02 07:57:03',0,0,1,0,0,0,0,2,1,'г. Можга Удм. респ.',3412,'306105',950,'1571156',1,0,1314210632,'0000-00-00'),(2335,0,'Дружинина','Людмила','Владимировна','','0000-00-00','F','Российская Федерация',1,'8103','712439',' прибайкальским ровд республики бурятия','2003-10-31','032-018','dipresia83@mail.ru',1,'2013-10-02 11:28:48',47,9,1,1,0,1,0,4,1,'с.гремячинск прибайкальского района республики бурятия',30144,'58704',950,'3951205',1,0,2956673582,'0000-00-00'),(2336,0,'Грачев','Сергей','Станиславович','','1980-04-06','M','Российская Федерация',1,'1704','457140','ОВД Фрунзенского р-на г. Владимира','2003-11-17','332-003','grachev.ss@gmail.com',1,'2013-10-03 05:54:29',0,0,1,0,0,0,0,2,1,'г. Владимир',4922,'601315',920,'9115051',1,1,3584545184,'0000-00-00'),(2337,0,'Старовойтова','Екатерина','Геннадьевна','','1990-03-19','F','Российская Федерация',1,'4510','726310','Отделением по району Южное Бутово ОУФМС России по г.Москве в Юзао','2010-05-06','770-124','kiss-love.09@mail.ru',1,'2013-10-03 11:31:21',47,6,1,1,1,1,0,3,2,'г Москва',495,'6707526',927,'1752322',1,0,1402276109,'0000-00-00'),(2338,0,'Юсупова','Эльмира','','','1985-01-01','F','Российская Федерация',1,'8004','564878','БУЗДЯКСКИМ РОВД','2005-01-31','','YUSUPOVAELMIRA@YANDEX.RU',1,'2013-10-03 14:57:58',0,0,1,0,0,0,0,2,4,'КАРТАМАК',937,'3262266',937,'3262266',1,1,1600729004,'0000-00-00'),(2339,0,'Соколова','Наталья','','','0000-00-00','','Российская Федерация',1,'','','','0000-00-00','','lindalindoeva@gmail.com',1,'2013-10-03 16:47:40',0,0,1,0,0,0,0,1,0,'',0,NULL,0,NULL,1,0,1349379303,'0000-00-00'),(2340,0,'Дехисси','Муад','','','0000-00-00','','Российская Федерация',1,'','','','0000-00-00','','m-dekhissi@mail.ru',1,'2013-10-03 17:38:22',0,0,1,0,0,0,0,1,0,'',0,NULL,0,NULL,1,0,1840062939,'0000-00-00'),(2341,0,'Валеев','Руслан','Юрьевич','','0000-00-00','','Российская Федерация',1,'','','','0000-00-00','','ruslan6661984@mail.ru',1,'2013-10-04 06:33:26',0,0,1,0,0,0,0,1,0,'',0,NULL,0,NULL,1,0,1606234068,'0000-00-00'),(2342,0,'Дуганова','Сусанна','Георгиевна','','0000-00-00','','Российская Федерация',1,'','','','0000-00-00','','s.duganova@mail.ru',1,'2013-10-06 07:06:52',0,0,1,0,0,0,0,1,0,'',0,NULL,0,NULL,1,0,1839992611,'0000-00-00'),(2343,0,'Чебодаева','Любовь','Григорьевна','','1991-03-31','M','Российская Федерация',1,'3210','994185','отделом УФМС России по Кемеровской области в городе междуреченске','2011-04-01','420-022','Chebodaeva@mail.ru',1,'2013-10-07 15:39:38',0,0,1,0,0,0,0,2,1,'кемеровская область, г. Междуреченск ',3842,'44090',923,'4952339',1,0,39819088,'0000-00-00'),(2344,0,'Виктор','Чернявский','Аркадьевич','','0000-00-00','','Российская Федерация',1,'','','','0000-00-00','','V_Chrnyavskiy@inbox.ru',1,'2013-10-08 12:29:14',0,0,1,0,0,0,0,1,0,'',0,NULL,0,NULL,1,0,1310542184,'0000-00-00'),(2345,0,'Антонова','Дарья','Александровна','','0000-00-00','','Российская Федерация',1,'','','','0000-00-00','','dasha7397@gmail.com',1,'2013-10-08 13:46:02',0,0,1,0,0,0,0,1,0,'',0,NULL,0,NULL,1,0,1841069197,'0000-00-00'),(2346,0,'Коржева','Екатерина','Александровна','','0000-00-00','','Российская Федерация',1,'','','','0000-00-00','','Ekaterina.korzhewa@yandex.ru',1,'2013-10-08 15:28:12',0,0,1,0,0,0,0,1,0,'',0,NULL,0,NULL,1,0,1310292415,'0000-00-00'),(2347,0,'Холодкова','Татьяна','Сергеевна','','1977-08-02','F','Российская Федерация',1,'4604','510262','Долгопрудненским ОВД Московской области','2003-03-20','','tan342007@rambler.ru',1,'2013-10-08 15:48:56',45,12,1,1,0,1,0,3,4,'город Долгопрудный Московской области',495,'3113611',905,'5314366',1,1,784072709,'0000-00-00'),(2348,0,'Епифанова','Любовь ','Николаевна','','1987-05-19','F','Российская Федерация',1,'4607','739522','Отделом УФМС Россиипо Моск.обл.,в Павлово-Посадском р-не','2007-05-31','500-117','Pifan4ik87@mail.ru',1,'2013-10-08 15:52:55',50,19,1,0,1,1,1,4,2,'С.Рахманово Павлово-Посадского р-на Московской обл.',243,'77431',926,'5977401',3,1,1402276018,'0000-00-00'),(2350,0,'Лапшова','Алеся','Николаевна','','0000-00-00','','Российская Федерация',1,'','','','0000-00-00','','alesya.lapshova@mail.ru',1,'2013-10-10 10:37:37',0,0,1,0,0,0,0,1,0,'',0,NULL,0,NULL,1,0,1542856237,'0000-00-00'),(2351,0,'Наумова','Ирина','Михайловна','','1986-11-06','F','Российская Федерация',1,'1207','181541','оуфмс россии по астраханской области города астрахани','2008-05-15','300-002','gen0k30rus@mail.ru',1,'2013-10-10 15:21:11',50,19,1,1,0,1,0,3,1,'баку',9616,'6537444',903,'3491016',1,0,39646674,'0000-00-00'),(2352,0,'Мищенко ','Юрий ','Александрович','','0000-00-00','','Российская Федерация',1,'','','','0000-00-00','','angel-170389@mail.ru',1,'2013-10-10 15:41:17',0,0,1,0,0,0,0,1,0,'',0,NULL,0,NULL,1,0,1053924871,'0000-00-00'),(2354,0,'Потакуев','Паша','','','0000-00-00','','Российская Федерация',1,'','','','0000-00-00','','pasha20_07@mail.ru',1,'2013-10-11 12:24:15',0,0,1,0,0,0,0,1,0,'',0,NULL,0,NULL,1,0,1835639985,'0000-00-00'),(2355,0,'Силуянова','Анастасия','Игоревна','','0000-00-00','','Российская Федерация',1,'','','','0000-00-00','','anastasisiluyanova@mail.ru',1,'2013-10-11 17:25:11',0,0,1,0,0,0,0,1,0,'',0,NULL,0,NULL,1,0,1369678637,'0000-00-00'),(2356,0,'Савушкин','Николай','Николаевич','','1993-04-27','M','Российская Федерация',1,'4613','109437','ТП №2 Межрайонного ОУФМС России по Московской области в городском поселении Пушкино','2013-05-23','500-135','Nikolai148@yandex.ru',1,'2013-10-11 18:18:19',45,12,1,1,0,1,1,4,2,'Дер.Самотовино, Сергиево-Посадский район,Млсковская область',8499,'7041381',926,'8405029',3,0,1507765112,'0000-00-00'),(2357,0,'Блохина','Евгения','Викторовна','','1990-11-27','F','Российская Федерация',1,'7410','741909','отделом УФМС России по ямало-ненецкому А.О в пуровском районе','2010-12-28','890-005','petuma290909@mail.ru',1,'2013-10-12 07:24:40',1,0,1,0,0,1,0,4,2,'г.Тарко-сале',34997,'24152',922,'7880373',1,0,3579310580,'0000-00-00'),(2358,0,'Панченко','Андрей','Владимирович','','1973-11-12','M','Российская Федерация',1,'0702','965584','ОВД г. Железноводск','2002-06-26','','4095010@mail.ru',1,'2013-10-15 06:35:25',58,16,1,0,0,1,0,3,1,'Железноводск',87932,'44761',909,'7634763',1,1,39659489,'0000-00-00'),(2359,0,'Белобородов ','Дмитрий ','Петрович','','1994-11-08','M','Российская Федерация',1,'2503','056087','ТП УФМС РОССИИ ПО ИРКУТСКОЙ ОБЛАСТИ В АЛАРСКОМ Р-НЕ','2008-11-20','380-047','Pavlov.beloborodov@ya.ru',1,'2013-10-15 14:40:23',53,14,1,0,0,1,0,3,3,'с. ЕГОРОВСК АЛАРСКОГО РАЙОНА ИРКУТСКОЙ ОБЛАСТИ',952,'6287395',952,'6287395',1,0,1433662325,'0000-00-00'),(2360,0,'Артемов','Владислав','Константинович','','0000-00-00','','Российская Федерация',1,'','','','0000-00-00','','artyomovkv@gmail.com',1,'2013-10-16 06:38:05',0,0,1,0,0,0,0,1,0,'',0,NULL,0,NULL,1,0,787644077,'0000-00-00'),(2361,0,'Соловьева','Юлия','Васильевна','','1976-11-07','F','Российская Федерация',1,'4607','969878','Отделением УФМС России по Московской области в Шаховском районе','2008-04-12','500-177','matlash_olga@mail.ru',2,'2013-10-16 07:00:37',58,16,1,0,0,1,0,3,1,'с. Середа',967,'1289580',967,'1289580',1,0,1347185729,'0000-00-00'),(2362,0,'Петропавловский','Александр','Сергеевич','','0000-00-00','','Российская Федерация',1,'','','','0000-00-00','','noname_rus@mail.ru',1,'2013-10-17 07:37:32',0,0,1,0,0,0,0,1,0,'',0,NULL,0,NULL,1,0,1358763140,'0000-00-00'),(2364,0,'Пираматов','Абдулла','Мурадбекович','','0000-00-00','','Российская Федерация',1,'','','','0000-00-00','','piramatov@bk.ru',1,'2013-10-18 17:18:46',0,0,1,0,0,0,0,1,0,'',0,NULL,0,NULL,1,0,2960172392,'0000-00-00'),(2365,0,'Хайретдинова','Рания','Нурулловна','','0000-00-00','','Российская Федерация',1,'','','','0000-00-00','','cot.tatarin@yandex.ru',1,'2013-10-19 09:00:48',0,0,1,0,0,0,0,1,0,'',0,NULL,0,NULL,1,0,1580441783,'0000-00-00'),(2366,0,'Епеев','Ильдар','Фаизович','','0000-00-00','','Российская Федерация',1,'','','','0000-00-00','','ildar.epeev@live.com',1,'2013-10-20 08:12:49',0,0,1,0,0,0,0,1,0,'',0,NULL,0,NULL,1,0,3648410971,'0000-00-00'),(2367,0,'Куприй','Дмитрий','','','0000-00-00','','Российская Федерация',1,'','','','0000-00-00','','kuprii@mail.ru',1,'2013-10-20 11:11:22',0,0,1,0,0,0,0,1,0,'',0,NULL,0,NULL,1,0,3582614425,'0000-00-00'),(2368,0,'Степанова','Олеся','Геннадьевна','','1980-07-16','F','Российская Федерация',1,'6708','850706','ТП в пос. Приобье ОУФМС России по Ханты-Мансийскому автономному округу - Югре в Октябрьском районе','2008-09-18','860-042','vip.lesya1288@mail.ru',1,'2013-10-21 05:02:25',58,16,1,0,0,1,0,3,4,'г. Томск',922,'7933574',922,'7933574',1,1,625951539,'0000-00-00'),(2369,0,'Иванов','Сергей','Владимирович','','0000-00-00','','Российская Федерация',1,'','','','0000-00-00','','i_cv@buyop.ru',1,'2013-10-21 11:16:10',0,0,1,0,0,0,0,1,0,'',0,NULL,0,NULL,1,0,1467287503,'0000-00-00'),(2370,0,'Петров','Андрей ','Николаевич','','1979-01-07','M','Российская Федерация',1,'4606','840293','КУПАВИНСКИМ ГОРОДСКИМ ОТДЕЛОМ МИЛИЦИИ УВД НОГИНСКОГО РАЙОНА МОСКОВСКОЙ ОБЛАСТИ','2005-07-12','503-061','petroan79@yandex.ru',1,'2013-10-22 17:19:43',47,6,1,1,0,1,0,3,1,'ПОС. СТАРАЯ КУПАВНА НОГИНСКОГО РАЙОНА МОСКОВСКОЙ ОБЛАСТИ',903,'1168061',926,'2314121',1,0,1595677920,'0000-00-00'),(2372,0,'Клочкова','Елена','Анатольевна','','0000-00-00','','Российская Федерация',1,'','','','0000-00-00','','klochkova.leno4ka@yandex.ru',1,'2013-10-24 19:41:55',0,0,1,0,0,0,0,1,0,'',0,NULL,0,NULL,1,0,1596870480,'0000-00-00'),(2373,0,'Маташов','Сергей','Сергеевич','','0000-00-00','','Российская Федерация',1,'','','','0000-00-00','','demonterein@yandex.ru',1,'2013-10-25 07:54:08',0,0,1,0,0,0,0,1,0,'',0,NULL,0,NULL,1,0,3579280168,'0000-00-00'),(2374,0,'Асанова','Юлия','Ринатовна','','0000-00-00','','Российская Федерация',1,'','','','0000-00-00','','asanovajl97@mail.ru',1,'2013-10-26 14:16:33',0,0,1,0,0,0,0,1,0,'',0,NULL,0,NULL,1,0,1600706520,'0000-00-00'),(2375,0,'Габайдулин','Алексей','Григорьевич','','0000-00-00','','Российская Федерация',1,'','','','0000-00-00','','millita.almazova@yandex.ru',1,'2013-10-27 07:11:54',0,0,1,0,0,0,0,1,0,'',0,NULL,0,NULL,1,0,620839707,'0000-00-00'),(2376,0,'Новохатская','Виктория','Ивановна','','0000-00-00','','Российская Федерация',1,'','','','0000-00-00','','vikamama@bk.ru',1,'2013-10-27 17:45:42',0,0,1,0,0,0,0,1,0,'',0,NULL,0,NULL,1,0,1406988104,'0000-00-00'),(2377,0,'Христенко','Илья','','','0000-00-00','','Российская Федерация',1,'','','','0000-00-00','','0061230.i@mail.ru',1,'2013-10-27 18:19:17',0,0,1,0,0,0,0,1,0,'',0,NULL,0,NULL,1,0,634160932,'0000-00-00'),(2378,0,'Кожевников','Роман','Анатольевич','','0000-00-00','','Российская Федерация',1,'','','','0000-00-00','','romank44@yandex.ru',1,'2013-10-28 13:26:33',0,0,1,0,0,0,0,1,0,'',0,NULL,0,NULL,1,0,1541365105,'0000-00-00'),(2379,0,'Нищенко','Татьяна','Михайловна','','1976-06-30','F','Российская Федерация',1,'0400','638818','ДОМ ОВД Г.ШАРЫПОВО КРАСНОЯРСКОГО КРАЯ','2001-10-24','243-009','tatyana.nishenko@yandex.ru',1,'2013-10-28 13:44:18',50,19,1,1,0,1,0,3,1,'РЕСПУБЛИКА ТЫВА,Г.КЫЗЫЛ',39153,'20379',923,'7578783',1,0,1551657527,'0000-00-00'),(2380,0,'Пестова','Ксения','Николаевна','','1993-12-23','F','Российская Федерация',1,'5709','581958','отделением УФМС России по Пермскому краю в Куединском районе','2010-05-17','590-032','c.pestova2013@yandex.ru',1,'2013-10-29 09:42:50',50,1,1,1,0,1,0,3,1,'п.Куеда улюГагарина д.31 кв.5',34262,'34163',963,'0205050',1,0,3155313102,'0000-00-00'),(2381,0,'Сайкенова','Юлия','Игоревна','','0000-00-00','','Российская Федерация',1,'','','','0000-00-00','','ysaykenova@mail.ru',1,'2013-10-31 06:41:25',0,0,1,0,0,0,0,1,0,'',0,NULL,0,NULL,1,0,2992371879,'0000-00-00'),(2382,0,'Серков ','Александр','Борисович ','','0000-00-00','','Российская Федерация',1,'','','','0000-00-00','','serkov.gcnet@mail.ru',1,'2013-10-31 07:58:15',0,0,1,0,0,0,0,1,0,'',0,NULL,0,NULL,1,0,3273449531,'0000-00-00'),(2383,0,'Шадрина','Анастасия','Александровна','','1996-10-17','F','Российская Федерация',1,'9410','115261','МО УФМС РОССИИ ПО УР В ПГТ УВА','2010-10-27','180-027','Aleksandrovna577360@gmail.com',1,'2013-10-31 08:35:20',47,11,1,1,0,0,0,3,4,'г. Сарапул',909,'7137989',950,'8143062',1,0,1314201681,'0000-00-00'),(2384,0,'Юркевич','Максим','Игоревич','','0000-00-00','','Российская Федерация',1,'','','','0000-00-00','','cardinal197979@rambler.ru',1,'2013-11-01 03:48:34',0,0,1,0,0,0,0,1,0,'',0,NULL,0,NULL,1,0,1536113825,'0000-00-00'),(2386,0,'Бакшеева','Наталья','Сергеевна','','1987-11-05','F','Российская Федерация',1,'0407','480221','тп ОУФМС России','2008-01-31','','nataliaisaikova@mail.ru',1,'2013-11-01 18:05:26',0,0,1,0,0,0,0,2,1,'г.Черногорск',839172,'23452',913,'5908785',1,0,3105535024,'0000-00-00'),(2387,0,'Наташа','Яремчук','Ивановна','','0000-00-00','','Российская Федерация',1,'','','','0000-00-00','','nata-yarem@mail.ru',1,'2013-11-02 10:17:33',0,0,1,0,0,0,0,1,0,'',0,NULL,0,NULL,1,0,3256413539,'0000-00-00'),(2388,0,'Крылова','Анастасия','Васильевна','','0000-00-00','','Российская Федерация',1,'','','','0000-00-00','','anastasia.krylova0@gmail.com',1,'2013-11-04 07:03:44',0,0,1,0,0,0,0,1,0,'',0,NULL,0,NULL,1,0,3162917360,'0000-00-00'),(2389,0,'Беляев','Андрей','Геннадьевич','','1983-03-07','M','Российская Федерация',1,'4005','459882','44 о.м. Приморского р-на СПб','2004-12-08','782-044','newbeliaev@mail.ru',1,'2013-11-05 12:49:32',47,7,1,1,0,1,1,4,2,'Ленинград',812,'3010054',911,'7551962',1,0,1307841823,'0000-00-00'),(2390,0,'Корженко ','Олеся','Викторовна','','0000-00-00','','Российская Федерация',1,'','','','0000-00-00','','rrrrr-rrrssss@mail.ru',1,'2013-11-05 13:00:20',0,0,1,0,0,0,0,1,0,'',0,NULL,0,NULL,1,0,1385287825,'0000-00-00'),(2391,0,'Бобков','Руслан','Николаевич','','0000-00-00','','Российская Федерация',1,'','','','0000-00-00','','ruslan-bobkov@rambler.ru',1,'2013-11-05 17:54:03',0,0,1,0,0,0,0,1,0,'',0,NULL,0,NULL,1,0,635892658,'0000-00-00'),(2392,0,'Бобков','Руслан','Николаевич','','1985-06-10','M','Российская Федерация',1,'7005','721335','Новомосковским РУВД Тульской обл.','2005-07-21','','ruslan-bobkov@yandex.ru',1,'2013-11-05 17:57:58',45,12,1,1,0,1,0,3,4,'гор. Новомосковск Тульской обл.',910,'7011804',910,'7011804',1,1,635892658,'0000-00-00'),(2393,0,'Комлев','Вячеслав','','','0000-00-00','','Российская Федерация',1,'','','','0000-00-00','','Komlevat@inbox.ru',1,'2013-11-06 11:35:02',0,0,1,0,0,0,0,1,0,'',0,NULL,0,NULL,1,0,1568208239,'0000-00-00'),(2394,0,'Сайфуллина','Эльвина','Ринатовна','','1981-11-06','F','Российская Федерация',1,'8005','280220','Октябрьским РУВД гор. Уфы РБ','2002-12-23','022-006','elvina_lina@mail.ru',1,'2013-11-06 16:12:38',0,0,1,0,0,0,0,2,1,'гор. Уфы РБ',917,'4801148',937,'3267900',1,0,3164742686,'0000-00-00'),(2395,0,'Беляев ','Андрей','Геннадьевич','','1983-03-07','M','Российская Федерация',1,'4005','459882','44  о.м. Пиморкого р-на СПб','2004-12-08','782-044','Belyaev_ag_83@mail.ru',1,'2013-11-06 17:15:10',0,0,1,0,0,0,0,2,2,'Ленинград',812,'3010054',911,'7551962',1,0,1307841823,'0000-00-00'),(2396,0,'Бакулова ','Надежда','Ивановна','','0000-00-00','','Российская Федерация',1,'','','','0000-00-00','','Sheena.Jackson379@Facebook.com',1,'2013-11-07 12:54:55',0,0,1,0,0,0,0,1,0,'',0,NULL,0,NULL,1,0,2987654006,'0000-00-00'),(2397,0,'Матевосян','Татьяна','Викторовна','','0000-00-00','','Российская Федерация',1,'','','','0000-00-00','','tanya_matevosyan@mail.ru',1,'2013-11-07 17:31:38',0,0,1,0,0,0,0,1,0,'',0,NULL,0,NULL,1,0,1519905021,'0000-00-00'),(2398,0,'Мурачева','Валентина ','Николаевна','','1984-07-27','F','Российская Федерация',1,'2609','151763','отделом внутренних дел города Обнинска','2006-10-11','402-004','aunt_fox@mail.ru',1,'2013-11-08 07:05:01',50,1,3,1,0,1,1,4,1,'город Обнинск Калужской области',48439,'31452',962,'9378635',1,1,3285357587,'0000-00-00'),(2399,0,'Турал','Юсифли ','Назим','','0000-00-00','','Российская Федерация',1,'','','','0000-00-00','','super_hiss@list.ru',1,'2013-11-08 19:31:12',0,0,1,0,0,0,0,1,0,'',0,NULL,0,NULL,1,0,86779832,'0000-00-00'),(2400,0,'Левин','Александр','Михайлович','','0000-00-00','','Российская Федерация',1,'','','','0000-00-00','','Levin-Alex77@mail.ru',1,'2013-11-10 12:36:33',0,0,1,0,0,0,0,1,0,'',0,NULL,0,NULL,1,0,1588885302,'0000-00-00'),(2401,0,'Литвинова','Екатерина','Борисовна','','1987-06-14','F','Российская Федерация',1,'4607','969124','Отделением УФМС  России по Московской области в Шаховском районе','2007-11-07','500-177','kety2987@mail.ru',2,'2013-11-10 15:00:41',50,19,1,1,1,1,0,3,2,'Моск.обл,Шаховской район,с.Ивашково',926,'8164171',926,'8164171',1,0,1402276020,'0000-00-00'),(2402,0,'Попов','Денис','Александрович','','0000-00-00','','Российская Федерация',1,'','','','0000-00-00','','Lilona127@mai.ru',1,'2013-11-11 09:49:14',0,0,1,0,0,0,0,1,0,'',0,NULL,0,NULL,1,0,1402276253,'0000-00-00'),(2403,0,'Халикова','Эльмира','Муслимовна','','0000-00-00','','Российская Федерация',1,'','','','0000-00-00','','elmirka.halikova.92@mail.ru',1,'2013-11-11 13:40:17',0,0,1,0,0,0,0,1,0,'',0,NULL,0,NULL,1,0,1402286191,'0000-00-00'),(2404,0,'Ким','Виолетта','Владимировна','','0000-00-00','','Российская Федерация',1,'','','','0000-00-00','','lexy.07@list.ru',1,'2013-11-12 14:13:22',0,0,1,0,0,0,0,1,0,'',0,NULL,0,NULL,1,0,1385290874,'0000-00-00'),(2405,0,'Кострубин','Дмитрий','Владимирович','','1989-05-24','M','Российская Федерация',1,'6909','366464','тп уфмс россии по томской области','2010-02-12','700-030','dima.kostrubin@mail.ru',1,'2013-11-14 17:14:55',53,14,1,0,0,1,0,4,1,'с. Темен-суу московского р-на киргизской сср',83825,'22738',952,'8077553',1,1,1402286200,'0000-00-00'),(2406,0,'Гарбузова','Ольга','','','0000-00-00','','Российская Федерация',1,'','','','0000-00-00','','vadim-olya@mail.ru',1,'2013-11-14 19:45:21',0,0,1,0,0,0,0,1,0,'',0,NULL,0,NULL,1,0,3587647227,'0000-00-00'),(2407,0,'Фадеев','Сергей','Валерьевич','','0000-00-00','','Российская Федерация',1,'','','','0000-00-00','','fadeeva-olenka@mail.ru',1,'2013-11-16 15:48:47',0,0,1,0,0,0,0,1,0,'',0,NULL,0,NULL,1,0,1542031228,'0000-00-00'),(2408,0,'Шавлохов','Хетаг','Ахсаравич','','0000-00-00','','Российская Федерация',1,'','','','0000-00-00','','shavlokhov@mail.ru',1,'2013-11-18 15:33:12',0,0,1,0,0,0,0,1,0,'',0,NULL,0,NULL,1,0,1433663523,'0000-00-00'),(2409,0,'Платошин','Дмитрий','Александрович','','1986-07-28','M','Российская Федерация',1,'2912','542113','ТП УФМС России по Калужской области в Бабынинском районе','2012-10-30','400-005','dmitriy-platoshin@mail.ru',2,'2013-11-18 18:17:08',53,14,1,0,0,1,0,4,2,'Пос.Бабынино Бабынинского р-на Калужской обл.',906,'6436623',906,'6436623',1,0,3641689935,'0000-00-00'),(2410,0,'Мамбетова','Аида','Ярыевна','','0000-00-00','','Российская Федерация',1,'','','','0000-00-00','','mambetova_aida@mail.ru',1,'2013-11-19 19:41:46',0,0,1,0,0,0,0,1,0,'',0,NULL,0,NULL,1,0,1595445219,'0000-00-00'),(2411,0,'Степанова','Полина','','','0000-00-00','','Российская Федерация',1,'','','','0000-00-00','','Stepol93@yandex.ru',1,'2013-11-21 07:01:11',0,0,1,0,0,0,0,1,0,'',0,NULL,0,NULL,1,0,3641467115,'0000-00-00'),(2412,0,'Терешина','Елена','Евгеньевна','','1968-01-01','F','Российская Федерация',1,'9212','438109','отд.в Центр.районе ОУФМС России по РТ в г.Набережные Челны','2013-02-20','160-014','elenatsh@mail.ru',2,'2013-11-25 07:58:19',47,8,1,1,0,1,0,4,2,'г.Пермь',917,'8928061',917,'8928061',1,0,2956209023,'0000-00-00'),(2414,0,'Ткаченко','Павел','Григорьевич','','1971-10-27','M','Российская Федерация',1,'4608','214170','Отделом УФМС России по Московской области в Шатурском районе','2008-06-07','500-174','advokatrus@yandex.ru',1,'2013-11-28 16:37:29',58,16,1,0,0,1,0,3,4,'г. Крымск Краснодарского края',861,'2171235',962,'8630101',1,1,3648409882,'0000-00-00'),(2415,0,'Фомин  ','Алексей','','','0000-00-00','','Российская Федерация',1,'','','','0000-00-00','','FAUSEN@INBOX.RU',1,'2013-11-29 10:02:31',0,0,1,0,0,0,0,1,0,'',0,NULL,0,NULL,1,0,1334559321,'0000-00-00'),(2416,0,'Крюгер','Игорь','Федорович','','0000-00-00','','Российская Федерация',1,'','','','0000-00-00','','mangust38@list.ru',1,'2013-11-29 15:15:30',0,0,1,0,0,0,0,1,0,'',0,NULL,0,NULL,1,0,1385291066,'0000-00-00'),(2417,0,'Монгуш','Адыгбай ','Адыгжыевич','','0000-00-00','','Российская Федерация',1,'','','','0000-00-00','','Mongush@2114.ru',1,'2013-11-30 03:10:55',0,0,1,0,0,0,0,1,0,'',0,NULL,0,NULL,1,0,1427826521,'0000-00-00'),(2418,0,'Китайкин','Артем','Николаевич','','0000-00-00','','',0,'','','','0000-00-00','','tema1_1@mail.ru',0,'2013-11-30 05:06:37',0,0,1,0,0,0,0,2,0,'',0,'',0,'',0,0,625965673,'0000-00-00'),(2419,0,'Селезнев','Александр','Эдуардович','','0000-00-00','','Российская Федерация',1,'','','','0000-00-00','','1996Sacha1996@mail.ru',1,'2013-11-30 08:47:55',0,0,1,0,0,0,0,1,0,'',0,NULL,0,NULL,1,0,93006536,'0000-00-00'),(2420,0,'Бекринева','Екатерина','Александровна','','0000-00-00','','Российская Федерация',1,'','','','0000-00-00','','costen98@mail.ru',1,'2013-12-01 13:52:02',0,0,1,0,0,0,0,1,0,'',0,NULL,0,NULL,1,0,2988703182,'0000-00-00'),(2421,0,'Баталова','Александра','Сергеевна','','0000-00-00','','Российская Федерация',1,'','','','0000-00-00','','danilina.as@mail.ru',1,'2013-12-01 20:18:33',0,0,1,0,0,0,0,1,0,'',0,NULL,0,NULL,1,0,1598554661,'0000-00-00'),(2422,0,'Нечаева','Елена','Александровна','','0000-00-00','','Российская Федерация',1,'','','','0000-00-00','','nechaevaelena2010@mail.ru',1,'2013-12-02 12:01:35',0,0,1,0,0,0,0,1,0,'',0,NULL,0,NULL,1,0,1412046339,'0000-00-00'),(2423,0,'Алексеевский','Вадим','Евгеньевич','','0000-00-00','','Российская Федерация',1,'','','','0000-00-00','','afrika2007@post.ru',1,'2013-12-04 08:23:02',0,0,1,0,0,0,0,1,0,'',0,NULL,0,NULL,1,0,1401428094,'0000-00-00'),(2424,0,'Казьмина ','Юлия','Игоревна','','1993-07-26','F','Российская Федерация',1,'1813','876443','Отделом УФМС России по Волгоградской области в Дзержинском р-не гор. Волгограда','2013-08-17','340-002','yula.93@mail.ru',2,'2013-12-05 11:18:36',50,2,1,1,0,1,0,3,1,'гор. Волгоград',961,'0792584',961,'0792486',1,0,1427827295,'0000-00-00'),(2425,0,'Максимов','Денис','','','0000-00-00','','Российская Федерация',1,'','','','0000-00-00','','d1a6j7o@mail.ru',1,'2013-12-05 12:15:09',0,0,1,0,0,0,0,1,0,'',0,NULL,0,NULL,1,0,776569795,'0000-00-00'),(2426,0,'Федорова','Ольга','Александровна','','0000-00-00','M','Российская Федерация',1,'0411','242955','Территориальным пунктом УФМС России по Красноярскому краю в Идринском районе','2012-07-25','240-051','rozolda@rambler.ru',1,'2013-12-06 12:02:16',50,19,1,1,0,1,0,3,2,'с. Черемушки Балахтинского района Красноярского края',391,'3576215',902,'0138375',1,0,1495232477,'0000-00-00'),(2427,0,'Мороз','Андрей','Николаевич','','0000-00-00','','Российская Федерация',1,'','','','0000-00-00','','mordodik@meta.ua',1,'2013-12-06 18:25:02',0,0,1,0,0,0,0,1,0,'',0,NULL,0,NULL,1,0,1568620888,'0000-00-00'),(2428,0,'Васильева','Кристина','Олеговна','','0000-00-00','','Российская Федерация',1,'','','','0000-00-00','','mohhabb@mail.ru',1,'2013-12-07 20:06:44',0,0,1,0,0,0,0,1,0,'',0,NULL,0,NULL,1,0,203906562,'0000-00-00'),(2429,0,'Тышкевич','Анна','Алексеевна','','0000-00-00','','Российская Федерация',1,'','','','0000-00-00','','mr.aliud@gmail.com',1,'2013-12-08 07:54:56',0,0,1,0,0,0,0,1,0,'',0,NULL,0,NULL,1,0,1599318786,'0000-00-00'),(2430,0,'Лебедева','Алена','Давыдовна','','1981-02-25','F','Российская Федерация',1,'5307','603744','ОУФМС РОССИИ ПО ОРЕНБУРГСКОЙ ОБЛАСТИ В НОВООРСКОМ РАЙОНЕ','2007-12-05','560-017','NAGJORNA5@YANDEX.RU',2,'2013-12-09 07:57:53',58,16,1,0,0,1,0,4,1,'П.НОВООРСК НОВООРСКОГО РАЙОНА ОРЕНБУРГСКОЙ ОБЛАСТИ',909,'6017208',922,'8401807',1,0,520982535,'0000-00-00'),(2431,0,'Мамедов','Инсар','Элдар','','0000-00-00','','Российская Федерация',1,'','','','0000-00-00','','insar1966@gmail.com',1,'2013-12-09 08:16:57',0,0,1,0,0,0,0,1,0,'',0,NULL,0,NULL,1,0,1837051006,'0000-00-00'),(2432,0,'Яковлев','Константин','Владимирович','','0000-00-00','','Российская Федерация',1,'','','','0000-00-00','','konstan-y@yandex.ru',1,'2013-12-09 11:39:10',0,0,1,0,0,0,0,1,0,'',0,NULL,0,NULL,1,0,1598446061,'0000-00-00'),(2433,0,'Попов','Илья','','','0000-00-00','','Российская Федерация',1,'','','','0000-00-00','','p.def@mail.ru',1,'2013-12-09 12:31:13',0,0,1,0,0,0,0,1,0,'',0,NULL,0,NULL,1,0,1550142154,'0000-00-00'),(2435,0,'Маслова','Александрина','Андреевна','','0000-00-00','','Российская Федерация',1,'','','','0000-00-00','','aleksandrina_maslova@mail.ru',1,'2013-12-09 20:24:52',0,0,1,0,0,0,0,1,0,'',0,NULL,0,NULL,1,0,98871639,'0000-00-00'),(2436,0,'Чупров','Игнат','','','0000-00-00','','Российская Федерация',1,'','','','0000-00-00','','chiprov_ignat@mail.ru',1,'2013-12-10 07:34:42',0,0,1,0,0,0,0,1,0,'',0,NULL,0,NULL,1,0,1347400456,'0000-00-00'),(2437,0,'Карпов','Денис','Валерьевичь','','0000-00-00','','Российская Федерация',1,'','','','0000-00-00','','litman1985@mail.ru',1,'2013-12-10 08:30:38',0,0,1,0,0,0,0,1,0,'',0,NULL,0,NULL,1,0,3156250726,'0000-00-00'),(2438,0,'Малыхин','Андрей','Борисович','','0000-00-00','','Российская Федерация',1,'','','','0000-00-00','','malyhinray@mail.ru',1,'2013-12-16 09:40:14',0,0,1,0,0,0,0,1,0,'',0,NULL,0,NULL,1,0,3653634803,'0000-00-00'),(2439,0,'Гадоев','Додарбек','Шарифович','','1974-01-10','M','Таджикистан ',1,'5726','450','овд. г. Чкаловска ','2002-01-18','','gadoevdodarbek@gmail.com',1,'2013-12-16 15:57:10',45,12,1,1,0,1,0,3,4,'Таджикистан',83451,'58966',92,'8016666',1,1,1539890078,'0000-00-00'),(2440,0,'Шелепов','Михаил','Алексеевич','','0000-00-00','','Российская Федерация',1,'','','','0000-00-00','','DjAnges69@mail.ru',1,'2013-12-18 07:06:14',0,0,1,0,0,0,0,1,0,'',0,NULL,0,NULL,1,0,1592857731,'0000-00-00'),(2441,0,'Гундырева','Насиба','Зулкайдаевна','','0000-00-00','','Российская Федерация',1,'','','','0000-00-00','','nasib.gundireva@yandex.ru',1,'2013-12-18 17:13:27',0,0,1,0,0,0,0,1,0,'',0,NULL,0,NULL,1,0,1427814985,'0000-00-00'),(2442,0,'Велибегов','Руслан','Бахтиярович','','0000-00-00','','',0,'','','','0000-00-00','','vinistal@rambler.ru',0,'2013-12-19 08:58:36',45,12,1,1,0,1,0,3,0,'',0,'',0,'',0,0,1347567230,'0000-00-00'),(2443,0,'Чилочи','Денис','Анатольевич','','0000-00-00','','Российская Федерация',1,'','','','0000-00-00','','chilochi-denis@rambler.ru',1,'2013-12-22 16:26:16',0,0,1,0,0,0,0,1,0,'',0,NULL,0,NULL,1,0,1603912097,'0000-00-00'),(2444,0,'Казанцева','Наталья','Сергеевна','','0000-00-00','','Российская Федерация',1,'','','','0000-00-00','','unrealsun@yandex.ru',1,'2013-12-23 07:36:46',0,0,1,0,0,0,0,1,0,'',0,NULL,0,NULL,1,0,1559287300,'0000-00-00'),(2445,0,'Исаев','Алексей','Павлович','','0000-00-00','','Российская Федерация',1,'','','','0000-00-00','','apisaev@gmail.com',1,'2013-12-24 07:29:13',0,0,1,0,0,0,0,1,0,'',0,NULL,0,NULL,1,0,1476333220,'0000-00-00'),(2446,0,'Касимов ','Эльмир','Ришатович','','1974-06-21','M','Российская Федерация',1,'5709','527015','отделением УФМС России по Пермскому краю в городе Краснокамске','2009-12-01','590-030','elmir1kasimov@gmail.com',1,'2013-12-25 14:41:18',0,0,1,0,0,0,0,2,2,'город Шураб Исфаринского района Ленинабадской  области',495,'4669302',985,'4165530',1,0,1565525647,'0000-00-00'),(2447,0,'Васильев','Евгений','Александрович','','1990-05-02','M','Российская Федерация',1,'8710','452353','Отделом УФМС по Республике коми','2010-12-02','110-003','bambalbi98@gmail.com',1,'2013-12-28 21:15:40',58,16,1,0,0,1,0,3,1,'Воркута',88151,'63936',912,'1715014',1,0,3645021813,'0000-00-00'),(2448,0,'Курешов','Сергей','Михайлович','','0000-00-00','','Российская Федерация',1,'','','','0000-00-00','','mcdonald666@yandex.ru',1,'2013-12-30 04:44:26',0,0,1,0,0,0,0,1,0,'',0,NULL,0,NULL,1,0,1052121127,'0000-00-00'),(2449,0,'Ивашенцева','Светлана','','','0000-00-00','','Российская Федерация',1,'','','','0000-00-00','','Ivashentseva@mail.ru',1,'2013-12-30 19:04:46',0,0,1,0,0,0,0,1,0,'',0,NULL,0,NULL,1,0,1593661627,'0000-00-00'),(2450,0,'Кугаева','Вера','Владимировна','','0000-00-00','','Российская Федерация',1,'','','','0000-00-00','','kugaeva.v@mail.ru',1,'2014-01-03 16:58:30',0,0,1,0,0,0,0,1,0,'',0,NULL,0,NULL,1,0,2989486161,'0000-00-00'),(2451,0,'Бахарева','Юлия','Андреевна','','1991-10-23','F','Российская Федерация',1,'5711','794790','Отделом УФМС России по Пермскому краю в Орджоникидзевском районе города Перми','2011-11-10','590-007','bakhareva.1991@mail.ru',1,'2014-01-06 08:52:05',47,7,1,1,0,1,0,4,1,'г. Пермь',922,'3326897',965,'5699857',1,0,3648410527,'0000-00-00'),(2453,0,'Калиничев','Григорий','Анатольевич','','1987-11-04','M','Российская Федерация',1,'4107','999271','ТП № 85 Отделения УФМС по СПБ и ЛО в Бокситогорском р-не','2008-02-05','470-001','grigori18-kalin@mail.ru',1,'2014-01-10 01:37:31',47,6,1,1,0,1,0,4,4,'Гор. Каган Бухарской ССР',953,'3538099',953,'3538099',1,1,1597390788,'0000-00-00'),(2454,0,'Мищихина','Евгения','Валерьевна','','0000-00-00','','Российская Федерация',1,'','','','0000-00-00','','e.mischihina@yandex.ru',1,'2014-01-10 04:37:28',0,0,1,0,0,0,0,1,0,'',0,NULL,0,NULL,1,0,3648412536,'0000-00-00'),(2455,0,'Павлюченко','Алексей','Александрович','','0000-00-00','','Российская Федерация',1,'','','','0000-00-00','','senbonthakura@mail.ru',1,'2014-01-11 01:06:11',0,0,1,0,0,0,0,1,0,'',0,NULL,0,NULL,1,0,1603945619,'0000-00-00'),(2456,0,'Скрипальщикова','Мария','Михайловна','','0000-00-00','','Российская Федерация',1,'','','','0000-00-00','','2118593@mail.ru',1,'2014-01-12 13:03:08',0,0,1,0,0,0,0,1,0,'',0,NULL,0,NULL,1,0,630647845,'0000-00-00'),(2457,0,'Качигин','Александр','Владимирович','','0000-00-00','','Российская Федерация',1,'','','','0000-00-00','','latl2va@yandex.ru',1,'2014-01-14 05:36:50',0,0,1,0,0,0,0,1,0,'',0,NULL,0,NULL,1,0,1051257946,'0000-00-00'),(2458,0,'Лихоманова','Елена','Сергеевна','','0000-00-00','','Российская Федерация',1,'','','','0000-00-00','','Lena.lixomanova@bk.ru',1,'2014-01-14 06:46:41',0,0,1,0,0,0,0,1,0,'',0,NULL,0,NULL,1,0,3579284415,'0000-00-00'),(2459,0,'Борисова','Татьяна','','','0000-00-00','','Российская Федерация',1,'','','','0000-00-00','','borisova.tatyana@mail.ru',1,'2014-01-14 08:10:46',0,0,1,0,0,0,0,1,0,'',0,NULL,0,NULL,1,0,3253895165,'0000-00-00'),(2460,0,'Москалев ','Даниил','Андреевич','','0000-00-00','','Российская Федерация',1,'','','','0000-00-00','','79625400337@mail.ru',1,'2014-01-15 22:26:36',0,0,1,0,0,0,0,1,0,'',0,NULL,0,NULL,1,0,2989460861,'0000-00-00'),(2461,0,'Фокин','Сергей','Геннадьевич','','1992-03-22','M','Российская Федерация',1,'2911','492586','тп уфмс по калужской области','2002-01-29','400-009','s-fokin92@mail.ru',2,'2014-01-16 02:15:29',58,16,1,0,0,1,0,3,1,'с.чернышено',920,'8822024',926,'5988713',1,0,1402276142,'0000-00-00'),(2462,0,'Гумеров','Тимур','Флюрович','','1987-05-28','M','Российская Федерация',1,'4509','395966','ОТДЕЛЕНИЕ ПО РАЙОНУ ИВАНОВСКОЕ ОУФМС РОССИИ ПО ГОР. МОСКВЕ В ВАО','2007-09-28','770-050','kubinokitsune@me.com',1,'2014-01-16 13:53:23',58,16,1,0,0,1,0,3,1,'ГОР. МОСКВА',495,'6035079',925,'7379118',1,1,1336268806,'0000-00-00'),(2463,0,'Цирулькевич','Анастасия','Николаевна','','0000-00-00','','Российская Федерация',1,'','','','0000-00-00','','bubnova201341@gmail.com',1,'2014-01-17 14:47:34',0,0,1,0,0,0,0,1,0,'',0,NULL,0,NULL,1,0,1336205287,'0000-00-00'),(2464,0,'Сидоров','Алексей','Сергеевич','','0000-00-00','','Российская Федерация',1,'','','','0000-00-00','','alekseysidorov90@mail.ru',1,'2014-01-17 20:30:30',0,0,1,0,0,0,0,1,0,'',0,NULL,0,NULL,1,0,1385290928,'0000-00-00'),(2465,0,'Сидоров','Алексей','','','0000-00-00','M','Российская Федерация',1,'1710','003512','тп в городе меленки мо уфмс россии по владимирской обл в городе муроме ','1990-02-15','','alekseysidorov90@mai.ru',2,'2014-01-18 08:13:10',0,0,1,0,0,0,0,2,3,'дер.злобино меленковского района владимирской обл',8964,'5274384',8964,'5274384',1,0,1385290928,'0000-00-00'),(2466,0,'Лихоманова','Елена','Сергеевна','','1990-11-15','F','Российская Федерация',1,'1710','114463','ТП В ГОРОДЕ ПОКРОВ ОУФМС ПО ВЛАДИМИРСКОЙ ОБЛАСТИ','2010-12-14','330-011','lihomanova-elena@rambler.ru',1,'2014-01-18 14:21:34',47,9,1,1,0,1,0,4,4,'ПОС ГОРОДИЩИ ПЕТУШИНСКОГО РАЙОНА ВЛАДИМИРСКОЙ ОБЛ',985,'8360866',985,'8360866',1,0,522856961,'0000-00-00'),(2467,0,'Касимов ','Амир','Касимович','','0000-00-00','','Российская Федерация',1,'','','','0000-00-00','','paslanec@mail.ru',1,'2014-01-18 21:02:14',0,0,1,0,0,0,0,1,0,'',0,NULL,0,NULL,1,0,1506762426,'0000-00-00'),(2468,0,'Медведева','Елена','Евгеньевна','','0000-00-00','M','Российская Федерация',1,'1710','078323','МО УФМС РОССИИ ПО ВЛАДИМИРСКОЙ ОБЛАСТИ В ГОРОДЕ МУРОМЕ','2010-08-09','330-029','elenka.medvedeva.1996@mail.ru',2,'2014-01-20 00:15:16',50,19,1,1,0,1,0,3,2,'дер.Межищи Муромского района Владимирской ОБЛАСТИ',49234,'52323',920,'9205739',1,0,1385291103,'0000-00-00'),(2469,0,'Корнилова','Оксана','Владимировна','','1976-11-29','F','Российская Федерация',1,'6706','656228','Пойковским ПОМ ОВД Нефтеюганского рфйона ХМАО_Югры Тюменской области','2006-12-28','863-003','kornilova.oksana.76@mail.ru',1,'2014-01-20 05:05:05',47,6,1,1,0,1,0,3,4,'город Советск Калининградская область',982,'5610358',982,'5610358',1,0,1519897691,'0000-00-00'),(2470,0,'Мамина','Анастасия','Олеговна','','1987-05-04','F','Российская Федерация',1,'6409','737827','отд. УФМС России по Сахалинской обл. в гор. Южно-Сахалинске','2010-05-04','650-002','rainbow.nastya@mail.ru',1,'2014-01-20 06:15:12',45,12,1,1,0,1,0,3,1,'пос. Тымовское, Тымовского р-на, Сахалинской обл.',4242,'797739',962,'1018409',1,0,3648405562,'0000-00-00'),(2471,0,'Иван','Степанов','Владимирович','','0000-00-00','','Российская Федерация',1,'','','','0000-00-00','','sham.chuprianov@yandex.ru',1,'2014-01-21 02:24:27',0,0,1,0,0,0,0,1,0,'',0,NULL,0,NULL,1,0,3648413049,'0000-00-00'),(2472,0,'Якунчиков','Евгений','Николаевич','','0000-00-00','','Российская Федерация',1,'','','','0000-00-00','','IakunchikovEN@suek.ru',1,'2014-01-22 11:38:50',0,0,1,0,0,0,0,1,0,'',0,NULL,0,NULL,1,0,1539830788,'0000-00-00'),(2473,0,'Лисовой ','Дмитрий ','Владимирович','','0000-00-00','','Российская Федерация',1,'','','','0000-00-00','','driyddima@gmail.com',1,'2014-01-22 17:05:53',0,0,1,0,0,0,0,1,0,'',0,NULL,0,NULL,1,0,3641691186,'0000-00-00'),(2474,0,'Наек','Вера','Львовна','','0000-00-00','','Российская Федерация',1,'','','','0000-00-00','','naek@bk.ru',1,'2014-01-22 20:43:08',0,0,1,0,0,0,0,1,0,'',0,NULL,0,NULL,1,0,3582613404,'0000-00-00'),(2475,0,'Батенев','Ярослав','Леонидович','','0000-00-00','','Российская Федерация',1,'','','','0000-00-00','','batenevyl@mail.ru',1,'2014-01-23 14:03:00',0,0,1,0,0,0,0,1,0,'',0,NULL,0,NULL,1,0,3156269220,'0000-00-00'),(2476,0,'Козина','Екатерина ','Андреевна','','0000-00-00','','Российская Федерация',1,'','','','0000-00-00','','ykozina.catia@2014yandex.ru',1,'2014-01-24 21:54:44',0,0,1,0,0,0,0,1,0,'',0,NULL,0,NULL,1,0,1506793688,'0000-00-00'),(2477,0,'Неронов','Николай','Викторович','','0000-00-00','','Российская Федерация',1,'','','','0000-00-00','','neronov_1980@msil.ru',1,'2014-01-24 23:36:15',0,0,1,0,0,0,0,1,0,'',0,NULL,0,NULL,1,0,1541569282,'0000-00-00'),(2478,0,'Фадеев','Роман','Анатольевич','','0000-00-00','','Российская Федерация',1,'','','','0000-00-00','','romfad@dive-sphere.org',1,'2014-01-25 13:35:02',0,0,1,0,0,0,0,1,0,'',0,NULL,0,NULL,1,0,1603945688,'0000-00-00'),(2479,0,'Абдуллин','Ренат','Залифовичь','','0000-00-00','','Российская Федерация',1,'','','','0000-00-00','','renat17janvar@mail.ru',1,'2014-01-25 22:18:49',0,0,1,0,0,0,0,1,0,'',0,NULL,0,NULL,1,0,1385290831,'0000-00-00'),(2480,0,'Осипова','Любовь','Владимировна','','1988-02-08','F','Российская Федерация',1,'1908','534624','Отделением УФМС России по Вологодской области в Вологодском районе','2008-03-24','350-012','osipovalybov@yandex.ru',1,'2014-01-27 10:27:13',47,8,1,1,0,1,0,4,1,'Вологодская область, Вологодский район, пос. Лесково',8172,'779452',951,'7314998',1,0,3583684314,'0000-00-00'),(2481,0,'Быстров','Александр','Вячеславович','','0000-00-00','','Российская Федерация',1,'','','','0000-00-00','','ktorimar@yandex.ru',1,'2014-01-27 11:57:22',0,0,1,0,0,0,0,1,0,'',0,NULL,0,NULL,1,0,2953721053,'0000-00-00'),(2482,0,'Павлюченко','Ирина','Евгеньевна','','0000-00-00','','Российская Федерация',1,'','','','0000-00-00','','solnce.catpaev@rambler.ru',1,'2014-01-28 11:29:39',0,0,1,0,0,0,0,1,0,'',0,NULL,0,NULL,1,0,38471597,'0000-00-00'),(2483,0,'Евсеева','Ольга','Александровна','','1988-08-13','F','Российская Федерация',1,'7108','629151','Отдел УФМС России по Тюменской обл в Центральном АО г.Тюмени','2008-08-26','720-003','olg32513@ya.ru',1,'2014-01-28 13:36:01',45,12,1,1,0,1,0,3,3,'г.Тюмень',3452,'509582',932,'4700610',1,0,93112919,'0000-00-00'),(2484,0,'Полозов','Илья','Константинович','','0000-00-00','','Российская Федерация',1,'','','','0000-00-00','','uber84@bk.ru',1,'2014-01-29 06:18:58',0,0,1,0,0,0,0,1,0,'',0,NULL,0,NULL,1,0,3285072270,'0000-00-00'),(2485,0,'Егорова','Алла','Сергеевна','','1990-05-01','F','Российская Федерация',1,'0413','444081','ТП УФМС России по Красноярскому краю в пос. Кедровый','2013-09-28','','allo4ka990@mail.ru',1,'2014-01-30 04:29:51',0,0,1,0,0,0,0,2,1,'с.Березовая Балахтинского района Красноярского края',3912,'457385',923,'3766050',1,0,2956041746,'0000-00-00'),(2486,0,'Федоров','Александр','Петрович','','0000-00-00','','Российская Федерация',1,'','','','0000-00-00','','robin.07@bk.ru',1,'2014-01-30 13:41:13',0,0,1,0,0,0,0,1,0,'',0,NULL,0,NULL,1,0,1541121160,'0000-00-00'),(2487,0,'Петров','Илья','Владимирович','','0000-00-00','','Российская Федерация',1,'','','','0000-00-00','','sebyan_uola@mail.ru',1,'2014-01-31 00:10:37',0,0,1,0,0,0,0,1,0,'',0,NULL,0,NULL,1,0,3648405546,'0000-00-00'),(2488,0,'Костенюк','Андрей','Романович','','1990-12-05','M','Российская Федерация',1,'2910','455642','ОУФМС России по Калужской области в Боровсом районе','2002-03-21','400-007','andrey.kostenyuk@mail.ru',1,'2014-02-01 10:41:19',53,14,1,0,0,1,0,3,1,'Украина город Черновцы',48438,'22259',964,'1482895',1,0,1592960631,'0000-00-00'),(2553,0,'Перевалов','Андрей','Николаевич','','1992-10-22','M','Российская Федерация',1,'2512','750467','Отдел УФМС России по иркутской области Слюдянского района','2012-11-15','380-025','perevalov92@bk.ru',1,'2014-02-03 07:21:24',47,6,1,1,0,1,0,3,1,'г. Байкальск Слюдянский район Иркутская область',950,'1455330',950,'1455330',1,1,1572719658,'0000-00-00'),(2554,0,'Поправко','Вячеслав','Алексеевич','','0000-00-00','M','Российская Федерация',1,'1504','329968','ОВД Выгоничского района Брянской области','2004-12-27','322-007','McSlawik@mail.ru',2,'2014-02-03 23:01:53',0,0,1,0,0,0,0,2,1,'Новозыбков Брянская область',967,'6455545',967,'6455545',1,0,625913610,'0000-00-00'),(2555,0,'Котец','Ион','','','0000-00-00','','Российская Федерация',1,'','','','0000-00-00','','ma3tza@yandex.ru',1,'2014-02-04 16:57:15',0,0,1,0,0,0,0,1,0,'',0,NULL,0,NULL,1,0,2152218975,'0000-00-00'),(2556,0,'Кухаренко','Андрей','Андреевич','','0000-00-00','','Российская Федерация',1,'','','','0000-00-00','','aburtech@gmail.com',1,'2014-02-04 19:01:34',0,0,1,0,0,0,0,1,0,'',0,NULL,0,NULL,1,0,93688066,'0000-00-00'),(2557,0,'Новиков','Евгений','Юрьевич','','0000-00-00','','Российская Федерация',1,'','','','0000-00-00','','eg.ytgt@yandex.ru',1,'2014-02-05 18:21:16',0,0,1,0,0,0,0,1,0,'',0,NULL,0,NULL,1,0,2994863098,'0000-00-00'),(2558,0,'Полторанин','Андрей','Андреевич','','1989-05-16','M','Российская Федерация',1,'7309','696493','ТП УФМС России по Ульяновской обл. в Павловском р-оне','2009-09-11','730-016','chrisopras@mail.ru',1,'2014-02-07 14:31:23',45,12,1,1,0,1,0,3,1,'пос. Мирный Джамбульской обл. Казахской ССР',926,'6835480',926,'6835480',1,0,788072531,'0000-00-00'),(2559,0,'Липухин','Ростислав','Вениаминович','','0000-00-00','M','Российская Федерация',1,'4413','305132','отделом ОФМС РОССИИ ПО магаданской обл. в г. Магадане','2014-01-30','490-001','Adidascom772@gmail.com',1,'2014-02-09 00:52:50',0,0,1,0,0,0,0,2,2,'Г. Магадан',605,'412',900,'4068008',1,0,1347678002,'0000-00-00'),(2560,0,'Захарова','Дарья','Юрьевна','','1991-07-28','F','Российская Федерация',1,'6711','145709','УФМС России г.Ханты-Мансийска','2011-08-09','','rushmdarya@gmail.com',1,'2014-02-09 04:28:32',45,12,1,1,0,1,0,4,1,'Ханты-Мансийск',98250,'09176',967,'8840189',1,0,3579312574,'0000-00-00'),(2561,0,'Бушуева','Кристина','Игоревна','','1983-10-29','F','Российская Федерация',1,'6709','951754','хмао югра нижне.вартоск','2009-09-15','860-015','bushueva.1983@bk.ru',1,'2014-02-10 11:29:57',47,11,1,1,0,1,0,4,1,'актюбинск',83466,'446680',898,'2530533',1,0,93121265,'0000-00-00'),(2562,0,'Барановская','Ольга','Викторавна','','1981-02-25','F','Российская Федерация',1,'7603','850118','ОВД ЧЕРНЫШЕВСКОГО РАЙОНА  ЧИТИНСКОЙ ОБЛАСТИ','2003-06-17','752-030','OLGA.DARANOOVSKAYA2013@MAIL.RU',1,'2014-02-10 23:44:20',58,16,1,0,0,1,0,3,1,'П.БУКАЧАЧА',914,'4548645',914,'4548645',1,0,1347677545,'0000-00-00'),(2563,0,'Филина','Надежда','Васильевна','','1983-03-18','F','Российская Федерация',1,'1904','038366','ОВД г.Великий Устюг и Великоустюгского р-на Вологодской обл.','2003-10-10','','filina83@inbox.ru',2,'2014-02-11 23:49:57',58,16,1,0,0,1,0,3,1,'п.Гаражи Кичм-Городецкого р-на Вологод.обл.',911,'4452764',953,'5207940',1,0,1546258193,'0000-00-00'),(2564,0,'Касаткин','Вячеслав','Анатольевич','','0000-00-00','','Российская Федерация',1,'','','','0000-00-00','','vyach.kasatkin@yandex.ru',1,'2014-02-12 01:38:30',0,0,1,0,0,0,0,1,0,'',0,NULL,0,NULL,1,0,1402283534,'0000-00-00'),(2565,0,'Ярошенко','Денис','Владимирович','','1986-12-18','M','Российская Федерация',1,'4513','254964','отделением Уфмс России по г.Москве по району Бирюлево Заподное','2013-11-20','770-030','yaroshenkodeni@mail.ru',2,'2014-02-12 10:35:52',50,1,1,1,0,1,0,4,1,'г.Майкоп Краснодарского края',495,'3834701',926,'6345550',1,0,633222718,'0000-00-00'),(2566,0,'Широкова','Александра','Станиславовна','','0000-00-00','','Российская Федерация',1,'','','','0000-00-00','','darlingsandra@mail.ru',1,'2014-02-12 11:58:19',0,0,1,0,0,0,0,1,0,'',0,NULL,0,NULL,1,0,1402282783,'0000-00-00'),(2567,0,'Корнилова','Юлия','Валериевна','','1991-05-01','F','Российская Федерация',1,'7310','837604','МО УФМС России по Ульяновской обл. в г.Димитровграде','2011-06-28','730-005','julie.korni@gmail.com',1,'2014-02-12 14:53:09',45,12,1,1,0,1,1,4,4,'Ульяновская обл., г.Димитровград',963,'6593311',963,'6593311',1,1,2965438411,'2014-07-30'),(2568,0,'Грезова','Марджона','Аброровна ','','0000-00-00','','Российская Федерация',1,'','','','0000-00-00','','bagira.7070@mail.ru',1,'2014-02-13 12:37:30',0,0,1,0,0,0,0,1,0,'',0,NULL,0,NULL,1,0,1358413225,'0000-00-00'),(2569,0,'Анпилов','Никита ','Игоревич','','0000-00-00','','Российская Федерация',1,'','','','0000-00-00','','cristiano_madrid9@mail.ru',1,'2014-02-13 23:18:32',0,0,1,0,0,0,0,1,0,'',0,NULL,0,NULL,1,0,92984133,'0000-00-00'),(2570,0,'   Анрдросов','   Константин ','    Геннадьеевиеч  ','','0000-00-00','','Российская Федерация',1,'','','','0000-00-00','','androsov-73@inbox.ru',1,'2014-02-14 02:53:35',0,0,1,0,0,0,0,1,0,'',0,NULL,0,NULL,1,0,2991283963,'0000-00-00'),(2571,0,'Ефимов','Александр','Владимирович','','0000-00-00','','Российская Федерация',1,'','','','0000-00-00','','alexander.efimov84@gmail.com',1,'2014-02-18 15:39:17',0,0,1,0,0,0,0,1,0,'',0,NULL,0,NULL,1,0,1402275980,'0000-00-00'),(2572,0,'Исмаилов','Рахман','Рафиг Оглы','','0000-00-00','','Российская Федерация',1,'','','','0000-00-00','','fida_1296@mail.ru',1,'2014-02-18 17:30:50',0,0,1,0,0,0,0,1,0,'',0,NULL,0,NULL,1,0,1842216225,'0000-00-00'),(2573,0,'Ефимов','Александр','Владимирович','','1984-08-04','M','Российская Федерация',1,'3704','967133','УВД горда Кургана','2004-08-10','451-001','alexander.v.efimov@yandex.ru',1,'2014-02-19 06:28:44',45,12,1,1,0,1,0,4,4,'город Курган',495,'6790808',916,'6508351',1,1,1047106921,'0000-00-00'),(2574,0,'Куляк','Кирилл','Николаевич','','0000-00-00','','Российская Федерация',1,'','','','0000-00-00','','kirill1996@inbox.ru',1,'2014-02-21 15:43:08',0,0,1,0,0,0,0,1,0,'',0,NULL,0,NULL,1,0,3579281919,'0000-00-00'),(2575,0,'Сарандаев','Алексей','Николаевич','','0000-00-00','','Российская Федерация',1,'','','','0000-00-00','','alex.sat@mail.ru',1,'2014-02-21 19:09:48',0,0,1,0,0,0,0,1,0,'',0,NULL,0,NULL,1,0,1123635508,'0000-00-00'),(2576,0,'Ализаде','Эмиль','Чингиз','','0000-00-00','','Российская Федерация',1,'','','','0000-00-00','','emil93.93@mail.ru',1,'2014-02-22 13:49:51',0,0,1,0,0,0,0,1,0,'',0,NULL,0,NULL,1,0,86779775,'0000-00-00'),(2577,0,'Мельникова','Светлана','Николаевна','','0000-00-00','','Российская Федерация',1,'','','','0000-00-00','','svetikpotapenko@mail.ru',1,'2014-02-22 16:30:27',0,0,1,0,0,0,0,1,0,'',0,NULL,0,NULL,1,0,625888692,'0000-00-00'),(2578,0,'Баева','Юлия','Владимировна','','0000-00-00','','Российская Федерация',1,'','','','0000-00-00','','miss.yuia@mail.ru',1,'2014-02-23 01:58:48',0,0,1,0,0,0,0,1,0,'',0,NULL,0,NULL,1,0,1427826565,'0000-00-00'),(2579,0,'Макаров','Владислав','Викторович','','1994-07-02','M','Российская Федерация',1,'4444','444444','4444444444','2002-01-02','444-444','alkashakira@gmail.com',1,'2014-02-23 15:42:55',45,12,1,1,0,1,0,4,1,'Москва',444,'4444444',916,'1541777',1,0,2965445231,'0000-00-00'),(2580,0,'Гора ','Ирина','Викторовна','','0000-00-00','','Российская Федерация',1,'','','','0000-00-00','','gora@mail.ru',1,'2014-02-24 03:48:20',0,0,1,0,0,0,0,1,0,'',0,NULL,0,NULL,1,0,2956187630,'0000-00-00'),(2581,0,'Назаров','Азизуло','Зайналобидинович','','0000-00-00','','Российская Федерация',1,'','','','0000-00-00','','azizuloh9595@mail.ru',1,'2014-02-25 17:08:38',0,0,1,0,0,0,0,1,0,'',0,NULL,0,NULL,1,0,3641425257,'0000-00-00'),(2582,0,'Салдаева','Татьяна','Валериановна','','0000-00-00','','Российская Федерация',1,'','','','0000-00-00','','saldaeva74@mail.ru',1,'2014-02-26 01:52:27',0,0,1,0,0,0,0,1,0,'',0,NULL,0,NULL,1,0,2960998671,'0000-00-00'),(2583,0,'Кудрявцев ','Станислав','Владимирович','','0000-00-00','','Российская Федерация',1,'','','','0000-00-00','','skudryavtsev@outlook.com',1,'2014-02-26 14:43:19',0,0,1,0,0,0,0,1,0,'',0,NULL,0,NULL,1,0,1603237562,'0000-00-00'),(2584,0,'Крикунов','Александр','Валерьевич','','1985-10-28','M','Российская Федерация',1,'2505','451511','ОВД Мамско-Чуйского района','2006-06-16','387-033','sanya85krik@mail.ru',1,'2014-02-26 15:24:10',53,14,1,0,0,1,0,3,1,'Иркутская область Мамско-Чуйский район посёлок Горно-Чуйский',908,'6662965',908,'6662965',1,0,1307801404,'0000-00-00'),(2585,0,'Рогачева','Ирина','Викторовна','','0000-00-00','','Российская Федерация',1,'','','','0000-00-00','','toy774@mail.ru',1,'2014-02-26 16:04:59',0,0,1,0,0,0,0,1,0,'',0,NULL,0,NULL,1,0,1580404627,'0000-00-00'),(2586,0,'Булатов','Артем','Антонович','','0000-00-00','','Российская Федерация',1,'','','','0000-00-00','','abulatov191@mail.ru',1,'2014-02-27 09:43:05',0,0,1,0,0,0,0,1,0,'',0,NULL,0,NULL,1,0,1123635508,'0000-00-00'),(2587,0,'Зулфикаров','Александр','Шарофиддин Угли','','0000-00-00','','Российская Федерация',1,'','','','0000-00-00','','Dj_alex8.08.88@mail.ru',1,'2014-02-27 16:08:11',0,0,1,0,0,0,0,1,0,'',0,NULL,0,NULL,1,0,628019450,'0000-00-00'),(2588,0,'Азарян','Ашот','Борикович','','0000-00-00','','Российская Федерация',1,'','','','0000-00-00','','a111ot@mail.ru',1,'2014-02-28 09:59:20',0,0,1,0,0,0,0,1,0,'',0,NULL,0,NULL,1,0,1333681958,'0000-00-00'),(2589,0,'Галиев','Апдим','Анварович','','1984-01-15','M','Российская Федерация',1,'6710','073093','УФМС РОСИИ ПО ХМАО-ЮГРЕ В  ГОРОДЕ МЕГИОН','2010-10-07','860-022','paintball.86rus@mail.ru',1,'2014-02-28 20:03:37',58,16,1,0,0,1,0,4,1,'ТЮМЕНСКАЯ ОБЛАСТЬ ГОРОД  МЕГИОН',34643,'63232',912,'0883377',1,0,93061682,'0000-00-00'),(2590,0,'Подольская','Елена','Александровна','','0000-00-00','','Российская Федерация',1,'','','','0000-00-00','','lenabondar84@yandex.ru',1,'2014-03-02 12:58:41',0,0,1,0,0,0,0,1,0,'',0,NULL,0,NULL,1,0,2953789905,'0000-00-00'),(2591,0,'Нуянзин ','Сергей','','','0000-00-00','','Российская Федерация',1,'','','','0000-00-00','','jeezy94@mail.ru',1,'2014-03-02 17:30:17',0,0,1,0,0,0,0,1,0,'',0,NULL,0,NULL,1,0,1508699463,'0000-00-00'),(2592,0,'Ильин','Павел','Александрович','','0000-00-00','','Российская Федерация',1,'','','','0000-00-00','','ipstudia@mail.ru',1,'2014-03-03 00:28:36',0,0,1,0,0,0,0,1,0,'',0,NULL,0,NULL,1,0,1307054033,'0000-00-00'),(2593,0,'Швец','Анастасия','Юрьевна','','0000-00-00','','Российская Федерация',1,'','','','0000-00-00','','shviets93@list.ru',1,'2014-03-03 15:26:24',0,0,1,0,0,0,0,1,0,'',0,NULL,0,NULL,1,0,783894785,'0000-00-00'),(2594,0,'Еськова','Устина','Львовна','','0000-00-00','','Российская Федерация',1,'','','','0000-00-00','','ustinaeskova@gmail.com',1,'2014-03-07 11:55:11',0,0,1,0,0,0,0,1,0,'',0,NULL,0,NULL,1,0,3277714991,'0000-00-00'),(2595,0,'Пашинов','Алексей','Викторович','','0000-00-00','','Российская Федерация',1,'','','','0000-00-00','','gye76gye@mail.ru',1,'2014-03-08 23:56:42',0,0,1,0,0,0,0,1,0,'',0,NULL,0,NULL,1,0,1294316960,'0000-00-00'),(2596,0,'Алиева','Сабина','Гусаммеддин','','0000-00-00','','Российская Федерация',1,'','','','0000-00-00','','sabin.a@list.ru',1,'2014-03-11 15:27:46',0,0,1,0,0,0,0,1,0,'',0,NULL,0,NULL,1,0,1837048884,'0000-00-00'),(2597,0,'Кокенко ','Наталья ','Николаевна ','','0000-00-00','','Российская Федерация',1,'','','','0000-00-00','','natashasurmai@mail.ru',1,'2014-03-12 02:52:55',0,0,1,0,0,0,0,1,0,'',0,NULL,0,NULL,1,0,1042373563,'0000-00-00'),(2598,0,'Стилиду','Марика','Константиновна','','0000-00-00','','Российская Федерация',1,'','','','0000-00-00','','span4i_girl@mail.ru',1,'2014-03-17 21:38:52',0,0,1,0,0,0,0,1,0,'',0,NULL,0,NULL,1,0,628020506,'0000-00-00'),(2599,0,'Старунас','Елена','Петровна','','0000-00-00','','Российская Федерация',1,'','','','0000-00-00','','Gsv4048770@yandex.ru',1,'2014-03-18 18:50:38',0,0,1,0,0,0,0,1,0,'',0,NULL,0,NULL,1,0,1531861890,'0000-00-00'),(2600,0,'Горковенко','Светлана','Сергеевна','','1979-08-27','F','Российская Федерация',1,'0811','057313','УФМС России по Хабаровскому краю в Ульчском районе','2012-04-24','','svetok.bog.27@mail.ru',1,'2014-03-19 03:54:58',50,1,1,1,0,1,0,3,1,'Хабаровский край Ульчский район п.Циммермановка',42151,'54917',962,'6735028',1,0,1598423223,'0000-00-00'),(2601,0,'Исабаева','Снежана','Аманбековна','','1993-10-10','F','Российская Федерация',1,'8407','235661','ТП ОФМС РОССИИ ПО РЕСПУБЛИКЕ АЛТАЙ','2007-10-24','040-012','sakitova.snezhana@yandex.ru',1,'2014-03-20 07:04:07',0,0,1,0,0,0,0,2,1,'Кош-агач',22297,'22297',898,'5838758',1,0,1435441665,'0000-00-00'),(2602,0,'Варбан','Наталья','','','0000-00-00','','Российская Федерация',1,'','','','0000-00-00','','nebopomojetnam3131@mail.ru',1,'2014-03-22 10:37:53',0,0,1,0,0,0,0,1,0,'',0,NULL,0,NULL,1,0,1385290853,'0000-00-00'),(2603,0,'Шахмухаметова','Юлия','','','0000-00-00','','Российская Федерация',1,'','','','0000-00-00','','shahjulia@yandex.ru',1,'2014-03-26 07:34:05',0,0,1,0,0,0,0,1,0,'',0,NULL,0,NULL,1,0,1541869815,'0000-00-00'),(2604,0,'Травкина','Ольга','Сергеевна','','1974-04-09','F','Российская Федерация',1,'8011','418066','Отделом УФМС России по республике Башкортостан в Калининском районе гор. Уфы','2011-11-02','','simchanka@mail.ru',1,'2014-03-26 09:14:38',50,19,1,1,0,1,0,4,4,'гор. Челябинск',347,'2675571',917,'8073423',1,1,1427827123,'0000-00-00'),(2605,0,'Глейм','Анастасия','Александровна','','1977-09-09','F','Российская Федерация',1,'6402','365403','ОВД гор. Поронайска','2003-01-16','652-011','gleymaa@mail.ru',1,'2014-03-26 09:51:29',50,19,1,1,0,1,0,3,1,'с.Восток, Поронайский район, Сахалинская область',914,'6434036',914,'6434036',1,0,3165170014,'0000-00-00'),(2606,0,'Зайцев','Дмитрий','Александрович','','0000-00-00','','Российская Федерация',1,'','','','0000-00-00','','dmit.alexandrovitch@mail.ru',1,'2014-03-27 19:35:41',0,0,1,0,0,0,0,1,0,'',0,NULL,0,NULL,1,0,1841069876,'0000-00-00'),(2607,0,'Михайлова','Мария','Владимировна','','0000-00-00','','Российская Федерация',1,'','','','0000-00-00','','Mariya1805@mail.ru',1,'2014-03-28 11:48:07',0,0,1,0,0,0,0,1,0,'',0,NULL,0,NULL,1,0,3264637512,'0000-00-00'),(2609,0,'Тихомиров ','Андрей','Евгеньевич','','0000-00-00','','Российская Федерация',1,'','','','0000-00-00','','tixomirov89@yandex.ru',1,'2014-03-31 04:32:13',0,0,1,0,0,0,0,1,0,'',0,NULL,0,NULL,1,0,1383233106,'0000-00-00'),(2610,0,'Гулбеков','Расул','Миликович','','0000-00-00','','Российская Федерация',1,'','','','0000-00-00','','gulbekov96@mail.ru',1,'2014-03-31 09:21:03',0,0,1,0,0,0,0,1,0,'',0,NULL,0,NULL,1,0,1833584908,'0000-00-00'),(2611,0,'Варенко','Алексей','Борисович','','1981-07-16','M','Российская Федерация',1,'4508','923848','ПВО ОВД Отрадное г. Москвы','2010-10-21','772-054','irds.night@gmail.com',1,'2014-04-03 16:29:09',45,12,1,1,0,1,0,3,1,'Москва',499,'4090821',903,'2110383',1,0,1294558040,'0000-00-00'),(2612,0,'Андреева','Анастасия','Анатольевна','','1986-11-25','F','Российская Федерация',1,'4109','267136','те 103 УФМС России по СПб и До в Выборгском районе','2010-05-06','470-019','teterja5028@gmail.com',1,'2014-04-03 23:37:55',45,12,1,1,0,1,0,4,1,'г.Орск',981,'1680036',921,'5996102',1,0,1123635508,'2014-07-21'),(2613,0,'Куциян','Мария','Юриивна','','0000-00-00','','Российская Федерация',1,'','','','0000-00-00','','kutsiyan2000@mail.ru',1,'2014-04-04 15:36:32',0,0,1,0,0,0,0,1,0,'',0,NULL,0,NULL,1,0,1588740981,'0000-00-00'),(2614,0,'Буханов','Сергей','Викторович','','1969-10-15','M','Российская Федерация',1,'7504','119921','РУВД ЧТЗ Г.ЧЕЛЯБИНСК','2003-12-19','742-047','ser-buhanoff2009@mail.ru',2,'2014-04-04 18:11:43',0,0,1,0,0,0,0,2,1,'Г.ЧЕЛЯБИНСК',351,'733070',912,'8999429',1,0,89121353,'0000-00-00'),(2615,0,'Пешков','Алексей','Васильевич','','1981-08-15','M','Российская Федерация',1,'6508','491086','Отделом УФМС России по Свердловской области в Верх-Исетском р-не г. Екатеринбурга','2008-10-29','660-001','peshkov@gmail.com',1,'2014-04-05 11:06:34',45,12,1,1,0,1,0,4,1,'г. Свердловск',915,'4100017',915,'4100017',1,1,1607985121,'2014-07-21'),(2616,0,'Селяков','Дмитрий','Вадимович','','0000-00-00','M','Российская Федерация',1,'6410','760002','УФ МС по России сахалинской обл.город Корсаков','2011-01-15','650-006','irinka171069@mail.ru',1,'2014-04-06 04:27:22',58,16,1,0,0,1,0,3,1,'сахалинская обл.г.корсаков',0,'0',924,'4854872',1,0,1347674403,'2014-07-21'),(2617,0,'Мисюркеев','Артем','Владимирович','','0000-00-00','','Российская Федерация',1,'','','','0000-00-00','','1369.08@mail.ru',1,'2014-04-07 01:36:26',0,0,1,0,0,0,0,1,0,'',0,NULL,0,NULL,1,0,1347674168,'0000-00-00'),(2618,0,'Логинова','Екатерина','Владимировна','','0000-00-00','','Российская Федерация',1,'','','','0000-00-00','','eka8296@yandex.ru',1,'2014-04-07 11:42:17',0,0,1,0,0,0,0,1,0,'',0,NULL,0,NULL,1,0,1568209086,'0000-00-00'),(2619,0,'Маслова','Надежда','','','0000-00-00','','Российская Федерация',1,'','','','0000-00-00','','nadir-08@mail.ru',1,'2014-04-07 12:26:19',0,0,1,0,0,0,0,1,0,'',0,NULL,0,NULL,1,0,1315620043,'0000-00-00'),(2620,0,'Прохоров ','Владимир','Александрович','','1988-03-02','M','Российская Федерация',1,'4509','469586','Отделение по р-ну савеловский ОУФМС России по гор. москве','2008-09-11','770-024','prokhorov_vladimir@rambler.ru',1,'2014-04-08 13:46:13',45,12,1,1,0,1,0,4,1,'г. Москва',0,'0',903,'2213202',1,0,2965598288,'2014-07-21'),(2621,0,'Асташов','Александр','Сергеевич','','1983-08-14','M','Российская Федерация',1,'0404','967902','УВД центрального р-на г. Красноярска','2005-06-09','242-002','a-astashov@mail.ru',1,'2014-04-10 08:11:16',45,12,1,1,0,1,0,4,2,'Красноярск',391,'2270817',923,'3550135',1,0,1570762919,'2014-07-21'),(2622,0,'Рыжакова','Ирина','Александровна','','0000-00-00','','Российская Федерация',1,'','','','0000-00-00','','kameneva572@gmail.com',1,'2014-04-10 12:30:11',0,0,1,0,0,0,0,1,0,'',0,NULL,0,NULL,1,0,1427815037,'0000-00-00'),(2623,0,'Умар','Хочибоев','Нарзибекович','','0000-00-00','','',0,'','','','0000-00-00','','khojiboev@mail',0,'2014-04-12 14:16:52',0,0,1,0,0,0,0,2,0,'',0,'',0,'',0,0,2152221802,'0000-00-00'),(2624,0,'Умар','Хочибоев','Нарзибекович','','0000-00-00','','Российская Федерация',1,'','','','0000-00-00','','khojiboev@mail.ru',1,'2014-04-12 14:18:44',0,0,1,0,0,0,0,1,0,'',0,NULL,0,NULL,1,0,2152221802,'0000-00-00'),(2625,0,'Сагалаева','Дарья','Владимировна','','0000-00-00','','Российская Федерация',1,'','','','0000-00-00','','hiryanova.dasha@yandex.ru',1,'2014-04-15 08:07:52',0,0,1,0,0,0,0,1,0,'',0,NULL,0,NULL,1,0,782120636,'0000-00-00'),(2626,0,'Калачева','Татьяна','Геннадьевна','','1987-01-17','F','Российская Федерация',1,'4509','266957','ОТДЕЛЕНИЕМ ПО РАЙОНУ ЛЮБЛИНО ОУФМС РОССИИ ПО ГОР.МОСКВЕ В ЮВАО','2007-07-11','770-105','taiya@list.ru',1,'2014-04-21 12:22:20',47,7,1,1,0,1,0,3,1,'Москва',495,'3582226',926,'2876888',1,1,1542313220,'2014-07-21'),(2627,0,'Матвеева','Ольга','Сергеевна','','0000-00-00','','Российская Федерация',1,'','','','0000-00-00','','anveegresolga@ya.ru',1,'2014-04-22 14:37:18',0,0,1,0,0,0,0,1,0,'',0,NULL,0,NULL,1,0,3579284411,'0000-00-00'),(2628,0,'Абдулов','Иван','Сергеевич','','1989-06-13','M','Российская Федерация',1,'3209','701708','отделением УФМС России по кемеровской обл в кировском районе гор. Кемерово','2009-08-03','420-005','abdulov001@gmail.com',1,'2014-04-23 03:31:12',45,12,1,1,0,0,0,3,1,'с. Мордовский-белый ключ Вешкаймского района Ульяновской обл',3842,'611130',923,'4842136',1,1,2965727074,'2014-07-21'),(2629,0,'Шевченко','Роман','Николаевич','','0000-00-00','','Российская Федерация',1,'','','','0000-00-00','','shef78.78@mail.ru',1,'2014-04-23 22:57:17',0,0,1,0,0,0,0,1,0,'',0,NULL,0,NULL,1,0,3579280415,'0000-00-00'),(2630,0,'Зарипова','Аделина','Рафаиловна','','0000-00-00','','Российская Федерация',1,'','','','0000-00-00','','adelina-zaripova@list.ru',1,'2014-04-26 09:37:25',0,0,1,0,0,0,0,1,0,'',0,NULL,0,NULL,1,0,3161573576,'0000-00-00'),(2631,0,'Мансуров','Дустмурод','Ашуралиевич','','0000-00-00','','Российская Федерация',1,'','','','0000-00-00','','dustic_2121@mail.ru',1,'2014-04-27 20:54:01',0,0,1,0,0,0,0,1,0,'',0,NULL,0,NULL,1,0,2956765679,'0000-00-00'),(2632,0,'Распутин ','Андрей ','Игоревич','','0000-00-00','','Российская Федерация',1,'','','','0000-00-00','','cool.rasputin@bk.ru',1,'2014-04-28 06:04:05',0,0,1,0,0,0,0,1,0,'',0,NULL,0,NULL,1,0,1603906605,'0000-00-00'),(2633,0,'Патлатова','Елена','Федоровна','','1996-01-11','F','Российская Федерация',1,'3213','350551','отделением УФМС России по Кемеровской области в гор.Мариинске','2013-12-26','420-021','leno4kafokina@mail.ru',1,'2014-04-28 09:56:40',47,11,1,1,0,1,0,3,2,'гор.Мариинск Кемеровской обл.',83844,'58715',951,'6133882',1,0,1606301430,'0000-00-00'),(2634,0,'Панин','Дмитрий','Николаевич','','1974-02-12','M','Российская Федерация',1,'8711','527342','Отделом УФМС по РК в г. Ухте','2012-04-12','110-006','knakols@mail.ru',1,'2014-04-29 07:59:49',45,12,1,1,1,1,0,3,2,'город Инта Республика Коми',82145,'60292',912,'5020635',1,0,3160321501,'2014-07-21'),(2635,0,'Иксанова','Светлана','Шамильевна','','1991-12-09','F','Российская Федерация',1,'2511','615529','ОВД России по Иркутской области г.Тайшет','2012-02-12','','lana.iksanova.91@mail.ru',1,'2014-05-10 11:29:26',53,14,1,0,0,1,2,4,1,'гор.Чадыр-Лунга респ. Молдова',915,'1277617',915,'1277616',1,0,522739723,'2014-07-21'),(2636,0,'Губина','Оксана ','Олеговна','','1974-01-14','F','Российская Федерация',1,'0109','342954','ТП УФМС России в городе белокуриха','2010-04-15','220-004','oksana1990_20@mail.ru',1,'2014-05-18 07:46:55',58,16,1,0,0,1,0,3,1,'с.Солонешное Солонешенского р-на Алтайского края',909,'5048240',909,'5048240',1,0,522968834,'2014-07-21'),(2637,0,'Снегирева ','Алина ','Леонидовна ','','0000-00-00','','Российская Федерация',1,'','','','0000-00-00','','alinochka.4586@mail.ru',1,'2014-05-18 12:28:43',0,0,1,0,0,0,0,1,0,'',0,NULL,0,NULL,1,0,3155414818,'2014-07-30'),(2638,0,'Осипова','Людмила','Юьевна','','0000-00-00','','Российская Федерация',1,'','','','0000-00-00','','lo26021981@qmail.com',1,'2014-05-20 22:47:06',0,0,1,0,0,0,0,1,0,'',0,NULL,0,NULL,1,0,1427829126,'2014-07-30'),(2639,0,'Гумбатова','Саадат','Гейдар','','0000-00-00','','Российская Федерация',1,'','','','0000-00-00','','aysu_2006@mail.ru',1,'2014-05-21 11:37:04',0,0,1,0,0,0,0,1,0,'',0,NULL,0,NULL,1,0,1578423507,'2014-07-30'),(2640,0,'Котов','Евгений','Валерьевич','','0000-00-00','','Российская Федерация',1,'','','','0000-00-00','','jonyboy1@mail.ru',1,'2014-05-26 07:15:18',0,0,1,0,0,0,0,1,0,'',0,NULL,0,NULL,1,0,1427829170,'2014-07-30'),(2641,0,'Похилов','Константин','','','0000-00-00','','Российская Федерация',1,'','','','0000-00-00','','zavarzhin@mail.ru',1,'2014-05-27 05:23:29',0,0,1,0,0,0,0,1,0,'',0,NULL,0,NULL,1,0,1056543238,'2014-07-30'),(2642,0,'Максудбеков','Якуббек','Атхамбек Угли','','0000-00-00','','Российская Федерация',1,'','','','0000-00-00','','mr.yoqubbek@mail.ru',1,'2014-05-28 09:25:00',0,0,1,0,0,0,0,1,0,'',0,NULL,0,NULL,1,0,3588640936,'2014-07-30'),(2643,0,'Ашурова','Зиба','Рафаил Кызы','','1977-05-21','F','Российская Федерация',1,'0712','772548','отделение УФМС РОССИИ по СК в Андроповском районе','2013-07-04','','zuaz38@gmail.ru',1,'2014-05-29 17:38:36',0,0,1,0,0,0,0,2,1,'Азербайджан, город Баку',928,'3374761',928,'0093936',1,0,3263673623,'2014-07-30'),(2644,0,'Чубенко','Валентина','Сергеевна','','0000-00-00','','Российская Федерация',1,'','','','0000-00-00','','321vachubenko@mail.ru',1,'2014-05-29 20:13:07',0,0,1,0,0,0,0,1,0,'',0,NULL,0,NULL,1,0,2960539774,'2014-07-30'),(2645,0,'Лаврентьева','Дарья','Вячеславовна','','0000-00-00','','Российская Федерация',1,'','','','0000-00-00','','dasha.lavrentieva@yandex.ru',1,'2014-05-30 07:38:58',0,0,1,0,0,0,0,1,0,'',0,NULL,0,NULL,1,0,98893076,'2014-07-30'),(2646,0,'Фомин','Юрий','Геннадьевич','','1974-01-26','M','Российская Федерация',1,'4506','589267','овд Кузьмики г. Москвы','2003-08-30','772-081','fominu@gmail.com',1,'2014-06-02 09:49:42',45,12,1,0,0,1,0,3,4,'Москва',499,'1737155',965,'3050404',3,0,98892335,'2014-07-21'),(2647,0,'Серафимович','Евгения','Андреевна','','1991-04-11','F','Российская Федерация',1,'4612','921347','ОУФМС РОССИИ ПО МОСКОВСКОЙ ОБЛ. ПО ГОРОДСКОМУ ОКРУГУ ЖУКОВСКИЙ','2012-11-02','500-036','7457678_g@mail.ru',1,'2014-06-02 23:48:04',0,0,1,0,0,0,0,2,1,'ПОС. МАЛАХОВКА ЛЮБЕРЕЦКОГО Р-НА МОСКОВСКОЙ ОБЛ.',909,'9428580',909,'9428580',1,0,1542973475,'2014-07-30'),(2648,0,'Косырев','Андрей','Геннадьевич','','0000-00-00','','Российская Федерация',1,'','','','0000-00-00','','lexsus333@gmail.com',1,'2014-06-03 07:38:35',0,0,1,0,0,0,0,1,0,'',0,NULL,0,NULL,1,0,3260327229,'2014-07-30'),(2649,0,'Василькин','Денис','Петрович','','0000-00-00','M','Российская Федерация',1,'4509','151988','отделением по району отрадное оуфмс россии по гор. москве в свао','2007-06-01','','den-bass@mail.ru',1,'2014-06-06 06:55:42',45,12,1,1,0,1,0,3,4,'гор. москва',499,'2031991',926,'1484713',3,1,1347916676,'2014-07-21'),(2650,0,'Иванов','Иван','','','0000-00-00','','Российская Федерация',1,'','','','0000-00-00','','ph1@list.ru',1,'2014-06-20 11:45:47',0,0,1,0,0,0,0,1,0,'',0,NULL,0,NULL,1,0,97413671,'2014-07-30'),(2651,0,'Слепчук','Игорь','Сергеевич','','0000-00-00','','Российская Федерация',1,'','','','0000-00-00','','slepchuk@list.ru',1,'2014-06-27 04:19:07',0,0,1,0,0,0,0,1,0,'',0,NULL,0,NULL,1,0,3000463902,'2014-07-30'),(2652,0,'Стровский','Михаил','Дмитриевич','','1986-11-08','M','Российская Федерация',1,'4508','853335','ПВО ОВД Южного Бутова','2007-02-01','','Saint-Michel@yandex.ru',1,'2014-06-30 21:28:50',0,0,1,0,0,0,0,2,1,'Свердловск',499,'7432408',963,'6025039',1,1,1307085365,'2014-07-30'),(2653,0,'Гамидова','Камилла','Исмаиловна','','0000-00-00','','Российская Федерация',1,'','','','0000-00-00','','decent_92_154@mail.ru',1,'2014-07-02 05:40:41',0,0,1,0,0,0,0,1,0,'',0,NULL,0,NULL,1,0,1434725147,'2014-07-30'),(2654,0,'Эшметова','Мадина','','','0000-00-00',NULL,'Российская Федерация',1,'','','','0000-00-00','','madinka-lvica111@inbox.ru',1,'2014-07-08 14:17:44',0,0,1,0,0,0,0,1,0,'',0,NULL,0,NULL,1,0,1427829242,'2014-07-30'),(2655,0,'Плотников ','Александр ','Тимурович','','1989-02-23','M','Российская Федерация',1,'1909','614087','ОУФМС России Вологодской области в г. Вологда','2009-04-29','350-002','alexandr_plotnikov@bk.ru',1,'2014-07-08 17:31:28',45,12,1,0,1,1,0,3,2,'Узбекистан г. Ташкент',8172,'757723',911,'5299899',1,0,2959905915,'2014-07-21'),(2657,0,'Богатов','Михаил','Сергеевич','','1986-06-16','M','Российская Федерация',1,'4511','243749','Отделением УФМС России по гор. Москве по району Донской','2011-10-12','770-033','Dedal@rinet.ru',1,'2014-07-10 14:49:52',45,12,1,1,0,1,0,3,2,'город Шуя Ивановской области',499,'1232622',916,'2019307',3,0,3277576325,'2014-07-21'),(2658,0,'Блажин','Михаил','Владимирович','','1988-10-31','M','Российская Федерация',1,'4608','455311','ТП №1 в городе Раменское ОУФМС Росси по Московской области в Раменском районе','2008-12-12','500-138','demastier@gmail.com',1,'2014-07-11 07:42:54',45,12,1,1,1,1,1,4,2,'г.Раменское Московской области',49646,'33797',915,'3096866',1,0,1572454470,'0000-00-00'),(2660,0,'Никулин ','Александр','Николаевич','','1986-04-01','M','Российская Федерация',1,'0409','831615','отделом УФМС России по Красноярскому краю в гор . Норильске','2010-03-12','240-015','nikulin@mail.ru',1,'2014-07-11 19:03:27',53,14,1,0,0,1,0,3,1,'красноярский край.п курагино',913,'5060540',913,'5060540',1,0,3579280551,'2014-07-21'),(2661,0,'Костюшин','Юрий','Юрьевич','','0000-00-00',NULL,'Российская Федерация',1,'','','','0000-00-00','','Aryu90@mail.ru',1,'2014-07-11 19:36:44',0,0,1,0,0,0,0,1,0,'',0,NULL,0,NULL,1,0,628019746,'2014-07-30'),(2662,0,'Тологонова','Бурул','Токтогуловна','','0000-00-00',NULL,'Российская Федерация',1,'','','','0000-00-00','','burul.tologonova.89@mail.ru',1,'2014-07-11 22:48:36',0,0,1,0,0,0,0,1,0,'',0,NULL,0,NULL,1,0,1588863825,'2014-07-30'),(2663,0,'Роде','Елена','Владимировна','','1994-04-04','F','Российская Федерация',1,'7513','421181','Отделом УФМС РОССИИ ПО ЧЕЛЯБИНСКОЙ ОБЛАСТИ В КАЛИНИНСКОМ РАЙОНЕ ГОР. ЧЕЛЯБИНСКА','2002-04-15','740-052','rode.elena2011@yandex.ru',1,'2014-07-12 11:33:39',50,1,1,1,0,1,0,3,2,'г. Челябинск',351,'7426678',951,'4440532',1,0,1402282867,'2014-07-21'),(2665,0,'Певень','Павел','Николаевич','','0000-00-00',NULL,'Российская Федерация',1,'','','','0000-00-00','','pavel4an@hotmail.com',1,'2014-07-13 10:23:39',0,0,1,0,0,0,0,1,0,'',0,NULL,0,NULL,1,0,2994283793,'0000-00-00'),(2666,0,'Фетисов ','Валерий ','Валерьевич ','','1993-06-10','M','Российская Федерация',1,'4513','493836','Уфмс России по городу  Москве району митино ','2014-02-11','770-093','Valeron-93@mail.ru',2,'2014-07-14 03:42:57',53,14,1,0,0,1,0,4,3,'Москва',495,'7942249',925,'4231402',1,0,1402276042,'0000-00-00'),(2667,0,'Фетисов ','Валерий ','Валерьевич','','1993-06-10','M','Российская Федерация',1,'4513','493836','УФМС РОССИИ по гор. Москвы района Митино','2002-02-11','077-093','lelik9616656@mail.ru',2,'2014-07-14 08:29:27',53,14,1,0,0,1,1,4,3,'Москва',499,'7942249',925,'4231402',3,0,1604703158,'0000-00-00'),(2668,0,'Абышов','Родион','Яшар Оглы','','1989-11-18','M','Российская Федерация',1,'4510','692068','Москва ОУФМС Покровское-Стрешнево','2010-03-18','770-094','abyshovr@yandex.ru',1,'2014-07-14 12:48:46',45,12,1,1,0,0,0,3,1,'Москва',929,'5708478',929,'5708478',3,0,784079884,'2014-07-21'),(2669,0,'Бондарева','Дарья','Александровна','','1995-03-24','M','Российская Федерация',1,'0309','226517','ОТДЕЛОМ УФМС РОССИИ ПО КРАСНОДАРСКОМУ КРАЮ В ТИМАШЕВСКОМ РАЙОНЕ','2009-07-30','230-053','bondarewa.darja2015@yandex.ru',1,'2014-07-15 13:25:33',45,12,1,1,0,1,0,3,1,'С.АЛФЕРОВКА НОВОХОПЕРСКОГО Р-НА ВОРОНЕЖСКОЙ ОБЛ.',988,'4703936',988,'4872866',1,0,625897697,'2014-07-21'),(2670,0,'Сыченко ','Анна','Ивановна','','0000-00-00',NULL,'Российская Федерация',1,'','','','0000-00-00','','anna_litvinova_91@mail.ru',1,'2014-07-16 10:18:04',0,0,1,0,0,0,0,1,0,'',0,NULL,0,NULL,1,0,1359303146,'2014-07-30'),(2671,0,'Лощагин','Алексей ','','','0000-00-00',NULL,'Российская Федерация',1,'','','','0000-00-00','','ale4620@yandex.ru',1,'2014-07-16 12:06:39',0,0,1,0,0,0,0,1,0,'',0,NULL,0,NULL,1,0,1474470139,'2014-07-30'),(2672,0,'Горьков ','Владимир','Владимирович','','0000-00-00',NULL,'Российская Федерация',1,'','','','0000-00-00','','first.oxe@gmail.com',1,'2014-07-17 12:59:36',0,0,1,0,0,0,0,1,0,'',0,NULL,0,NULL,1,0,774256871,'2014-07-30'),(2675,0,'Куликов','Николай','Львович','','1983-10-17','M','Российская Федерация',1,'4606','433826','ОВД Чеховского района Московской области','2004-10-29','502-029','kulikov.nikola@mail.ru',1,'2014-07-18 09:44:54',47,6,1,1,0,1,0,4,2,'с. Крюково',496,'7264714',926,'8389268',1,0,3255316463,'0000-00-00'),(2676,0,'Куликов','Виталий','Львович','','1989-03-24','M','Российская Федерация',1,'4608','598697','Отделом УФМС России по Московской области в Чеховском районе','2009-03-31','500-173','Whiteniger150@yandex.ru',1,'2014-07-18 10:09:20',47,6,1,1,0,1,0,4,2,'пос. Крюково',916,'9339563',968,'4187058',1,0,3255316463,'0000-00-00'),(2677,0,'Певень','Павел','Николаевич','','1987-03-07','M','Республика Беларусь',1,'HB','2457876','Центральный РОВД ,Республика Беларусь,г.Гомель','2012-04-03','','tiuliti1@hotmail.com',1,'2014-07-18 10:30:20',45,12,1,1,0,0,1,4,2,'Республика Беларусь , г.Гомель',232,'700118',926,'0516067',5,0,2997650970,'2014-07-21'),(2678,0,'Иноятов','Халим','Хидоятович','','1983-07-15','M','Узбекистан',1,'CP','1611878','Жондор туман ИИБ','2008-07-30','','ihalim@ya.ru',1,'2014-07-20 17:05:07',45,12,1,1,0,1,0,3,1,'Жондор тумани',99890,'7180001',890,'7180001',5,0,3588641237,'2014-07-21'),(2679,0,'Изотов','Дмитрий','Сергеевич','','0000-00-00',NULL,'Российская Федерация',1,'','','','0000-00-00','','dmitry_izotov@bk.ru',1,'2014-07-21 05:19:22',0,0,1,0,0,0,0,1,0,'',0,NULL,0,NULL,1,0,1307645574,'2014-07-30'),(2680,0,'Семенова','Анна','Андреевна','','0000-00-00','F','Российская Федерация',1,'1111','111111','11111','2011-11-01','','Anka00001@yandex.ru',1,'2014-07-22 18:14:39',50,19,1,1,1,1,0,4,2,'11111',495,'3952070',903,'2860328',3,0,2152258115,'2014-07-23'),(2681,0,'Калиев','Бауржан','','','0000-00-00',NULL,'Российская Федерация',1,'','','','0000-00-00','','bkalyev@rambler.ru',1,'2014-07-23 03:29:48',0,0,1,0,0,0,0,1,0,'',0,NULL,0,NULL,1,0,1507474941,'2014-07-30'),(2682,0,'Коршунов','Эдуард','Петрович','','1972-10-12','M','Российская Федерация',1,'6102','743652','Железнодорожным РОВД г. Рязани','2003-01-14','622-028','korshunov_12@mail.ru',1,'2014-07-23 06:34:00',53,14,1,0,0,1,0,3,2,'Рязань',4912,'247981',903,'8390062',1,0,3282149957,'2014-07-23'),(2683,0,'Хусаинова','Диана','Шайкемеловна','','1986-09-30','F','Казахстан',1,'уд.л','030931642','МЮ РК','2011-01-25','','husainova_diana@mail.ru',1,'2014-07-23 08:36:04',0,0,1,0,0,0,0,2,4,'Казахстан',702,'5553852',702,'5553852',1,1,2992277662,NULL),(2684,0,'Мальская','Ольга','Борисовна','','0000-00-00',NULL,'Российская Федерация',1,'','','','0000-00-00','','89241463432@mail.ru',1,'2014-07-24 23:31:12',0,0,1,0,0,0,0,1,0,'',0,NULL,0,NULL,1,0,622680107,'2014-07-30'),(2685,0,'Козулько','Мария','Андреевна','','0000-00-00',NULL,'Российская Федерация',1,'','','','0000-00-00','','kozulko93@mail.ru',1,'2014-07-25 09:14:57',0,0,1,0,0,0,0,1,0,'',0,NULL,0,NULL,1,0,1427814338,'2014-07-30'),(2686,0,'Соловьева','Алина','Сергеевна','','1988-02-29','F','Российская Федерация',1,'4608','172591','тп№1в гор. Люберцы ОУФМС России по московской обл. в люберецком р-не','2008-04-11','500-073','starg2006@yandex.ru',1,'2014-07-25 13:24:24',50,19,1,1,0,1,0,4,1,'Моск. обл., люберецкий р-н, п. Томилино',926,'2716573',926,'2716573',1,0,1842251745,'2014-07-28'),(2687,0,'Аскаров','Музаффар','Кобилжон Угли','','1980-10-20','M','Узбекистан',1,'СТ','2679551','2-отделение милиции г. Андижан','2011-09-07','','masqa2005@mail.ru',2,'2014-07-25 15:04:54',45,12,1,0,0,1,0,3,4,'г. Андижан',929,'6017660',926,'8461810',3,1,3162239449,'2014-07-28'),(2688,0,'Бобаренко','Елена','Викторовна','','1967-02-17','F','Российская Федерация',1,'0914','195421','федеральной миграционной службой','2014-06-24','','alena_vladik_2010@mail.ru',1,'2014-07-26 09:02:05',45,12,1,1,0,0,0,4,4,'Симферополь Крымской области',652,'600373',99,'7246015',1,0,3267073761,'2014-07-28'),(2689,0,'Коробейникова','Галина','Сергеевна','','1992-12-31','F','Российская Федерация',1,'6312','877929','Отдел УФМС Росии по Саратовской области в Кировском районе города Саратова','2013-03-16','640-003','Eyyy92@mail.ru',1,'2014-07-26 09:49:11',0,0,1,0,0,0,0,2,1,'город Ейск',861,'3271182',915,'1510246',1,0,772826292,'2014-07-30'),(2690,0,'Чулкова','Оксана','Сергеевна','','0000-00-00',NULL,'Российская Федерация',1,'','','','0000-00-00','','opodluboshnikova@yandex.ru',1,'2014-07-26 16:44:54',0,0,1,0,0,0,0,1,0,'',0,NULL,0,NULL,1,0,3579280505,'2014-07-30'),(2691,0,'Сазыкин','Сергей','Александрович','','0000-00-00','M','Российская Федерация',1,'1804','476043','Ленинским РОВД','2004-12-15','','jane2802@yandex.ru',1,'2014-07-26 19:17:10',53,14,1,1,0,1,0,4,1,'Ленинский р-он',495,'4564578',925,'8094661',1,0,3170166022,'2014-07-28'),(2692,0,'Захарченко','Александр','Васильевич','','0000-00-00',NULL,'Российская Федерация',1,'','','','0000-00-00','','AlexanderZakharchenko@yandex.ru',1,'2014-07-27 02:43:18',0,0,1,0,0,0,0,1,0,'',0,NULL,0,NULL,1,0,3169354788,'2014-07-30'),(2693,0,'Жуков','Кирилл','Вениаминович','','0000-00-00',NULL,'Российская Федерация',1,'','','','0000-00-00','','mosnalog00@mail.ru',1,'2014-07-27 09:33:54',0,0,1,0,0,0,0,1,0,'',0,NULL,0,NULL,1,0,3259206718,'2014-07-30'),(2694,0,'Вильгелм','Ярослав','','','0000-00-00',NULL,'Российская Федерация',1,'','','','0000-00-00','','jaroslawwilhelm@web.de',1,'2014-07-27 12:10:31',0,0,1,0,0,0,0,1,0,'',0,NULL,0,NULL,1,0,1607521031,'2014-07-30'),(2695,0,'Лаздовский','Евгений','Генрихович','','0000-00-00',NULL,'Российская Федерация',1,'','','','0000-00-00','','angela969@mail.ru',1,'2014-07-28 17:29:14',0,0,1,0,0,0,0,1,0,'',0,NULL,0,NULL,1,0,2994341268,'2014-07-30'),(2696,0,'Умурбеков ','Серик','Дамиханович','','0000-00-00',NULL,'Российская Федерация',1,'','','','0000-00-00','','mi3025@mail.ru',1,'2014-07-29 05:36:50',0,0,1,0,0,0,0,1,0,'',0,NULL,0,NULL,1,0,3164743854,'2014-07-30'),(2697,0,'Вввв','Вввв','','','0000-00-00',NULL,'Российская Федерация',1,'7777','111111','','0000-00-00','','wwww@wwww.ru',1,'2014-07-29 06:12:33',0,0,1,0,0,0,0,1,0,'',0,NULL,0,NULL,1,0,3277563850,NULL),(2698,0,'Мылова','Марина','Николаевна','','1983-07-16','F','Российская Федерация',1,'9711','923307','Отделом УФМС России по Чувашской республике в калининском районе г.Чебоксары','2011-11-21','210-024','marinna222222@mail.ru',1,'2014-07-29 18:51:36',58,16,1,0,0,1,0,3,1,'гор.Чебоксары',915,'1034533',915,'1034533',1,0,3579336322,'2014-07-30'),(2699,0,'Сук','Ярослав ','Сергеевич','','1995-11-21','M','Российская Федерация',1,'6609','507661','МО УФМС России по Смоленской области в городе Гагарин','2009-12-03','670-007','varfolomeevaox@mail.ru',1,'2014-07-30 11:31:02',53,14,0,1,0,0,1,4,0,'гор. Гагарин Смоленской обл.',0,NULL,985,'2499974',1,0,3575151963,'2014-07-31'),(2700,0,'Крестов','Андрей','Игоревич','','1989-05-22','M','Российская Федерация',1,'2808','949292','УФМС РОССИИ по тверской области в кимрском районе','2009-06-19','690-017','krestovandrey@mail.ru',1,'2014-07-30 20:20:31',45,12,1,1,0,0,2,4,1,'Тверская область, город Кимры',904,'0045462',904,'0045262',1,0,1844988116,'2014-07-31'),(2701,0,'Ширшова','Светлана ','Евгеньевна','','0000-00-00',NULL,'Российская Федерация',1,'','','','0000-00-00','','svetik7cvetik@inbox.ru',1,'2014-07-31 09:41:10',0,0,1,0,0,0,0,1,0,'',0,NULL,0,NULL,1,0,1539777040,'2014-08-01'),(2702,0,'Ермачков','Александр','Андреевич','','1992-04-28','M','Российская Федерация',1,'4611','672030','ТП №2 ОУФМС России по Московской обл. по городскому округу Домодедово','2012-05-11','500-025','ermachkova-m@rambler.ru',1,'2014-08-01 15:51:07',47,7,1,0,0,1,0,4,2,'посёлок Востряково Домодедовского района Московской области',985,'1263185',985,'1263185',1,0,3162383737,'2014-08-04'),(2703,0,'Данько','Антон','Юрьевич','','1986-05-26','M','Российская Федерация',1,'4005','919124','80 о/м колпинского р-на','2006-06-23','','antoxa22@mega-mozg.ru',2,'2014-08-02 20:48:10',45,12,1,1,0,1,0,3,1,'ленинград',812,'4608468',951,'6491106',1,0,85111902,'2014-08-04'),(2704,0,'Григоренко','Константин','Юрьевич','','1994-11-22','M','Российская Федерация',1,'0310','590067','ОФМС России по Краснодарскому краю в Выселковском райне','2010-12-09','230-031','evgeni_grig@mail.ru',1,'2014-08-03 09:34:29',45,12,1,1,0,1,0,3,1,'ст. Выселки Выселковского района',86157,'77241',918,'0819514',1,0,1385287824,'2014-08-04'),(2705,0,'Миришов','Эльнур','Габил Оглы','','0000-00-00',NULL,'Российская Федерация',1,'','','','0000-00-00','','cratos.eldar@yandex.ru',1,'2014-08-04 12:57:07',0,0,1,0,0,0,0,1,0,'',0,NULL,0,NULL,1,0,1360681655,'2014-08-05'),(2706,0,'Козулько','Мария ','Андреевна','','1993-09-23','F','Российская Федерация',1,'0313','413119','ОУФМС по Краснодарскому краю в городе Армавире','2013-10-02','230-015','m@zxo.ru',1,'2014-08-05 06:47:37',53,14,1,0,0,1,0,4,4,'пос. Палатка Хасынского р-на Магаданской обл.',918,'1948998',918,'1948998',1,0,3103989819,'2014-08-05'),(2707,0,'Горланов','Андрей','Александрович','','0000-00-00',NULL,'Российская Федерация',1,'','','','0000-00-00','','gorlanov-andrei@mail.ru',1,'2014-08-07 09:32:04',0,0,1,0,0,0,0,1,0,'',0,NULL,0,NULL,1,0,2870606674,'2014-08-08'),(2708,0,'Кутузов','Борис','Константинович','','0000-00-00',NULL,'Российская Федерация',1,'','','','0000-00-00','','barycruzer@yandex.ru1',1,'2014-08-07 16:11:39',0,0,1,0,0,0,0,1,0,'',0,NULL,0,NULL,1,0,1565554010,'2014-08-08'),(2709,0,'Кулько','Сергей','Александрович','','1987-05-06','M','Российская Федерация',1,'8706','224186','ОУФМС России по Рк в г. Усинске','2007-07-11','110-018','umn-blondinka@mail.ru',1,'2014-08-08 16:34:13',53,14,1,1,0,1,1,4,1,'Усинск',0,'0000',912,'9567100',1,0,2960141609,'2014-08-11'),(2710,0,'Горетов','Александр','Владимирович','','1969-04-13','M','Российская Федерация',1,'4514','582533','отделом УФМС РФ по г.Москве по р-ну Нагатинский Затон','2014-05-08','770-036','GAV7070@yandex.ru',1,'2014-08-11 06:23:04',0,0,1,0,0,0,0,2,4,'г.Москва',499,'6177070',916,'0562250',1,1,1559475971,'2014-08-11'),(2711,0,'Автушков','Михаил','Сергеевич','','0000-00-00',NULL,'Российская Федерация',1,'','','','0000-00-00','','liza20062007@rambler.ru',1,'2014-08-11 12:51:35',0,0,1,0,0,0,0,1,0,'',0,NULL,0,NULL,1,0,3267235962,'2014-08-12'),(2712,0,'Шумилов','Андрей','Александрович','','1988-12-03','M','Российская Федерация',1,'3409','950149','ОУФМС в Фабричном окр. г.Костромы','2009-07-15','','andrey_kdd44@mail.ru',1,'2014-08-11 17:04:29',53,14,1,0,0,1,0,3,2,'г.Кострома',4942,'336633',929,'5030422',1,0,1045312830,'2014-08-12'),(2713,0,'Литинский','Павел','Александрович','','0000-00-00',NULL,'Российская Федерация',1,'','','','0000-00-00','','pavel.litinskiy@gmail.com',1,'2014-08-12 21:36:32',0,0,1,0,0,0,0,1,0,'',0,NULL,0,NULL,1,0,3002882155,'2014-08-13'),(2714,0,'Капет','Александр','Юрьевич','','0000-00-00',NULL,'Российская Федерация',1,'','','','0000-00-00','','aukapet@gmail.com',1,'2014-08-13 10:17:42',0,0,1,0,0,0,0,1,0,'',0,NULL,0,NULL,1,0,3652010342,'2014-08-14'),(2715,0,'Кочанова','Татьяна','Владимировна','','2014-08-10','F','Российская Федерация',1,'7002','628963','Товарковским отделением милиции Богородицкого РОВД Тульской области','2014-08-22','713-004','freya3355@yandex.ru',1,'2014-08-13 18:29:49',50,1,1,1,1,1,2,3,2,'П.Товарковский ,г. Богородицка Тульской области',925,'0242053',925,'0808831',1,0,1593643929,'2014-08-14'),(2716,0,'Устинова','Анастасия','Владимировна','','0000-00-00',NULL,'Российская Федерация',1,'','','','0000-00-00','','nastja_lolo@mail.ru',1,'2014-08-14 10:36:50',0,0,1,0,0,0,0,1,0,'',0,NULL,0,NULL,1,0,630315964,'2014-08-15'),(2717,0,'Макеев','Андрей','Владимирович','','1984-04-09','M','Российская Федерация',1,'4508','473853','ОВД \"Чертаново Южное\" г. Москвы','2006-04-12','772-022','makeevandrejj@gmail.com',1,'2014-08-14 14:42:13',45,12,1,1,0,1,1,4,2,'г. Москва',495,'5486061',968,'4201392',3,0,3269593126,'2014-08-15'),(2718,0,'Иванов','Иван','Иванович','','0000-00-00',NULL,'Российская Федерация',1,'','','','0000-00-00','','ivanov@test_dla_sled_scaga.ru',1,'2014-08-14 17:42:50',0,0,1,0,0,0,0,1,0,'',0,NULL,0,NULL,1,0,1595810201,'2014-08-15'),(2719,0,'Емец','Юрий','Владимирович','','1974-07-08','M','Российская Федерация',1,'1704','122646','УВД г.Гусь-Хрустальный','2003-03-24','332-007','uri3570@yandex.ru',2,'2014-08-15 13:59:11',45,12,1,1,0,1,0,4,2,'ТССР пос.фирюза Ашхабадского района',915,'7911868',919,'1047253',1,0,2997301771,'2014-08-18'),(2720,0,'Ковалев','Денис','Викторович','','0000-00-00',NULL,'Российская Федерация',1,'','','','0000-00-00','','cool.denking@yandex.ru',1,'2014-08-16 15:46:54',0,0,1,0,0,0,0,1,0,'',0,NULL,0,NULL,1,0,625992977,'2014-08-18'),(2721,0,'Кошкина','Екатерина','Юрьевна','','1985-09-02','F','Российская Федерация',1,'7005','731453','Одоевским РОВД Тульской области','2005-09-30','712-022','koshkinaey@yandex.ru',2,'2014-08-16 20:08:33',47,7,1,1,0,1,1,4,1,'Одоев',903,'5881747',903,'5881747',1,0,3255792665,'2014-08-18'),(2722,0,'Иванов ','Иван','','','0000-00-00',NULL,'Российская Федерация',1,'','','','0000-00-00','','ivanivanic@s_rossii_rodom.com',1,'2014-08-18 07:38:16',0,0,1,0,0,0,0,1,0,'',0,NULL,0,NULL,1,0,1595810201,NULL),(2723,0,'Поляков','Семен','','','1987-04-24','M','Российская Федерация',1,'4608','733838','ТП в гор. Черноголовке ОУФМС России по МО','2010-03-09','','dik_off@mail.ru',1,'2014-08-19 07:34:40',45,12,1,1,0,1,0,3,1,'г. Черноголовка',49652,'23463',905,'7666548',1,0,1441509514,'2014-08-19'),(2724,0,'Спиридонов','Александр','Александрович','','1993-02-28','M','Российская Федерация',1,'4513','442829','Отделением УФМС России по гор.Москве по району Ховрино','2014-01-13','770-027','spiritus1937@gmail.com',1,'2014-08-21 11:15:05',45,12,1,1,0,0,1,4,0,'гор. Тверь',0,NULL,965,'4054719',3,0,1595912365,'2014-08-22'),(2725,0,'Котович','Максим','Андреевич','','1990-03-29','M','Российская Федерация',1,'4510','694419','Отделением по району Выхино ОУФМС России по г.Москве','2010-05-20','770-100','maxkotovich@yandex.ru',1,'2014-08-22 08:02:50',45,12,1,1,0,1,0,3,4,'г.Москва',495,'3726225',915,'3823783',3,1,2965441252,'2014-08-22'),(2726,0,'Лавров ','Владимир','Андреевич','','1987-11-03','M','Российская Федерация',1,'4509','552377','отд.по району вешняки ОУФМС России по гор. Москве','2008-03-25','770-046','lavr777888@list.ru',1,'2014-08-22 09:30:48',53,14,1,0,1,1,1,4,2,'г. Осинники Кемеровской обл.',909,'9696370',909,'9696370',3,0,1408096091,'2014-08-22'),(2727,0,'Краснова','Анна','Андреевна','','0000-00-00',NULL,'Российская Федерация',1,'','','','0000-00-00','','Annarossi95@icloud.com',1,'2014-08-22 18:53:36',0,0,1,0,0,0,0,1,0,'',0,NULL,0,NULL,1,0,1603910340,'2014-08-25'),(2728,0,'Дурдыева','Гозель','Курбангельдиевна','','1979-09-25','F','Российская Федерация',1,'4607','554758','ОВД Луховицкого района МО','2006-12-27','502-011','guzelka.79@mail.ru',1,'2014-08-26 05:12:51',50,2,1,1,0,1,1,4,1,'г. Чарджоу, Туркменистан',926,'7074767',926,'7074767',3,0,1602466674,'2014-08-26'),(2729,0,'Стрижак','Константин','','','1976-03-28','M','Российская Федерация',1,'5301','677115','Новоорским ОВД Оренбургской области','2002-03-06','','strizhakkos@mail.ru',1,'2014-08-26 11:56:02',0,0,1,0,0,0,0,2,1,'п.Новоорск Оренбургской области',3537,'223619',912,'8410729',1,1,1598549483,'2014-08-27'),(2730,0,'Моторный','Дмитрий','Александрович','','1975-07-21','M','Российская Федерация',1,'4500','215010','ОВД Чертаново-Центральное г.Москвы','0200-08-30','772-014','d.motor@gmail.com',1,'2014-08-28 07:16:46',53,14,1,0,1,1,2,4,2,'г.Москва',495,'3148546',916,'6770893',3,0,1531948688,'2014-08-28'),(2731,0,'Аушев','Александр','Сергеевич','','1993-12-10','M','Российская Федерация',1,'4613','359385','О-НИЕМ по городскому округу Красноармейск','2014-03-25','','ausheva.ksenia@yandex.ru',1,'2014-08-28 09:26:04',45,12,1,1,0,1,0,3,1,'Обнинск',496,'35147',926,'6358191',1,0,1402276193,'2014-08-29'),(2732,0,'Дрейлихман','Сергей','Александрович','','0000-00-00',NULL,'Российская Федерация',1,'','','','0000-00-00','','train12005@yandex.ru',1,'2014-08-28 19:48:45',0,0,1,0,0,0,0,1,0,'',0,NULL,0,NULL,1,0,1580049449,'2014-08-29'),(2733,0,'Кузнецова','Наталья','Сергеевна','','0000-00-00',NULL,'Российская Федерация',1,'','','','0000-00-00','','kns27@rambler.ru',1,'2014-08-28 22:01:35',0,0,1,0,0,0,0,1,0,'',0,NULL,0,NULL,1,0,1531766508,'2014-08-29'),(2734,0,'Кайрис','Ирина','Александровна','','1989-02-16','F','Российская Федерация',1,'4613','289695','ТП № 2 МЕЖРАЙОННОГО ОУФМС РОССИИ ПО МО В ГОРОДСКОМ ОКРУГЕ ПОДОЛЬСК','2013-10-08','500-121','irishka_007@list.ru',1,'2014-08-29 12:26:27',50,22,1,1,0,1,0,4,1,'г. Подольск',909,'6227186',909,'6227186',1,0,1834880294,'2014-09-01'),(2735,0,'Кутузов','Борис','Константинович','','1980-11-12','M','Российская Федерация',1,'4506','460921','ПС №1 ОВД Бибирево','2003-11-21','772-089','barycruzer@yandex.ru',2,'2014-08-29 12:54:04',45,12,1,0,0,1,1,4,1,'г Москва',499,'9091089',905,'7083785',3,0,2152247639,'2014-09-11'),(2736,0,'Слепчук','Игорь','Сергеевич','','2014-02-12','M','Российская Федерация',1,'4312','844836','тп № 2 оуфмс россии ро мос обл  ро наро-фоминскому р-ну','2012-06-19','500-092','goorillazz56@gmail.com',1,'2014-08-29 15:20:53',45,12,1,1,0,0,0,4,1,'г житомир',0,'00000000',905,'4108844',3,0,3000463902,NULL),(2737,0,'Иванов','Даниил','Александрович','','1990-01-05','M','Российская Федерация',1,'5409','147094','отделением УФМС России по Орловской области в Советском р-не города Орла','2010-04-09','570-003','snoik@yandex.ru',1,'2014-08-30 07:06:32',50,19,1,1,0,0,0,4,0,'гор. Ленск Ленского р-на ЯАССР',0,NULL,920,'0829910',1,0,1832747593,'2014-09-01'),(2738,0,'Шарыпова','Виктория','Федоровна','','1970-05-03','F','Российская Федерация',1,'6702','588066','Нижнесортымским ПОМ Лянторского ГОВД','2002-04-23','863-021','sharypova.vf@gmail.com',1,'2014-08-30 07:06:50',45,12,1,1,0,0,1,4,4,'пос. Тетюхе Приморского края',34638,'72968',922,'7655532',1,1,86884461,'2014-09-01'),(2739,0,'Алексеева','Анастасия','','','0000-00-00',NULL,'Российская Федерация',1,'','','','0000-00-00','','alekseyevaan@gmail.com',1,'2014-09-01 11:21:14',0,0,1,0,0,0,0,1,0,'',0,NULL,0,NULL,1,0,1540299081,'2014-09-02'),(2740,0,'Баскаков','Александр','Муратович','','1986-11-17','M','Российская Федерация',1,'1408','915931','Отделением №1 МО УФМС РОССИИ по Белгородской области в городе АЛЕКСЕЕВКА','2008-11-06','310-008','baskakoff86@yandex.ru',1,'2014-09-02 06:37:08',0,0,1,0,0,0,0,2,3,'гор. ГРОЗНЫЙ ЧИАССР',906,'7063866',915,'1534847',1,0,1599383570,'2014-09-02'),(2741,0,'Костенко','Ксения','Александровна','','1996-05-06','F','Российская Федерация',1,'2909','394047','отделом УФМС России по Калужской области в Ленинском округе города Калуги','2010-05-14','400-001','kostenko.ksenia@rambler.ru',1,'2014-09-02 08:38:58',50,1,1,1,1,0,1,4,2,'гор. Вольногорск Днепропетровская обл. Украина',910,'6023519',910,'7057313',1,0,3262267005,'2014-09-02'),(2742,0,'Тюкавкин ','Максим','Сергеевич','','0000-00-00',NULL,'Российская Федерация',1,'','','','0000-00-00','','xxx-makc@mail.ru',1,'2014-09-02 10:33:25',0,0,1,0,0,0,0,1,0,'',0,NULL,0,NULL,1,0,1597683364,'2014-09-03'),(2743,0,'Фастюк','Анастасия','Игоревна','','1993-01-04','F','Российская Федерация',1,'4512','956768','Отделением УФМС России по гор.Москве по району Войковский','2013-01-17','770-016','fai@ingprofi.ru',1,'2014-09-02 13:07:10',50,19,1,1,1,1,0,4,2,'г. Москва',925,'8042745',926,'4655882',3,0,3279961662,'2014-09-03'),(2744,0,'Марусевич','Александр','Сергеевич','','0000-00-00','M','Российская Федерация',1,'8608','908417','отделением УФМС России по республике Карелия в городе Костомукша','2008-09-02','100-007','sasaapex@rambler.ru',1,'2014-09-04 05:52:32',47,7,1,1,0,1,0,4,3,'ГОРОД кОСТОМУКША Карельской АССР',8921,'4593572',909,'5725100',1,0,1310996306,'2014-09-04'),(2745,0,'Дермановский','Дмитрий','Владимирович','','0000-00-00','','',0,'','','','0000-00-00','','fxdmitriy@gmail.com',0,'2014-09-04 07:53:58',0,0,1,0,0,0,0,3,0,'',0,'',0,'',0,0,1592240722,'2014-09-04'),(2746,0,'Окороков','Вячеслав','Вячеславович','','0000-00-00',NULL,'Российская Федерация',1,'','','','0000-00-00','','tehnar1988@mail.ru',1,'2014-09-05 09:42:28',0,0,1,0,0,0,0,1,0,'',0,NULL,0,NULL,1,0,1546093540,'2014-09-08'),(2747,0,'Садыкова','Ирода','Фарходовна','','1995-11-13','F','Узбекистан',1,'АА','0018768','Хамзинский РОВД г.Ташкента','2011-12-26','','iroda.sadikova@list.ru',1,'2014-09-08 10:42:15',50,19,1,1,1,1,2,4,2,'г.Самарканд',8371,'2897378',890,'3553378',5,0,1541775448,'2014-09-08'),(2748,0,'Попов','Андрей','Геннадьевич','','0000-00-00',NULL,'Российская Федерация',1,'','','','0000-00-00','','vetaas1@rambler.ru',1,'2014-09-09 07:27:31',0,0,1,0,0,0,0,1,0,'',0,NULL,0,NULL,1,0,1360509735,'2014-09-10'),(2749,0,'Белянский ','Игорь ','Анатольевич','','0000-00-00',NULL,'Российская Федерация',1,'','','','0000-00-00','','belanski@mail.ru',1,'2014-09-10 17:31:34',0,0,1,0,0,0,0,1,0,'',0,NULL,0,NULL,1,0,521655889,'2014-09-11'),(2750,0,'Елизарова','Елизавета ','Анатольевна','','2014-04-11','F','Российская Федерация',1,'2810','105145','ТП УФМС России по тверской области в Оленинском районе','2011-06-16','690-026','lizochkasolnce123@mail.ru',2,'2014-09-11 08:04:27',50,22,1,1,0,0,0,3,2,'ПОС.Мирный, Оленинского района',84825,'21754',925,'7372394',1,1,1467415042,'2014-09-11'),(2751,0,'Иванов','Антон','Валерьевич','','1991-10-27','M','Российская Федерация',1,'4513','361332',' отделением УФМС России по г. Москве по району Южное Медведково','2013-12-12','770-090','anton-21.07@yandex.ru',1,'2014-09-11 16:11:47',47,7,1,1,0,1,1,4,2,'Москва',495,'6187568',929,'5712345',3,0,1595530713,'2014-09-12'),(2752,0,'Ячмсячм','Ысячя','Прпвр','','0000-00-00',NULL,'Российская Федерация',1,'','','','0000-00-00','','sdvss@mail.ru',1,'2014-09-13 05:24:54',0,0,1,0,0,0,0,1,0,'',0,NULL,0,NULL,1,0,2956877517,NULL),(2753,0,'Рамзаева','Елена','Николаевна','','0000-00-00',NULL,'Российская Федерация',1,'','','','0000-00-00','','lechik1973@mail.ru',1,'2014-09-13 11:27:25',0,0,1,0,0,0,0,1,0,'',0,NULL,0,NULL,1,0,3000459555,'2014-09-15'),(2754,0,'Степенко','Александр','Юрьевич','','1986-07-12','M','Российская Федерация',1,'4513','191219','Отделением УФМС по гор. Москве по району Гагаринский','2013-07-23','770-115','pubreg@yandex.ru',1,'2014-09-15 11:35:23',45,12,1,1,0,1,1,4,1,'гор. Струнино Владимирская обл.',985,'1294870',985,'1294870',1,1,3267022699,'2014-09-15'),(2755,0,'Попова','Евгения','Алексеевна','','0000-00-00',NULL,'Российская Федерация',1,'','','','0000-00-00','','radionowa.eug@yandex.ru',1,'2014-09-16 05:41:53',0,0,1,0,0,0,0,1,0,'',0,NULL,0,NULL,1,0,3285434708,'2014-09-16'),(2756,0,'Милушкина','Екатерина','Александровна','','1987-08-04','F','Российская Федерация',1,'3612','633178','Отделом УФМС России по Самарской области в Промышленном районе г. Самары','2012-10-11','630-005','goldy9791@mail.ru',1,'2014-09-18 04:17:18',50,23,1,1,0,1,0,4,4,'г. Куйбышев',0,'0000000',927,'2020884',1,1,1408432550,'2014-09-18'),(2758,0,'Ульянова','Анастасия','Юрьевна','','1989-06-06','F','Российская Федерация',1,'4608','786167','Отделением УФМС России по Московской области в Шаховском районе','2009-12-09','500-177','anastasiya_gost-r@mail.ru',1,'2014-09-18 06:24:00',53,14,1,0,0,1,1,4,4,'с. Ивашково Шаховского р-на Московской обл.',495,'6986325',909,'6394826',1,1,3584764018,'2014-09-18'),(2759,0,'Клюкин','Андрей','Олегович','','0000-00-00',NULL,'Российская Федерация',1,'','','','0000-00-00','','klykin555@mail.ru',1,'2014-09-18 12:35:21',0,0,1,0,0,0,0,1,0,'',0,NULL,0,NULL,1,0,774314153,'2014-09-19'),(2760,0,'Федоров','Андрей','Александрович','','1992-02-23','M','Российская Федерация',1,'1811','680683','отделением УФМС РОССИИ по ВОЛГОГРАДСКОЙ области в АЛЕКСЕЕВСКОМ районе','2012-03-01','340-009','panina-nataliia@mail.ru',1,'2014-09-18 15:25:40',45,12,1,1,0,1,0,3,1,'хутор СОЛОНЦОВСКИЙ АЛЕКСЕЕВСКОГО р-он ВОЛГОГРАДСКОЙ обл',84446,'37107',903,'4796144',1,0,1427826816,'2014-09-19'),(2761,0,'Артюхова','Ирина','Викторовна ','','1991-10-07','F','Российская Федерация',1,'4611','507023','ТП№2 ОУФМС РОССИИ ПО МОСКОВСКОЙ ОБЛ. ПО ВОСКРЕСЕНСКОМУ МУНИЦИПАЛЬНОМУ Р-НУ','2011-11-02','500-015','irochkaar@mail.ru',1,'2014-09-19 10:38:02',45,12,1,1,0,1,0,4,1,'МАХАЧКАЛА',49644,'57421',926,'1287171',1,0,1603966756,'2014-09-19'),(2762,0,'Ш','Н','А','','0000-00-00',NULL,'Российская Федерация',1,'','','','0000-00-00','','i@m.ru',1,'2014-09-21 14:02:21',0,0,1,0,0,0,0,1,0,'',0,NULL,0,NULL,1,0,775801397,NULL),(2763,0,'Малахиева','Юлия','','','0000-00-00',NULL,'Российская Федерация',1,'','','','0000-00-00','','Malahievajulia@gmail.com',1,'2014-09-22 08:39:46',0,0,1,0,0,0,0,1,0,'',0,NULL,0,NULL,1,0,3267261200,'2014-09-23'),(2764,0,'Аааа','Аааа','Аааа','','2014-09-02','M','Российская Федерация',1,'4444','444444','fgdfgdfg','2014-09-02','000-222','fff@ffff.ru',1,'2014-09-22 12:28:17',47,7,1,1,0,1,0,4,1,'gggggg',3434,'343434',343,'343434',1,0,2966786639,NULL),(2765,0,'Набиуллина','Гузель','Ринатовна','','1993-10-26','F','Российская Федерация',1,'8013','851866','Отделом УФМС России по РБ в Иглинском р-не','2013-11-21','020-046','nabiullina93g@gmail.com',1,'2014-09-22 12:36:44',50,22,1,1,0,1,0,4,2,'Иглинский р-н',347,'2776350',917,'4025199',1,0,2966808365,'2014-09-23'),(2766,0,'Дорофеева','Елена','Вячеславовна','','1987-10-16','F','Российская Федерация',1,'6313','900398','отделом УФМС по Саратовской области в г.Энгельсе','2013-06-13','640-044','Pontera666@yandex.ru',1,'2014-09-24 08:39:22',0,0,1,0,0,0,0,2,1,'г.Энгельс',927,'1423344',927,'1423344',1,0,630204878,'2014-09-24'),(2767,0,'Кононенко','Сергей','Леонидович','','1989-08-22','M','Российская Федерация',1,'6709','955683','Отделом УФМС по Ханты-Мансийскому автоном. окр.-югре','2009-10-15','860-031','ser220889@mail.ru',1,'2014-09-25 09:00:41',53,14,1,0,0,1,1,4,1,'гор.Самарканд',83467,'379640',908,'8875094',1,0,93136282,'2014-09-25'),(2768,0,'Гончарова','Лидия','Юрьевна','','0000-00-00',NULL,'Российская Федерация',1,'','','','0000-00-00','','lidamary@yandex.ru',1,'2014-09-26 17:35:47',0,0,1,0,0,0,0,1,0,'',0,NULL,0,NULL,1,0,1842305588,NULL),(2769,0,'Гончарова','Лидия','Юрьевна','','0000-00-00','M','Российская Федерация',1,'1411','246237','ТП вВолоконовском районеМО УФМС России по Белгородской области в городе Валуйки','2012-05-14','310-014','ja.kira2014@yandex.ru',1,'2014-09-26 19:00:42',45,12,1,1,0,1,0,3,1,'г.Красноярск',111,'1111111',968,'0133184',1,0,1842305588,'2014-09-29'),(2770,0,'Выжлакова','Сабина','','','1995-12-22','F','Туркменистан',1,'I-AS','463294','Хякимлик этрапа имени Ниязова шахера Ашгабата','2012-07-24','','svyzhlakova@mail.ru',2,'2014-09-26 19:49:59',0,0,1,0,0,0,0,2,1,'Туркменистан г.Ашхабад Б.Каррыева дом 70 кв 63',993,'12935154',993,'6402406',1,0,3652118533,'2014-09-29'),(2771,0,'Евсеев','Сергей','Алексеевич','','1981-10-05','M','Российская Федерация',1,'4503','269310','ОВД \"Жулебино\" г. Москвы','2002-07-30','772-082','se31510@yandex.ru',1,'2014-09-28 00:43:05',53,14,1,0,0,0,0,3,2,'г. Москва',495,'7042440',926,'3151081',3,0,1845278714,'2014-09-29'),(2772,0,'Орлова','Наталья','Владимировна','','1982-02-21','F','Российская Федерация',1,'4103','216852','ОВД Ломоносовского раЙона ЛенинградскоЙ области','2003-08-04','472-012','orlnatasha@yandex.ru',1,'2014-09-28 16:09:57',45,12,1,1,0,0,0,4,4,'дер. Лопухинка Ломоносовского р-на ЛенинградскоЙ области',813,'7652229',911,'1123585',1,1,85096160,'2014-09-29'),(2773,0,'Шуткин','Константин','Николаевич','','1991-01-24','M','Российская Федерация',1,'7610','541789','УФМС по Забайкальскому краю в гор. Чите','2011-02-15','750-039','1991konstantin@gmail.com',1,'2014-09-28 18:43:02',45,12,1,1,0,1,0,3,1,'Чита',916,'1172440',916,'1172440',1,0,1402276218,'2014-09-29'),(2774,0,'Кубата','Назар','Александрович','','0000-00-00',NULL,'Российская Федерация',1,'','','','0000-00-00','','aia.nastia@yandex.ru',1,'2014-09-30 05:38:31',0,0,1,0,0,0,0,1,0,'',0,NULL,0,NULL,1,0,3274600493,'2014-09-30'),(2775,0,'Федорова','Наталья','','','1974-05-03','F','Российская Федерация',1,'8004','926576','УВД г.Нефтекамска Респ.Башкортостан','2003-10-29','022-011','rozanova3333@yandex.ru',1,'2014-09-30 11:50:53',50,19,1,1,1,1,0,3,2,'г.Белогорск Амурская область',499,'2180019',985,'1814348',3,0,1047107090,'2014-09-30'),(2776,0,'Дубинина','Анастасия','Владимировна','','1992-01-04','F','Российская Федерация',1,'4511','528321','Отделением уфмс россии по гор. москве по району даниловский','2012-02-10','770-032','anadoub@gmail.com',1,'2014-09-30 14:27:38',45,12,1,1,0,1,0,3,1,'г. Москва',1111,'1111111',906,'7685807',3,0,780836437,'2014-10-01'),(2777,0,'Трофимова','Анна','Андреевна','','1983-11-11','F','Российская Федерация',1,'4512','878826','Отделением УФМС России по гор. Москве по району Бирюлево Западное','2012-12-04','770-030','filipyeva@mail.ru',1,'2014-09-30 15:54:19',47,7,1,1,0,1,0,4,4,'п. Усть-Куйга Усть-Янского р-на ЯАССР',925,'1883895',925,'1883895',3,1,3156224124,'2014-10-01'),(2778,0,'Бородулин','Александр','','','1975-12-10','M','Российская Федерация',1,'6706','669083','отд.УФМС РОССИИ по ХМАО-ЮГРЕ г.НЯГАНЬ','2007-03-28','860-023','asb197@mail.ru',2,'2014-09-30 17:36:22',45,12,1,1,0,1,0,4,1,'пос.Кочкор-Ата Ленинского р-она Ошской обл.',950,'5225133',900,'3894942',1,0,1580388924,'2014-10-01'),(2779,0,'Шагова','Татьяна','Геннадьевна','','1985-10-24','F','Российская Федерация',1,'4606','992781','Отделом внутренних дел г.Троицка Московской обл.','2006-06-13','502-021','t.shagova@gmail.com',1,'2014-10-01 05:28:50',45,12,1,1,0,1,1,4,4,'пос.Ватутинки-1 Ленинского р-на Московской обл.',495,'5495614',926,'1769325',3,0,3578747739,'2014-10-01'),(2780,0,'Разумов','Андрей','Владимирович','','1985-10-19','M','Российская Федерация',1,'9704','374363','ОВД г.Новочебоксарск Чувашской Республики','2005-11-08','212-014','junkstar@mail.ru',1,'2014-10-01 09:44:41',45,12,1,1,0,1,1,4,1,'г.Новочебоксарск Чувашской республики',8352,'770494',925,'8639683',1,1,1476106348,'2014-10-01'),(2781,0,'Лукьяненко','Юрий','Михайлович','','1992-10-02','M','Российская Федерация',1,'9813','468331','МРО УФМС по РС(Якутия)в г.Якутск','2013-03-23','140-002','yura.lukyanenko.92@mail.ru',1,'2014-10-05 00:01:38',45,12,1,1,0,0,0,3,1,'Якутск',4112,'402802',924,'8604440',1,0,3648405554,'2014-10-06'),(2782,0,'Семиков','Евгений','Ильич','','0000-00-00',NULL,'Российская Федерация',1,'','','','0000-00-00','','evgeniisemikov@mail.ru',1,'2014-10-06 08:49:26',0,0,1,0,0,0,0,1,0,'',0,NULL,0,NULL,1,0,783228367,'2014-10-06'),(2783,0,'Шмидт','Карина','Вадимовна','','0000-00-00',NULL,'Российская Федерация',1,'','','','0000-00-00','','karino4ka_-90@mail.ru',1,'2014-10-06 08:53:00',0,0,1,0,0,0,0,1,0,'',0,NULL,0,NULL,1,0,42417754,'2014-10-06'),(2784,0,'Байков ','Денис','','','0000-00-00',NULL,'Российская Федерация',1,'','','','0000-00-00','','baikovdenn@gmail.com',1,'2014-10-06 16:48:16',0,0,1,0,0,0,0,1,0,'',0,NULL,0,NULL,1,0,1123635480,'2014-10-07'),(2785,0,'Кулакова','Светлана','Сергеевна','','1977-11-21','F','Российская Федерация',1,'4614','681113','отд. в гор.округе Долгопрудный МОУФМС России','2014-10-17','500-089','lana_k@inbox.ru',1,'2014-10-09 04:52:58',50,1,1,1,0,1,1,4,4,'гор.Кимры Тверской области',909,'6936192',909,'6936192',1,1,3645645419,'2014-10-09'),(2786,0,'Ходина','Вероника','','','0000-00-00','F','Российская Федерация',1,'5400','092301','Корсаковским РОВД Орловской области','0000-00-00','','khodina75@mail.ru',1,'2014-10-09 11:44:56',45,12,1,1,0,1,0,3,1,'с.Корсаково Корсаковского района Орловской области',48667,'21461',963,'6325624',1,0,3285205165,'2014-10-09'),(2787,0,'Иванов','Иван','Алексеевич','','0000-00-00',NULL,'Российская Федерация',1,'','','','0000-00-00','','luridpale@mail.ru',1,'2014-10-12 02:09:17',0,0,1,0,0,0,0,1,0,'',0,NULL,0,NULL,1,0,3170795162,'2014-10-13'),(2788,0,'Проценко','Александр','Олегович','','0000-00-00',NULL,'Российская Федерация',1,'','','','0000-00-00','','alexznt17@gmail.com',1,'2014-10-12 12:59:35',0,0,1,0,0,0,0,1,0,'',0,NULL,0,NULL,1,0,701524724,'2014-10-13'),(2789,0,'Алиева ','Лола','Алишеровна','','0000-00-00',NULL,'Российская Федерация',1,'','','','0000-00-00','','lolachka0830@gmail.com',1,'2014-10-13 07:20:19',0,0,1,0,0,0,0,1,0,'',0,NULL,0,NULL,1,0,3588641863,'2014-10-13'),(2790,0,'Липгарт','Наталья','Вадимовна','','1988-02-19','F','Российская Федерация',1,'4509','635819','о/р Отрадное ОУФМС России по гор. Москве в СВАО','2008-03-17','','47.crosscat@gmail.com',1,'2014-10-13 19:51:30',0,0,1,0,0,0,0,2,4,'г. Москва',495,'4045682',963,'9623690',1,0,3590050324,'2014-10-14'),(2791,0,'Куулар','Алена','Алдын-Ооловна','','1987-08-04','F','Российская Федерация',1,'9307','335348','ООФМС России по Республике Тыва в гор. Кызыле','2007-10-15','170-001','coolar@bk.ru',1,'2014-10-15 03:02:14',45,12,1,1,0,1,0,4,1,'г. Чадан',923,'2629000',923,'2629000',1,1,1604076630,'2014-10-15'),(2792,0,'Красноперов','Денис','Евгеньевич','','1993-05-23','M','Российская Федерация',1,'7813','987390','Отделением УФМС России по ярославской области в гор. Тутаеве и Тутаевском районе','2013-06-11','760-022','denis1993.ru@mail.ru',1,'2014-10-19 19:30:05',45,12,1,1,0,1,0,3,1,'п. Константиновский',84853,'79357',930,'1165790',1,0,1123635480,'2014-10-20'),(2793,0,'Гареев','Олег','Фридманович','','1984-02-18','M','Российская Федерация',1,'5207','534341','ОУФМС России по Омской обл. в Кировском административном округе города Омска','2007-09-29','550-001','olegg@lenta.ru',1,'2014-10-22 09:14:07',45,12,1,1,0,1,0,3,1,'Омск',8617,'618614',989,'2855030',1,0,782227010,'2014-10-22'),(2794,0,'Рождественская','Ольга','Леонидовна','','0000-00-00','F','Российская Федерация',1,'0405','042712','УВД Кировского района г. Красноярска','0000-00-00','','rozhdes-olga@mail.ru',2,'2014-10-23 05:22:02',0,0,1,0,0,0,0,2,2,'г. Красноярск',391,'2209738',923,'3547108',1,0,3278959894,'2014-10-23'),(2795,0,'Ильин','Антон','Анатольевия','','0000-00-00',NULL,'Российская Федерация',1,'','','','0000-00-00','','idilya93@mail.ru',1,'2014-10-28 11:19:54',0,0,1,0,0,0,0,1,0,'',0,NULL,0,NULL,1,0,1410808720,'2014-10-28'),(2796,0,'Куранов','Сергей','Анатольевич','','1966-05-06','M','Российская Федерация',1,'4511','210813','отделом УФМС по гор. Москве по району Можайский','2011-06-09','770-066','sakuranov@gmail.com',1,'2014-10-29 10:31:41',47,7,1,1,0,1,1,4,1,'гор. Москва',985,'7608649',985,'7608649',3,0,1298942760,NULL),(2797,0,'Стрелков','Игорь','Юрьевич','','1984-09-26','M','Российская Федерация',1,'2806','723481','Московским ОВД г.Твери','2007-02-13','','Strelkov-trk@yandex.ru',2,'2014-10-29 10:42:12',47,7,1,1,0,1,0,3,1,'Г. Тверь',960,'7004730',926,'0608760',3,1,1475943770,'2014-10-29'),(2798,0,'Файзулаева','Марина','','','0000-00-00',NULL,'Российская Федерация',1,'','','','0000-00-00','','mgolova@mail.ru',1,'2014-10-31 10:14:49',0,0,1,0,0,0,0,1,0,'',0,NULL,0,NULL,1,0,1336255581,NULL);
/*!40000 ALTER TABLE `reg_applicant` ENABLE KEYS */;
UNLOCK TABLES;

--
-- Table structure for table `reg_applicant_address`
--

DROP TABLE IF EXISTS `reg_applicant_address`;
/*!40101 SET @saved_cs_client     = @@character_set_client */;
/*!40101 SET character_set_client = utf8 */;
CREATE TABLE `reg_applicant_address` (
  `applicant_id` int(11) NOT NULL,
  `type` int(1) NOT NULL DEFAULT '1' COMMENT 'Тип адреса (регистрации\\проживания)',
  `index` varchar(7) NOT NULL,
  `country` int(2) unsigned NOT NULL DEFAULT '1',
  `region` int(2) unsigned zerofill NOT NULL,
  `city` varchar(70) NOT NULL,
  `street` varchar(70) NOT NULL,
  `home` varchar(5) NOT NULL,
  `building` varchar(3) NOT NULL,
  `flat` int(4) NOT NULL,
  UNIQUE KEY `applicant_id` (`applicant_id`,`type`)
) ENGINE=InnoDB DEFAULT CHARSET=utf8 COMMENT='Адреса абитуриента';
/*!40101 SET character_set_client = @saved_cs_client */;

--
-- Dumping data for table `reg_applicant_address`
--

LOCK TABLES `reg_applicant_address` WRITE;
/*!40000 ALTER TABLE `reg_applicant_address` DISABLE KEYS */;
INSERT INTO `reg_applicant_address` VALUES (48,1,'141362',1,50,'пос. Заречный','','9','',9),(48,2,'141362',1,50,'пос. Заречный','','9','',9),(49,1,'976543',1,36,'г.Колымск','Задняя','1','2',3),(49,2,'654321',1,50,'г.Клязьма','Харьковская','5','1',22),(272,1,'667000',1,17,'Кызыл','Лопсанчапа','2','',141),(1463,1,'129010',1,77,'Москва','Ботанический переулок','11','',66),(1472,1,'623391',1,66,'Полевской городской округ','Бажова','16','',7),(1476,1,'624204',1,66,'г.Лесной','Калинина','25','',47),(1479,1,'344012',1,61,'Ростов-на-Дону','Фрунзе','5','',119),(1484,1,'129336',1,77,'Москва','Стартовая','11','',242),(1488,1,'682450',1,27,'Маго','Рейдовая ','4','',12),(1490,1,'456320',1,74,'Миасс','Молодежная','2','',21),(1491,1,'111222',1,77,'Москва','Кремль','22','',1),(1492,1,'141407',1,50,'Химки','Горшина','1','',447),(1493,1,'420140',1,16,'Город Казань','Ноксинский спуск','27','',35),(1495,1,'152175',1,76,'д.стрелка','','26','',0),(1496,1,'134567',1,77,'Москва','','11','к',0),(1497,1,'143300',1,50,'Наро-Фоминск','Ленина','33','А',28),(1498,1,'685024',1,49,'Магадан','','2А','',1),(1499,1,'675000',1,28,'г. Благовещенск','ул. Красноармейская ','171','',11),(1501,1,'160553',1,35,'пос. Федотово','','17','',99),(1502,1,'426053',1,18,'Ижевск','Ворошилова','101','',53),(1503,1,'117449',1,77,'Москва','Шверника','9','5',61),(1505,1,'410015',1,64,'Заводской район','Барнаульская','4','',64),(1506,1,'400075',1,34,'Дзержинский','Краснополянская','1','14',0),(1507,1,'368940',1,05,'Унцукуль','Магомед-Тагира Унцукульского','17','',0),(1510,1,'416540',1,30,'Знаменск','Ул. Ниловского','18','',12),(1510,2,'127543',1,77,'Москва','ул. Корнейчука','41','',144),(1511,1,'',1,77,'','','','',0),(1511,2,'422980',1,16,'г.Чистополь','Крупской','45а','',0),(1512,1,'117535',1,77,'город Москва','Россошанский пр-д','2','1',16),(1516,1,'655740',1,19,'с. Таштып','Первомайская','67а','',0),(1516,2,'655009',1,19,'г. Абакан','Аскизская','152А','',7),(1517,1,'107207',1,77,'Москва','Байкальская','35','3',23),(1517,2,'105264',1,77,'Москва','9-ая парковая','40','',29),(1520,1,'671510',1,03,'с.Багдарин Баунтовский район','Больничная','11','',0),(1521,1,'673732',1,75,'Могоча','Читинская','18','',0),(1521,2,'673732',1,75,'Могоча','Клубная','2','',90),(1523,1,'166735',1,83,'с. Ома','Механизаторов','19','',1),(1523,2,'166000',1,83,'г. Нарьян-Мар','Ненецкая','4','',11),(1525,1,'455044',1,74,'Г. Магнитогорск','','161','',32),(1526,1,'455044',1,74,'г. Магнитогорск','','161','',32),(1528,1,'628647',1,86,'пгт Новоаганск Нижневартовский район','Мелика Карамова','3','-',6),(1531,1,'400125',1,34,'г. Волгоград','Кастерина','6','',39),(1535,1,'428036',1,21,'Чебоскары','','30','',9),(1536,1,'169840',1,11,'Инта','Кулешова','1','в',0),(1536,2,'144007',1,50,'Электросталь','Тевосяна','24','в',3),(1538,1,'446430',1,63,'кинель','степная','5а','',5),(1540,1,'191002',1,47,'Санкт-Петербург','Достоевского','1','',15),(1540,2,'117463',1,77,'Город','Ясногорская ','13','2',289),(1542,1,'446430',1,63,'кинель','степная','5а','',0),(1543,1,'462429',1,56,'г.Орск','ул.,Ужгородская','92','',1),(1546,1,'243020',1,32,'Новозыбков','Красная Площадь','3','',25),(1551,1,'620049',1,66,'Екатеринбург','Ботаническая','11','',14),(1551,2,'107061',1,77,'Москва','Пугачевская 2-я','8','1',58),(1552,1,'143200',1,50,'Можайск','Каракозова','38','',83),(1554,1,'601010',1,33,'Киржач','Гагарина','54','',0),(1554,2,'601010',1,33,'Киржач','Куйбышева','8','',0),(1555,1,'663300',1,84,'г.Норильск','комсомольская','44','а',12),(1556,1,'353920',1,23,'г.Новороссийск','Куникова','36','',8),(1564,1,'121471',1,77,'г.Москва','Витебская','4','',6),(1564,2,'121471',1,77,'г.Москва','Можайское шоссе','37','',131),(1567,1,'399801',1,48,'с.кудрявщино','северная','25','25',25),(1569,1,'143080',1,50,'поселок ВНИИССОК','Березовая','8','',274),(1570,1,'127566',1,77,'Москва','','25','',186),(1571,1,'601022',1,33,'п. Барсово','','77','',16),(1572,1,'624183',1,66,'с. Аятское','нагорная','17','',1),(1574,1,'105484',1,77,'Москва','Сиреневый б-р.','56','',107),(1576,1,'127560',1,77,'Москва','Плещеева','14','',20),(1577,1,'628447',1,86,'п.Нижнесортымский','Хусаинова','31','',43),(1581,1,'',1,78,'Санкт-Петербург','Пр.Славы','18','',106),(1581,2,'198205',1,78,'Санкт-Петербург','Авангардная','2','',60),(1583,1,'658200',1,22,'Рубцовск','','26','',156),(1584,1,'',1,00,'','','','',0),(1584,2,'',1,00,'','','','',0),(1585,1,'141730',1,77,'Лобня','Крупской','18','1',99),(1586,1,'140514',1,50,'Красная пойма','Школьная','14','',5),(1588,1,'674674',1,75,'краснокаменск','','206','',64),(1589,1,'117042',1,77,'Москва','Южнобутовская','84','2',7),(1591,1,'644083',1,55,'омск','глинки','4','Б',37),(1592,1,'680007',1,27,'Хабаровск','Пионерская','52','',152),(1592,2,'105318',1,77,'Москва','Щербаковская','35','',92),(1593,1,'601500',1,33,'Гусь-Хрустальный','Теплицкий проспект','35','а',55),(1595,1,'660010',1,24,'г.красноярск','крас.раб','154','2',108),(1596,1,'400059',1,34,'Волгоград','ул. Курчатова','12','',8),(1597,1,'115404',1,77,'Москва','Бирюлевская','21','3',595),(1598,1,'422958',1,16,'с. Чистопольские Выселки','Чапаева','82','',0),(1599,1,'143408',1,77,'г. Красногорск','Успенская','16','',39),(1600,1,'117403',1,77,'Москва','Востряковский  пр-д','11','1',0),(1601,1,'628333',1,86,'пос. Сивыс-Ях','Нефтяников','2','',5),(1604,1,'',1,21,'г.Чебоксары','Т.Кривова','8','',122),(1604,2,'429955',1,21,'г.Новочебоксарск','Солнечная','8','',91),(1605,1,'350000',1,23,'Краснодар','40 лет победы','97','2',283),(1606,1,'142455',1,50,'город Электроугли','пл. Октября','5','',64),(1607,1,'127474',1,77,'гор.Москва','Бескудниковский бр','6','3',288),(1608,1,'453455',1,77,'атапиапиави','','1','',0),(1614,1,'182100',1,60,'г. Великие Луки','пр-т Гагарина','120','',19),(1615,1,'243040',1,32,'пос. Климово','Спартаковская','','1',0),(1615,2,'243046',1,32,'С. Новые-Юрковичи','Стефанкова','15','',0),(1616,1,'614090',1,59,'Пермь','Норильская','13','',52),(1616,2,'630132',1,54,'Новосибирск','Сибирская','46','',1),(1618,1,'143909',1,77,'Балашиха','Московский б-р','5','1',9),(1619,1,'117042',1,77,'г.Москва','чечёрский проезд','100','',3),(1619,2,'117042',1,77,'г.Москва','Адмирала Лазарева','35','1',84),(1620,1,'606031',1,52,'Дзержинск','Ленинского Комсомола','52','',36),(1620,2,'115597',1,77,'Москва','Гурьевский проезд','35/58','',222),(1621,1,'140013',1,50,'г. Люберцы','Попова','18','',90),(1623,1,'124617',1,77,'Зеленоград','Логвиненко','1448','',207),(1628,1,'127572',1,77,'Москва','Новгородская','348','',8),(1632,1,'117587',1,77,'г. Москва','Варшавское шоссе','114','3',26),(1633,1,'352150',1,23,'ст. Темижбекская','Новая ','11','',0),(1634,1,'686160',1,49,'Сеймчан','Лозовская','3','',30),(1634,2,'685000',1,49,'Сеймчан','Пролетарская','3','2',19),(1635,1,'109652',1,77,'г.Москва','Луговой пр-д ','1/8','',11),(1638,1,'720073',1,77,'г. Бишкек','5 микрорайон','29','',63),(1639,1,'363120',1,15,'ст архонская','к-маркса','69','',0),(1641,1,'183050',1,51,'Мурманск','Бочкова','5','',49),(1645,1,'402087',1,16,'КАЗАНЬ','ШАХТЕРКАЯ','12','',2),(1645,2,'115407',1,77,'МОСКВА','ул.Судотроительная','33','',6),(1646,1,'301950',1,71,'п. Михайловский','Восточный переулок','11','',0),(1646,2,'115583',1,77,'Москва','Елецкая','35','2',149),(1648,1,'140200',1,50,'г. Воскресенск','Пионерская','16','',37),(1649,1,'650065',1,42,'Кемерово','пр. Октябрьский','89','',42),(1650,1,'622019',1,66,'Нижний Тагил','Орджоникидзе','37','',20),(1651,1,'249030',1,40,'Обнинск','','60','',93),(1651,2,'249030',1,40,'Обнинск','Маркса','60','',93),(1654,1,'692001',1,77,'Пожарск','','81','00',0),(1657,1,'665511',1,38,'поселок чунский','50 лет октября','11','',5),(1659,1,'400081',1,34,'Волгоград','Новорядская','56','',53),(1659,2,'107207',1,77,'Москва','Чусовская','11','',93),(1660,1,'140100',1,50,'Раменское','Садовая','33','',0),(1661,1,'142000',1,50,'д. Артемьево','','15','',0),(1661,2,'142000',1,50,'д. Артемьево','','15','',0),(1662,1,'157510',1,44,'Шарья','пос. Ветлужский ул. Дружбы ','3','',23),(1663,1,'115470',1,77,'Москва','Кленовый бульвар','7','',171),(1664,1,'173008',1,53,'ВЕЛИКИЙ НОВГОРОД','ЩУСЕВА','11','',136),(1664,2,'173025',1,53,'ВЕЛИКИЙ НОВГОРОД','СВОБОДЫ','27','2',127),(1668,1,'305016',1,46,'г.Курск','ул. Павлуновского','69','',0),(1669,1,'117152',1,77,'г. Москва','Загородное шоссе','9','3',98),(1671,1,'143409',1,77,'Красногорск','Ленина','23','',199),(1672,1,'301369',1,71,'Алексин','Санаторная','2','В',23),(1673,1,'142900',1,50,'п. Большое Руново','Южная','31','',39),(1677,1,'141895',1,50,'Свх.Останкино','Дорожная','12','',8),(1680,1,'433513',1,73,'Димитровград','Циолковского ','5','',21),(1684,1,'765432',1,59,'пермь','аавв','22','11',11),(1684,2,'113222',1,77,'г.Москва','Новоясеневский','11','111',1),(1686,1,'694620',1,65,'город Холмск','советсская','136','б',12),(1689,1,'613982',1,43,'Луза','Садовая','1','а',2),(1692,1,'630082',1,54,'Новосибирск','2-ая Союза Молодежи','33','',44),(1696,1,'190121',1,78,'САНКТ ПЕТЕРБУРГ','НАБЕРЕЖНАЯ КАНАЛА ГРИБОЕДОВА','158','',10),(1698,1,'422119',1,77,' Татарская Тулба','Зеленая','3','',0),(1700,1,'628661',1,86,'покачи','ленина','2','',3),(1702,1,'119571',1,77,'Москва','Академика Анохина','5','4',103),(1704,1,'111024',1,77,'МОСКВА','Ш. ЭНТУЗИАСТОВ ','24/43','',66),(1705,1,'142302',1,77,'ЧЕХОВ','ул. Южная, ','8','',76),(1706,1,'654000',1,42,'Новокузнецк','Курская','37','',0),(1707,1,'619320',1,59,'Кочево','Титова','21б','',4),(1708,1,'187050',1,47,'Любань','Селецкое шоссе','17','А',18),(1709,1,'000000',1,77,'москва','','1','',0),(1710,1,'232435',1,77,'раоаш','','54','4',5),(1711,1,'216500',1,67,'Рославль','2-ой переулок Мичурина ,дом №23','23','23',23),(1712,1,'426067',1,18,'г. Ижевск','Труда','34','',60),(1714,1,'692387',1,25,'вадимовка','лермонтова','13','',1),(1715,1,'628240',1,86,'г.Советский','Некрасова','31','',0),(1716,1,'665709',1,77,'Братск','Наимушина','10','',50),(1718,1,'473718',1,77,'олдо','','67','',0),(1719,1,'426067',1,18,'г.Ижевск','Труда','34','',60),(1720,1,'143904',1,50,'г. Балашиха','Победы','16','',33),(1726,1,'109144',1,77,'Москва','Батайский проезд','65','',188),(1728,1,'142184',1,50,'г. Климовск','50-летия Октября пр-кт','16','а',90),(1729,1,'628001',1,86,'Ханты-Мансийск','Ледовая','3 ','',44),(1730,1,'413723',1,64,'город Пугачев','ул.Ермощенко','11','',0),(1731,1,'',1,00,'','','','',0),(1732,1,'627',1,72,'г.Ишим','К.Маркса','60','а',24),(1733,1,'403171',1,34,'ст. Нехаевская Волгоградской обл.','Пролетарская','4','',0),(1736,1,'347570',1,61,'С. Песчанокопское','Орджоникидзе','23','',0),(1737,1,'453250',1,02,'Салават','Ленинградская ','79','',237),(1738,1,'125599',1,77,'Москва','Маршала Федоренко','4','2',426),(1742,1,'629730',1,89,'Надым','Заводская','4','',167),(1743,1,'249004',1,40,'Балабаново','зеленая','2','',4),(1744,1,'676383',1,28,'с.новосергеевка','Октябрьская','47','1',1),(1748,1,'117186',1,77,'МОСКВА','НАГОРНАЯ','38','2',97),(1749,1,'692977',1,25,'с.Сергеевка','70 лет Октября','3','',2),(1751,1,'350066',1,23,'Краснодар','Просторная','62','',0),(1752,1,'435456',1,54,'Влвдивостк','','5','',0),(1754,1,'630095',1,54,'п.Пашино','Солидарности','71','',35),(1755,1,'129515',1,77,'Москва','','11','а',40),(1756,1,'618350',1,59,'г. Кизел','ул. Учебная ','12','',92),(1757,1,'686050',1,49,'пос. Усть-Омчуг','Сельская','3','-',8),(1759,1,'628634',1,86,'Излучинск','Таежная','1','-',31),(1760,1,'659445',1,22,'с. Бочкари','Кирова ','16','',0),(1762,1,'867543',1,14,'томмот','связи','8','',1),(1764,1,'624204',1,66,'город лесной','куйбышева','48','',3),(1765,1,'117322',1,77,'г.Москва','Новоясеневский','22','1',111),(1767,1,'628303',1,86,'Нефтеюганск','10мкр','8','',114),(1768,1,'641920',1,45,'Каргапольский р-он дер.Храмова','Южная','23','',0),(1769,1,'453584',1,02,'Старомунасипово','C.Юлаева','118','',0),(1770,1,'662500',1,24,'г.СОСНОВОБОРСК','ВЕСЕННЯЯ','30','',58),(1772,1,'450064',1,02,'Уфа','Конституци','2','',1),(1779,1,'109147',1,77,'Таганский район','Библиотечная ','6','1',126),(1783,1,'744000',1,94,'Ашгабат','11 мкр ул Нуры ХалМАМЕДОВА ','17а','',1),(1784,1,'668130',1,17,'село Хандагайты','Мадона ','18','',0),(1785,1,'303980',1,57,'село Сосково','Совхозная','20','',3),(1787,1,'682882',1,77,'п.Монгохто Ванинский район','Театральная д.3 кв 16','3','',16),(1789,1,'347572',1,61,'с. Песчанокопское','Гагарина','4','',2),(1790,1,'689450',1,87,'Билибино','микр. Арктика','2','1',12),(1792,1,'350002',1,77,'Краснодар','Новокузнечная','79','',0),(1798,1,'665800',1,38,'Ангарск','6\"А\" микрорайон','7','',64),(1799,1,'119415',1,77,'г. Москва','Ленинский проспект ','128','1',94),(1801,1,'117647',1,77,'Москва','Академика Капицы','4','',34),(1803,1,'678900',1,14,'ГОР. АЛДАН','ПРОЛЕТАРСКАЯ','51','А',4),(1804,1,'166700',1,83,'город Нарьян-Мар','Ленина','32','',10),(1806,1,'675450',1,28,'Свободный','Кирпичный','38','',0),(1809,1,'127238',1,77,'Москва','3-ий нижнелихоборский проезд','14','',32),(1810,1,'193168',1,78,'Санкт-петербург','Пр. Просвещения ','28','',42),(1811,1,'309650',1,31,'волоконовка','ул.первомайская д26','26','',0),(1812,1,'',1,00,'','','','',0),(1813,1,'356240',1,26,'Михайловск','Демидова','202','-',2),(1816,1,'627140',1,72,'ПОС.МИЧУРИНСКИЙ','ТРАКТОРНАЯ','10','-',1),(1819,1,'689450',1,87,'Билибино','микр. Арктика','2','1',12),(1820,1,'169840',1,11,'город Инта','полярная','14','а',1),(1823,1,'143395',1,77,'д.софьино','','25','',44),(1825,1,'662204',1,84,'г. Назарово','Московская','5','',6),(1827,1,'664000',1,38,'ангарск','82','11','',43),(1828,1,'107065',1,77,'Москва','Курганская','3','',146),(1831,1,'993',1,86,'Ата-Левин','Б.Аманвелиев','32','',0),(1833,1,'123456',1,77,'москва','','11','11',11),(1834,1,'198255',1,78,'г.Санкт-Петербург','пр.Ветеранов','27','',48),(1835,1,'111531',1,77,'Москва','Саянская','13','3',401),(1837,1,'171110',1,69,'Вышний Волочек','Большевитский переулок','19а','',1),(1839,1,'628463',1,86,'Радужный','schkolnaya ','12/4','',2),(1840,1,'164502',1,29,'Северодвинск','пОБЕДЫ','86','',32),(1843,1,'665827',1,38,'Ангарск','50 лет Комсомола','4б','',18),(1845,1,'241047',1,32,'Брянск','Чернышевского','72','а',16),(1847,1,'689000',1,87,'г. Анадырь','Ленина','46','',28),(1850,1,'309720',1,31,'п.Вейделевка','ул.Октябрьская','69','',0),(1855,1,'111524',1,77,'гор. Москва','ул. Аносова','13','',38),(1856,1,'675000',1,28,'г.Благовещенск','ул. Игнатьевское шоссе','5','5',56),(1858,1,'125368',1,77,'Москва','Барышиха','34','',0),(1859,1,'115533',1,77,'Москва','Нагатинская над','10','',109),(1865,1,'181350',1,60,'город','Карла Маркса','86','',8),(1867,1,'414011',1,30,'Астрахань','степана разина ','17','',9),(1870,1,'629400',1,89,'Лабытнанги','Дзержинского','44','',22),(1873,1,'140250',1,50,'п.Белоозерский','Юбилейная','11','',176),(1875,1,'352570',1,23,'Мостовской','Кооперативная','54','',0),(1878,1,'301790',1,71,'г. Донской мкр. Северо-Задонск','пер. Строительный','13','',69),(1881,1,'682882',1,27,'п. Монгохто','Театральная ','    3','',16),(1882,1,'142060',1,77,'г.Домодедово мрн Барыбино','Южная','10','',23),(1883,1,'655600',1,19,'городсаяногорск','ленинградский мкр дом48кв123','48','',123),(1888,1,'140091',1,50,'гор.Дзержинский','','5','',107),(1891,1,'344068',1,61,'Ростов-на-Дону','Ленина','128','',12),(1892,1,'684000',1,41,'Елизово','Красноармейская','11','',51),(1894,1,'446010',1,63,'г.Сызрань','Гоголя','21','',52),(1896,1,'171521',1,69,'Титово','нет','37а','',0),(1897,1,'455038',1,74,'Магнитогорск','пр.КМаркса','162','2',57),(1900,1,'141270',1,50,'Софрино','Комсомольская','3а','',0),(1902,1,'706801',1,77,'г.Зарафшан','6 мкр.','32','',12),(1903,1,'628680',1,86,'МЕГИОН','КУЗЬМИНА ','32','',88),(1904,1,'663321',1,84,'г. Норильск','ул.Югославская','16','',4),(1905,1,'425000',1,12,'волжск','матюшенко ','24','',0),(1906,1,'678400',1,14,'Тикси','Трусова','11','',77),(1907,1,'347630',1,61,'пос.приречный','банная','10','',1),(1908,1,'172200',1,69,'Селижарово','Бульварная','5','',23),(1909,1,'663340',1,24,'Норильск','Строительная ','1','ж',136),(1910,1,'426035',1,18,'Ижевск','Репина','21','',262),(1915,1,'666703',1,38,'Киренск','Ленрабочих','22','',3),(1917,1,'607010',1,52,'Кулебаки','Строителей','17','',12),(1918,1,'109240',1,77,'Таганский район','Библиотечная ','6','3',126),(1922,1,'692778',1,25,'Артем','Черноморская','2','1',32),(1925,1,'109649',1,77,'Москва','Капотня, 5 квартал','5','',273),(1926,1,'',1,50,'Пересвет','ул.Мира','11','',9),(1928,1,'674674',1,75,'Краснокаменск','','409','',66),(1929,1,'353864',1,61,'Ростов-на-дону','седова 51','21','',7),(1930,1,'343243',1,78,'Питер','','13','',0),(1932,1,'186200',1,10,'кондопога','максима горького','22','',3),(1937,1,'666703',1,38,'Киренск','Ленрабочих','22','',3),(1938,1,'652729',1,42,'пгт Карагайлинский','Большевистская','31','',6),(1939,1,'352395',1,23,'гор. Кропоткин','ул. Комсомольская','187','',0),(1940,1,'393773',1,68,'г.Мичуринск','Шевченко','25','',0),(1942,1,'400015',1,34,'г. Волгоград','ул. Баумана','8','',65),(1944,1,'667003',1,17,'Город Кызыл','Декабристов ','3','',2),(1947,1,'334',1,77,'укк','вилиса лациса','37','1',75),(1951,1,'140185',1,50,'город жуковский','маяковского','8','',74),(1952,1,'188903',1,47,'п.Житково','','22а','',6),(1953,1,'143006',1,50,'Одинцово','','-','98',0),(1957,1,'117628',1,77,'Москва','Знаменские Садки','1','2',81),(1958,1,'117628',1,77,'Москва','Знаменские Садки','1','2',81),(1963,1,'160523',1,35,'Пос.Сосновка','Мелиораторов','15','',30),(1964,1,'346270',1,61,'ст.вешенская','ст.разина','34','',0),(1969,1,'606443',1,52,'г. Бор','мкр. Прибрежный','1','',18),(1971,1,'169523',1,11,'пос. Нижний Одес','Нефтяников','3','',96),(1977,1,'160000',1,35,'Вологда','Ярославская','13','',58),(1979,1,'188684',1,78,'гп. Дубровка','Обороны','25','',0),(1981,1,'678622',1,14,'п.Усть-Миль','Короленко','35','',0),(1982,1,'663341',1,24,'г.Норильск','Школьная','1','',79),(1984,1,'678623',1,14,'эльдикан','жданова','16','',0),(1985,1,'659301',1,22,'Бийск','Красильникова','9','',0),(1986,1,'618400',1,59,'г.Березники','ул.Мира','74','',34),(1987,1,'660055',1,24,'Красноярск','Ключевская','91','',417),(1989,1,'117403',1,77,'г.Москва','Харьковская','1','5',854),(1991,1,'665821',1,38,'Ангарск','Коминтерна','8','',103),(1993,1,'676790',1,28,'пгт Прогресс','Крестьянская','33','',0),(1994,1,'676790',1,28,'пгт Прогресс','Крестьянская','33','',0),(1995,1,'184600',1,51,'Сафоново','Беринга','2','',56),(1996,1,'744000',1,77,'г. Ашхабад','ул. 1955','68','',24),(1998,1,'644008',1,55,'Г. Омск','Физкультурная','7','',71),(1999,1,'152616',1,76,'Россия','','1','',0),(2000,1,'456580',1,74,'город Еманжелинск','Чайковского ','20','А',78),(2001,1,'455036',1,94,'город','суворова','138','',80),(2004,1,'664050',1,38,'г. Иркутск','Ржанова','39','',2),(2006,1,'452500',1,02,'Верхние Киги','Крупской ','51','',0),(2007,1,'142060',1,77,'мрн.Барыбино','Южная','10','',23),(2011,1,'424007',1,12,'Йошкар-Ола','Прохорова ','48','а',7),(2015,1,'612500',1,43,'аттрттврв','энергетиков','7','',2),(2018,1,'656026',1,22,'барнаул','ленина','26','',6),(2021,1,'678171',1,14,'мирный заречный','амакинская ','16','',2),(2022,1,'671320',1,03,'Онохой  - два','','9','',59),(2023,1,'302010',1,57,'г.Орел','ул.Ливенская','48','а',133),(2025,1,'161140',1,35,'пос.Устье','ул.Нагорная','5','а',5),(2028,1,'652231',1,42,'Комсомольск','Октябрьская','49','',0),(2032,1,'650002',1,42,'Кемерово','Нахимова','30','',311),(2038,1,'142060',1,50,'п. Барыбино','Агрохимиков','5','',32),(2039,1,'671050',1,03,'днт оер','алтанская','2','',0),(2041,1,'143090',1,50,'Краснознаменск','Победы','32','',465),(2044,1,'629807',1,89,'НОЯБРЬСК','СОВЕТСКАЯ','81','',78),(2046,1,'140013',1,50,'г. Люберцы','Побратимов','13','',59),(2049,1,'117534',1,77,'г. Москва','Чертановска','55','',69),(2053,1,'630068',1,54,'Новосибирск','Менжинского','48','',0),(2054,1,'423283',1,16,'Зеленая роща','Ломоносова','9','',0),(2059,1,'236006',1,39,'Калининград','Наб. Адм. Трибуца','59','',22),(2060,1,'141052',1,50,'село Марфино','ул. Зелёная ','9','',25),(2066,1,'305512',1,46,'деревня Муравлево','','31','',0),(2067,1,'163057',1,29,'поселок Катунино','Авиаторов','6','',28),(2068,1,'125130',1,77,'МОСКВА','НАРВСКАЯ','7','',21),(2069,1,'450105',1,02,'город Уфа','ул.М.Рыльского','7','108',0),(2071,1,'662626',1,84,'Тигрицкое','Ленина','34','',0),(2072,1,'162618',1,35,'Череповец','пр.Победы','170','',9),(2073,1,'656058',1,22,'БАРНАУЛ','ЮРИНА','230','',20),(2075,1,'236006',1,39,'Калининград','Наб. Адм. Трибуца','59','',22),(2078,1,'665734',1,38,'г.Братск ж.р.Энергетик','Мечтателей','33','',35),(2080,1,'658952',1,22,'с.Солоновка','Горьковская','56','0',0),(2082,1,'416411',1,30,'п.лиман','майорова','21','',2),(2084,1,'352330',1,23,'г. Усть-Лабинск','ул.Красная.','234','',25),(2085,1,'432031',1,73,'Ульяновск','Калнина','3','',13),(2089,1,'',1,00,'','','','',0),(2090,1,'462356',1,56,'Новотроицк','Орская','7','',77),(2096,1,'143300',1,50,'Наро-Фоминск','Шибанкова','4','',38),(2097,1,'140600',1,77,'Москва','','3','',4),(2102,1,'454545',1,16,'ававпвапавп','','21','4',5),(2103,1,'683012',1,41,'пос.Завойко','Петра-Ильечова','60','',73),(2104,1,'412580',1,64,'Новые Бурасы','Пушкина','36','',0),(2105,1,'614051',1,59,'Пермь','Юрша','56','',133),(2106,1,'142191',1,77,'г. Москва г. Троицк','Микрорайон \"В\"','51','',84),(2108,1,'648360',1,24,'с Байкит','Юрубченская','10','',0),(2109,1,'456306',1,74,'Миасс','Готвальда','21','',87),(2114,1,'141408',1,77,'г. Химки микрорайон Планерная','','18','',18),(2116,1,'364014',1,95,'Грозный','Б.Хмельницкого','141','7',137),(2118,1,'141408',1,50,'г. Химки микрорайон Планерная','','18','',73),(2119,1,'686410',1,49,'Омсукча','Транспортная','6','',54),(2123,1,'142191',1,77,'г. Москва г. Троицк','Микрорайон \"В\"','51','',84),(2124,1,'629404',1,83,'ЛАБЫТНАНГИ','МАГИСТРАЛЬНАЯ','8','35',16),(2126,1,'352394',1,23,'ГОРОД КРОПОТКИН','МОСКОВСКАЯ','204','',0),(2131,1,'140014',1,50,'Люберцы','Панковский проезд','11','',27),(2133,1,'115054',1,77,'Москва','Дубининская','11/17','',50),(2134,1,'386130',1,06,'АЛЬТИЕВО','Иски-Лорса','4','',0),(2135,1,'140014',1,50,'г.Люберцы','Октябрьский проспект','350','в',64),(2137,1,'665470',1,77,'усолье- сибирское','толбухина','19','',37),(2138,1,'109651',1,77,'район Марьино','Подольская','7','',40),(2145,1,'164524',1,29,'г. Северодвинск','Приморский Бульвар','12','',12),(2147,1,'676790',1,28,'пгт Прогресс','Крестьянская','33','',0),(2149,1,'196641',1,78,'Колпино','Октябрьская','25','',11),(2150,1,'140411',1,50,'коломна','зеленая','15','',44),(2152,1,'394000',1,36,'Воронеж','МОПРа','15/1','',90),(2153,1,'658980',1,22,'село Ключи','Полевая','44','',0),(2157,1,'142191',1,77,'Москва Троицк','Микрорайон \"В\"','51','',84),(2161,1,'392008',1,68,'г. Тамбов','1-я Полковая','36','',42),(2162,1,'813',1,64,'г.Балаково','30 лет Победы','1','',42),(2166,1,'143006',1,50,'Одинцово','','20','',0),(2167,1,'414004',1,30,'Астрахань','Барсовой','4','',4),(2168,1,'117279',1,77,'МОСКВА','Введенского','26','3',21),(2170,1,'216334',1,67,'Д. ФЕНИНО','','1','',0),(2177,1,'641781',1,45,'Половинное','М. Горького','5','',0),(2183,1,'183050',1,51,'Мурманск','Ледокольный','25','',8),(2184,1,'679000',1,79,'Биробиджан','Косникова','39','',1),(2185,1,'665653',1,38,'Железногорск-Илимский','8квартал','8','',211),(2186,1,'414056',1,30,'Астрахань','Акварельная 23','23','0',0),(2188,1,'140180',1,50,'РАМЕНСКОЕ','УЛ. КОММУНИСТИЧЕСКАЯ','7','-',200),(2190,1,'353417',1,23,'п.Витязево','ул.Сельская','56','',0),(2192,1,'182296',1,60,'п.идрица','строителей','2','',3),(2194,1,'398006',1,48,'гогрод липецк','краснозаводская','4','',5),(2195,1,'141932',1,50,'Село Новоникольское ','нет','2','1',10),(2199,1,'68500',1,49,'г.Магадан','Нагаевская','46','',4),(2203,1,'141552',1,50,'Ржавки','','20','',0),(2204,1,'47',1,58,'ИРОпапо','4dhsth','1','',0),(2206,1,'125264',1,77,'Москва','Демьяна Бедного','4','6',73),(2208,1,'629303',1,89,'Новый Уренгой','м-н Юбилейный','2','5а',20),(2209,1,'166000',1,77,'г нарьян мар','выучейского ','14','1',20),(2210,1,'685918',1,49,'г.магадан пгт.сокол','королева','15','',13),(2211,1,'140052',1,77,'Котельники','Новая ','17','Б',84),(2212,1,'689000',1,87,'город Анадырь','Ленина','55','',11),(2215,1,'368783',1,05,'Магарамкентский район с. Хорель','','10','1',1),(2225,1,'109559',1,77,'г.Москва','Ставропольская','58','2',32),(2226,1,'344048',1,61,'город Ростов-на-Дону','пер.Равенства','9','',0),(2227,1,'173023',1,53,'в.новгород','коровникова','9','4',31),(2228,1,'368940',1,05,'С. Унцукуль Унцукульского района','Магомеда Кебедова ','1','',0),(2232,1,'368940',1,05,'с. Унцукуль Унцукульского района','Магомеда Кебедова ','1','',0),(2234,1,'109383',1,77,'Москва','Шоссейная','2','1',98),(2236,1,'432031',1,73,'Ульяновск','Академика Филатова ','7','',251),(2237,1,'',1,31,'Белгород','5-го августа','27','3',100),(2238,1,'352915',1,23,'Армавир','Сов.Армии ','214','',46),(2240,1,'143700',1,50,'Шаховская','Новая','11','',0),(2242,1,'119618',1,77,'СОЛНЦЕВО','ГЛАВМОССТРОЯ','12','',36),(2245,1,'117628',1,77,'МОСКВА','ЗНАМЕНСКИЕ САДКИ','5','1',85),(2249,1,'676790',1,28,'пгт Прогресс','Крестьянская','33','',0),(2254,1,'198264',1,47,'г. Санкт-Петербург','Ветеранов просп.','143','1',105),(2261,1,'141801',1,50,'г.Дмитров','Архитектора Белоброва','9','',37),(2262,1,'142703',1,50,'город Видное','ул.Строительная','29','',174),(2268,1,'623480',1,66,'Екатеринбург','Кондукторская','6','',39),(2269,1,'',1,00,'','','','',0),(2270,1,'353560',1,23,'г. Славянск-на-Кубани','ул. Богдановская','55','',4),(2272,1,'677000',1,14,'якутсе','8 марта','92','',15),(2273,1,'347081',1,61,'Быстрогорский','Молодежная','6','',5),(2274,1,'164500',1,29,'г.Северодвинск','пр-т Труда','44','',36),(2277,1,'423570',1,16,'Нижнекамск','Менделеева','41','105',0),(2279,1,'119261',1,77,'город Москва','Ломоносовский проспект','3','4',59),(2280,1,'192071',1,78,'Санкт-Петербург','Турку','11','1',425),(2282,1,'174351',1,53,'город Окуловка','Декабристов','8','',0),(2283,1,'686410',1,49,'п. Омсукчан','Мира','16','а',4),(2286,1,'142181',1,50,'г Климовск','Заводская','24','2',42),(2287,1,'167021',1,11,'Сыктывкар','Проспект бумажников','40','',218),(2288,1,'141370',1,50,'г.Хотьково','2-ая рабочая','29','',8),(2289,1,'662151',1,84,'г.Ачинск ','квартал 28','4','',18),(2290,1,'140070',1,50,'пгт Томилино','мкрн. Птицефабрика','13','',1),(2291,1,'678990',1,14,'п.Беркакит','Башарина','8','',53),(2292,1,'624250',1,66,'г. Заречный','Клара Цеткин','23','1',113),(2293,1,'199106',1,78,'Санкт-Петербург','Опочинина','17','',46),(2294,1,'659400',1,22,'с Зональное','','9','',6),(2300,1,'352307',1,23,'Кирпильская','Партизанская','66','',0),(2301,1,'142803',1,50,'Ступино','Октябрьская','42','',3),(2303,1,'305007',1,46,'Курск','4-Моковский переулок','1/8','',1),(2304,1,'305007',1,46,'г.Курск','4-ый Моковский переулок','1/8','',1),(2312,1,'125480',1,77,'Москва','Туристская ','29','1',121),(2314,1,'425200',1,12,'Медведево','','19','',4),(2317,1,'119571',1,77,'Москва','Проспект вернадского','113','',183),(2318,1,'238730',1,39,'Краснознаменск','Антипенкова','2','',13),(2320,1,'644082',1,55,'Омск','Иртышская Набережная','35','',15),(2322,1,'618910',1,59,'Город Лысьва','Проспект Победы','23','',85),(2325,1,'350051',1,23,'г Краснодар','Новаторов','5','',6),(2326,1,'173013',1,53,'Великий Новгород','Дачная','4','',117),(2327,1,'676560',1,28,'Экимчан','пер.торговый','5','',2),(2331,1,'',1,50,'Серпухов','Советская','75/7','',32),(2332,1,'160023',1,35,'Вологда','Планерная','12','',10),(2334,1,'427790',1,18,'г. Можга','ул. Ворошилова','66','',0),(2335,1,'671272',1,03,'с.гремячинск','спортивная','3','',0),(2336,1,'600018',1,33,'Владимир','Комиссарова','4Б','',97),(2337,1,'109029',1,77,'г москва','Малая Калитниковска','16','',68),(2338,1,'452614',1,02,'ОКТЯБРЬСКИЙ','ЛЕНИНА','61','',40),(2343,1,'650000',1,42,'Кемерово','Ноградская','13','',12),(2347,1,'117208',1,77,'г. Москва','Сумской проезд','17','2',1),(2348,1,'142520',1,50,'Село Рахманово','','100','',31),(2349,1,'234234',1,60,'Йцукфываы','цукуцк','23','',23),(2351,1,'414056',1,77,'астрахань','татищева','17','а14',0),(2356,1,'141270',1,50,'Пос.Софрино','Средняя','11','',32),(2357,1,'629851',1,89,'г.тарко-сале','таежная','3','',9),(2358,1,'357401',1,26,'Железноводсу','Космонавтов','32','',21),(2359,1,'669459',1,38,'Егоровск','Заоозерная ','15','',0),(2361,1,'143721',1,77,'с. Середа','Микрорайон','15','',4),(2368,1,'628126',1,86,'Приобье','Строителей','15','',4),(2370,1,'142450',1,50,'ЩЕМИЛОВО ДЕР.','','25','',0),(2379,1,'662305',1,24,'П.ДУБИНИНО','9 МАЯ','15','',55),(2380,1,'617700',1,59,'п.Куеда','Гагарина ','31','',5),(2383,1,'427960',1,18,'сарапул','сосновская','19','',1),(2386,1,'663200',1,24,'Игарка','1микрорайон','2','',16),(2389,1,'197349',1,78,'','Пр.Испытателей','31','1',253),(2392,1,'301663',1,71,'Новомосковск','Донская','14','',28),(2394,1,'450104',1,02,'Уфа','2-ой проезд Гайдара','9','2',0),(2395,1,'197349',1,78,'СПб','Пр.Испытателей ','31','1',253),(2398,1,'249030',1,40,'Обнинск','проспект Маркса','78','',108),(2401,1,'143717',1,50,'д.Плоское','Центральная','2','',2),(2405,1,'636400',1,77,'подгорное','коммунистическая','18','',1),(2409,1,'249210',1,40,'Бабынино','ул.Строительная ','15','',9),(2412,1,'423823',1,16,'Набережные Челны','б-р Главмосстроевцев','6','',114),(2414,1,'353902',1,23,'г. Новороссийск','Северная','5','',0),(2418,1,'',1,00,'','','','',0),(2424,1,'400117',1,34,'г.Волгоград','8й воздушной армии ','54','',205),(2426,1,'662600',1,84,'Минусинск','Вокзальная','28','',7),(2430,1,'462813',1,56,'СТ.НОВООРСК','НАГОРНАЯ','6','',0),(2439,1,'735730',1,77,'Чкаловск','ул. Победа ','31','',6),(2442,1,'',1,00,'','','','',0),(2446,1,'107065',1,77,'Гольяново','Уссурийская','11','3',210),(2447,1,'169900',1,11,'Воркута','Пирогова','4а','',7),(2451,1,'614038',1,59,'Пермь','Лаврова ','16','1',34),(2452,1,'361000',1,95,'пирбоюрт','еленина','4','',0),(2453,1,'187650',1,47,'Гор. Бокситогорск поселок Сельхозтехника ','Поселок Сельхозтехника','9','',5),(2461,1,'248000',1,40,'калуга','радищева','8','',26),(2462,1,'105568',1,77,'МОСКВА','ЧЕЛЯБИНСКАЯ','13','',60),(2465,1,'602127',1,33,'дер злобино','','103','',0),(2466,1,'141552',1,77,'РЖАВКИ','','20','',93),(2468,1,'602280',1,33,'Межищи','Овражная','7','',4),(2469,1,'628331',1,86,'пгт Пойковский','3 микрарайон','119','',15),(2470,1,'693022',1,65,'г. Южно-Сахалинск','2-я Красносельская','2','',9),(2480,1,'160001',1,35,'Вологда','Чехова','17','',418),(2483,1,'625025',1,72,'г.Тюмень','Карла Маркса','93','',52),(2485,1,'660910',1,24,'кедровый','мира','6','',2),(2488,1,'249000',1,40,'Балабаново','Лермонтова','24','',3),(2492,1,'',1,00,'','','','',0),(2493,1,'',1,00,'','','','',0),(2495,1,'',1,00,'','','','',0),(2498,1,'',1,00,'','','','',0),(2501,1,'',1,00,'','','','',0),(2506,1,'',1,00,'','','','',0),(2509,1,'',1,00,'','','','',0),(2512,1,'',1,00,'','','','',0),(2513,1,'',1,00,'','','','',0),(2514,1,'',1,00,'','','','',0),(2515,1,'',1,00,'','','','',0),(2519,1,'',1,00,'','','','',0),(2520,1,'',1,00,'','','','',0),(2522,1,'',1,00,'','','','',0),(2523,1,'',1,00,'','','','',0),(2524,1,'',1,00,'','','','',0),(2525,1,'',1,00,'','','','',0),(2527,1,'',1,00,'','','','',0),(2530,1,'',1,00,'','','','',0),(2531,1,'',1,00,'','','','',0),(2535,1,'',1,00,'','','','',0),(2536,1,'',1,00,'','','','',0),(2537,1,'',1,00,'','','','',0),(2540,1,'',1,00,'','','','',0),(2541,1,'',1,00,'','','','',0),(2542,1,'',1,00,'','','','',0),(2544,1,'',1,00,'','','','',0),(2545,1,'',1,00,'','','','',0),(2546,1,'',1,00,'','','','',0),(2549,1,'',1,00,'','','','',0),(2552,1,'',1,00,'','','','',0),(2553,1,'665932',1,38,'г. Байкальск','м-он Южный 4 кваотал','24','',30),(2554,1,'354024',1,23,'Сочи','Курортный','96','3',8),(2558,1,'142184',1,77,'г.Климовск','50 лет Октября','22А','',47),(2559,1,'685000',1,49,'г.Магадан','Гагарина','21','',70),(2560,1,'628001',1,86,'Ханты-Мансийск','Ледовая','3','',44),(2561,1,'628615',1,86,'нижневартовск','дзержинского','19','а',142),(2562,1,'672492',1,75,'БУКАЧАЧА','ПРОФСОЮЗНАЯ','1','1',0),(2563,1,'162394',1,35,'д.Юдино пер.Полевой Великоустюгский р-н.','','1','',0),(2565,1,'117546',1,77,'Москва','Медынская','11','',109),(2567,1,'433507',1,73,'Димитровград','Театральная','10','',33),(2573,1,'115432',1,77,'Москва','Лобанова','5','',6),(2579,1,'444',1,77,'Моска','','2','2',2),(2584,1,'665401',1,38,'г.Черемхово','переулок Ангарский ','2','',3),(2589,1,'628684',1,86,'МЕГИОН','НЕФТЯНИКОВ','27','',2),(2600,1,'682410',1,27,'п.Циммермановка','Молодёжная','9','',1),(2601,1,'838842',1,04,'с.кош-агач','социалистическая 12','12','',2),(2604,1,'450068',1,77,'Уфа','Адмирала Ушакова','70','',47),(2605,1,'694240',1,65,'Поронайск','Восточная','129','',7),(2611,1,'127273',1,77,'МОСКВА','ОЛОНЕЦКАЯ','21','',331),(2612,1,'197706',1,78,'сестрорецк','токарева','13а','',49),(2614,1,'454081',1,74,'Г.ЧЕЛЯБИНСК','АРТИЛЛЕРИЙСКАЯ','8','',21),(2615,1,'142803',1,50,'г. Ступино','Куйбышева','61','А',73),(2616,1,'69402',1,65,'г.корсаков','окружная','118','б',306),(2620,1,'127015',1,77,'М. Савеловская','2-я квесисская','9','',23),(2621,1,'660049',1,24,'Красноярск','Дубровинского, 52-19','52','',19),(2623,1,'',1,00,'','','','',0),(2626,1,'109559',1,77,'Москва','Совхозная ','16','1',9),(2628,1,'650068',1,42,'Кемерово','ул. Халтурина 37 а кв 61','37','а',61),(2633,1,'652150',1,42,'Мариинск','строительный','5','',2),(2634,1,'169300',1,11,'Инта','Горького ','21','',50),(2635,1,'665000',1,77,'Домодедово','Лунная','23','1',63),(2636,1,'659900',1,22,'Белокуриха','Ждановых','103','',2),(2643,1,'357111',1,26,'Невинномысск','Лазо','1','А',51),(2646,1,'109117',1,77,'Москва','Волгоградский проспект','109','2',24),(2647,1,'140150',1,50,'быково','первомайская','29','2',0),(2649,1,'127490',1,77,'Москва','северный бульвар','6','',377),(2652,1,'117042',1,77,'Москва','скобелевская','5','1',37),(2655,1,'160000',1,35,'Вологда','Козленская','71','',16),(2657,1,'117152',1,77,'Москва','Севастопольский проспект','7','4',3),(2658,1,'140100',1,50,'Раменское','донинское шоссе','4','',52),(2660,1,'663311',1,84,'г.Норильск','красноярская ','5','',4),(2663,1,'454018',1,74,'Челябинск','Бехтерева','4','а',1),(2666,1,'122368',1,77,'Москва ','Ул. Дубравная ','40','',0),(2667,1,'125368',1,77,'Митино ','Дубравная ','40','',275),(2668,1,'125362',1,77,'Москва','Свободы','17','',63),(2669,1,'352700',1,77,'Г. ТИМАШЕВСК','УЛ.СТЕПАНОВА','8','',0),(2674,1,'444444',1,77,'Усть-Каменоломск','','44','',0),(2675,1,'142300',1,50,'г. Чехов','Московская','92','',18),(2676,1,'142304',1,50,'пос. Крюково','Зеленая','27','',0),(2677,1,'246050',2,00,'г.Гомель','ул.Катунина ','24','а',32),(2678,1,'200119',1,77,'г Бухара','21/2 ','21/2','',41),(2680,1,'111111',1,77,'Москва','','11','',0),(2682,1,'390026',1,62,'Рязань','2-я Линия','3','',17),(2683,1,'110000',1,77,'Костанай','Герцена','40','',14),(2686,1,'140009',1,50,'п. Красково','Карла Маркса','61','',17),(2687,1,'129090',1,77,'Москва','Грохольский переулок','31','',3),(2688,1,'295050',1,77,'Симферополь Республика Крым','Никанорова','11','',20),(2689,1,'115407',1,77,'г.Москва','Судостроительная','35\\12','',9),(2691,1,'416550',1,30,'Знаменск','Волгоградская','24а','',0),(2698,1,'117148',1,77,'Москва','маршала Савицкого','20','',36),(2699,1,'215010',1,67,'Гагарин','Ломоносова','1','',0),(2700,1,'171508',1,69,'город Кимры','улица Кирова','54','',4),(2702,1,'142007',1,50,'г.Домодедово мкр.Авиационный','Ильюшина','15','1',55),(2703,1,'196653',1,78,'санкт-петербург','','3','',14),(2704,1,'353100',1,23,'ст. Выселки','ул. Ленина','67','',9),(2706,1,'352947',1,23,'г. Армавир х. Красная Поляна','Кавказская ','120','',0),(2709,1,'169710',1,11,'Усинск','Мира','15','',38),(2709,2,'169710',1,11,'Усинск','Приполярная','10А','',100),(2710,1,'115407',1,77,'Москва','Судостроительная','20/2','1',46),(2712,1,'148001',1,50,'Лыткарино','Коммунистическая','53','',66),(2715,1,'142500',1,50,'п.Большие Дворы Павлопосадского района ','Спортивная','23','',31),(2717,1,'117535',1,77,'Район Чертаново Южное','Россошанская','7','1',284),(2719,1,'601505',1,33,'Гусь-Хрустальный','Теплицкий проспект','22','',77),(2719,2,'144000',1,50,'г.Электросталь','пр.Ленина','1','',115),(2721,1,'301440',1,71,'Одоев','50 лет Октября','76','а',24),(2723,1,'142432',1,77,'Черноголовка','Институтский пр-т','11','',73),(2724,1,'125475 ',1,77,'Москва','Дыбенко','6','1',25),(2725,1,'109444',1,77,'Москва','Ташкентский переулок','9','2',8),(2726,1,'123557',1,77,'Москва','Малая Грузинская','3-9','',28),(2728,1,'143613',1,50,'Волоколомский район, дер. Глазачево','Ключевая','2','',0),(2728,2,'121359',1,77,'Москва','Бобруйская','26','2',25),(2729,1,'462431',1,56,'г.Орск','Кутузова','48','',38),(2730,1,'117525',1,77,'Москва','Чертановская','32','1',156),(2731,1,'141292',1,77,'Красноармейск','','15','',0),(2734,1,'142100',1,50,'Подольск','Февральская','37/5','',0),(2735,1,'129347',1,77,'Москва','Алтуфьевское шоссе','78','',634),(2736,1,'143390',1,77,'кокошкино','дзержинского','4','',45),(2737,1,'302019',1,57,'Орел','Часовая','45','',55),(2738,1,'628447',1,86,'Нижнесортымский','Северная','18','',14),(2740,1,'143080',1,50,'ВНИИССОК','Михаила Кутузова','7','',19),(2741,1,'248023',1,40,'гор. Калуга','Ф. Энгельса','20','',73),(2743,1,'125130',1,77,'Москва','6-ой новоподмосковный переулок','6','',31),(2744,1,'186931',1,10,'КОСТОМУКША','ЛЕНИНА','15','',25),(2745,1,'',1,00,'','','','',0),(2747,1,'100014',3,00,'г.Ташкент','22 военный городок','12','',9),(2750,1,'172400',1,69,'Пос.Оленино','ул.Октябрьская','23','',30),(2751,1,'127276',1,77,'Москва','академика Комарова','5А','',36),(2754,1,'307060',1,46,'п. Тим','ул. Красноармейская','84','',0),(2756,1,'443081',1,63,'г. Самара','Стара Загора','86','',44),(2758,1,'143717',1,50,'Шаховский район, село Ивашкова','Новая','11','',11),(2760,1,'403243',1,34,'Солонцовский х','нет','90','',1),(2761,1,'140209',1,50,'Воскресенский район. с. Федино','-','9','',7),(2764,1,'444444',1,77,'ааааа','ааааа','44','44',44),(2765,1,'452414',1,02,'с. Карамалы','ул. Центральная','46','',0),(2766,1,'413121',1,64,'Энгельс','Полтавская','40','а',103),(2767,1,'628013',1,86,'Ханты-Мансийск','Осенняя','5','',56),(2769,1,'141282',1,50,'г.Ивантеевка','Центральный проезд','15','',46),(2770,1,'744',1,77,'Туркменистан ','','70','',63),(2771,1,'109156',1,77,'г. Москва','Саранская','6','2',153),(2772,1,'198332',1,78,'Санкт-Петербург','ЛенинскиЙ пр.','80','1',6),(2773,1,'141071',1,77,'Королев','Лесная','1','',51),(2775,1,'115612',1,77,'г.Москва','Ключевая','10','2',268),(2776,1,'115191',1,77,'г. Москва','','85','',0),(2777,1,'105275',1,77,'Москва','Бориса Жигуленкова','27','',82),(2778,1,'628187',1,86,'Нягань','Пионерская','27','',14),(2779,1,'142191',1,77,'Троицк','Академическая площадь','4','',147),(2780,1,'429958',1,21,'Новочебоксарск','Солнечная','28','',32),(2780,2,'143400',1,50,'Красногорск','Братьев Горожанкиных','28','',78),(2781,1,'677005',1,14,'Якутск','Лермонтова','42','',12),(2785,1,'141702',1,50,'Долгопрудный','Лихачевское ш','21','',38),(2786,1,'303580',1,57,'корсаково','пролетарская','55','',0),(2790,1,'127273',1,77,'Москва','Отрадная','18','',55),(2791,1,'667000',1,17,'Кызыл','Безымянная','101','',0),(2792,1,'152321',1,76,'п. Константиновский','Некрасовская','4','',3),(2793,1,'353912',1,23,'Новороссийск','Видова','167','',311),(2794,1,'660052',1,24,'красноярск','Тимошенкова','159','',103),(2796,1,'121596',1,77,'Москва','ул. Говорова','15','',117),(2797,1,'109129',1,77,'Москва','8-Текстильщиков','12','',21);
/*!40000 ALTER TABLE `reg_applicant_address` ENABLE KEYS */;
UNLOCK TABLES;

--
-- Table structure for table `reg_applicant_edu_doc`
--

DROP TABLE IF EXISTS `reg_applicant_edu_doc`;
/*!40101 SET @saved_cs_client     = @@character_set_client */;
/*!40101 SET character_set_client = utf8 */;
CREATE TABLE `reg_applicant_edu_doc` (
  `id` int(5) NOT NULL AUTO_INCREMENT COMMENT 'Идентификатор файла',
  `applicant` int(11) unsigned NOT NULL COMMENT 'абитуриент',
  `edu_doc` int(2) NOT NULL DEFAULT '0' COMMENT 'тип документа',
  `serie` char(6) DEFAULT NULL COMMENT 'серия',
  `number` varchar(15) NOT NULL COMMENT 'номер',
  `institution` varchar(200) NOT NULL COMMENT 'учебное заведение',
  `date` date NOT NULL DEFAULT '0000-00-00' COMMENT 'дата выдачи',
  `specialty` char(200) DEFAULT NULL COMMENT 'специальность',
  `primary` tinyint(1) NOT NULL DEFAULT '0' COMMENT 'Первичный документ',
  `copy` tinyint(1) NOT NULL DEFAULT '0' COMMENT 'Копия?',
  `filename` text NOT NULL COMMENT 'Имя файла',
  `load_date` timestamp NOT NULL DEFAULT CURRENT_TIMESTAMP COMMENT 'Дата загрузки',
  PRIMARY KEY (`id`),
  KEY `applicant` (`applicant`),
  KEY `edu_doc` (`edu_doc`),
  CONSTRAINT `reg_applicant_edu_doc_ibfk_1` FOREIGN KEY (`applicant`) REFERENCES `reg_applicant` (`id`) ON DELETE CASCADE ON UPDATE CASCADE,
  CONSTRAINT `reg_applicant_edu_doc_ibfk_2` FOREIGN KEY (`edu_doc`) REFERENCES `reg_edu_doc` (`id`) ON DELETE CASCADE ON UPDATE CASCADE
) ENGINE=InnoDB AUTO_INCREMENT=750 DEFAULT CHARSET=utf8 COMMENT='Документы об образовании абитур';
/*!40101 SET character_set_client = @saved_cs_client */;

--
-- Dumping data for table `reg_applicant_edu_doc`
--

LOCK TABLES `reg_applicant_edu_doc` WRITE;
/*!40000 ALTER TABLE `reg_applicant_edu_doc` DISABLE KEYS */;
INSERT INTO `reg_applicant_edu_doc` VALUES (91,229,1,'2345','123456','Школа123','2005-01-30','',0,0,'photo 1.jpg','2010-08-02 10:36:32'),(92,231,1,'5432','54322','54554','2000-01-18','',1,0,'1 005.jpg','2010-08-03 06:14:25'),(93,232,1,'Б','0257902','Вечерняя (сменная) общеобразовательная ш','2003-06-20','',1,0,'01.jpg','2010-08-03 11:17:47'),(94,194,6,'ВН','0294708','Тобольский государственный педагогический институт им.Менделеева','2006-04-28','История',1,0,'','2010-08-05 11:04:22'),(95,240,1,'А-','0039080','МОУ среднеобразовательная шлола №3 г.Югорска Тюменской области','1998-06-18','',0,0,'img006.jpg','2010-08-10 13:03:19'),(96,240,1,'А_','0039080','МОУ средняя образовательная школа №3 г.Югорска Тюменской области','1998-06-18','',0,0,'img007.jpg','2010-08-10 13:05:50'),(97,240,1,'А','0039080','МОУ среднееобразовательная школа №3 г. Югорска Тюменской области','1998-06-18','',1,0,'img008.jpg','2010-08-10 13:07:42'),(98,247,3,'СБ','6797866','Егорьевский Промышленно- Экономический Техникум Московской области','2007-06-25','Менеджмент (по отраслям)',1,0,'.jpg','2010-08-10 17:58:33'),(99,242,1,'A','9551466','Государственное общеобразовательное учреждение открытая (сменная) общеобразовательная школа №167 Красносельского административного района Санкт-Петербурга','2004-06-18','',0,0,'scan0001.jpg','2010-08-12 09:12:27'),(100,242,1,'А','9551466','Государственное общеобразовательное учреждение открытая (сменная) общеобразовательная школа №167 Красносельского административного района Санкт-Петербурга','2004-06-18','',1,0,'scan0002.jpg','2010-08-12 09:15:29'),(101,253,1,'Б','1860659','Государственное общеобразовательное учреждение открытая (сменная) общеобразовательная школа №167 Красносельского административного района Санкт-Петербурга','2005-06-17','',1,0,'scan0012.jpg','2010-08-12 09:24:02'),(102,258,1,'а','1961064','школа гимназия №5','0000-00-00','',1,0,'20100813004.jpg','2010-08-13 21:14:27'),(104,266,5,'АВБ','0538061','Российский университет дружбы народов','2001-06-27','Лингвистика',1,0,'_Page_1_2.jpg','2010-08-17 00:01:01'),(105,267,7,'083490','0013904','Современный гуманитарный институт','2002-12-26','юриспруденция',1,0,' сканирование0001.jpg','2010-08-17 03:07:25'),(106,267,7,'АВ0834','0013904','Современный гуманитарный институт','2002-12-26','юриспруденция',0,0,' (2) сканирование0002.jpg','2010-08-17 03:14:15'),(107,271,6,'ВН-','0174289','Государстенное образовательное учреждение высшего профессионального образования Московский государстенный индустриальный университет','2010-07-27','Прикладная математика и информ',1,0,'Diplom.JPG','2010-08-17 12:50:57'),(108,271,6,'ВН','0174289','Государственное образовательное учреждение высшего профессионального образования Московский государственный индустриальный университет','2010-07-27','Прикладная математика и информ',0,0,'Diplom2.JPG','2010-08-17 12:53:25'),(109,236,1,'Б','0174024','Вечерняя сменная общеобразовательная школа г.Краснокамска Пермской обл.','2003-06-25',NULL,1,0,'','2010-08-20 06:21:06'),(110,282,1,'Б','4150407','МОУ \"Центр образования\" г. Певек Чаунского района Чукотского АО','2006-06-19','',1,0,'x 001.jpg','2010-08-21 10:41:01'),(111,249,1,'А','014213','Эльдиканская средняя школа Усть-Майского улуса Республики Саха (Якутия)','1996-06-18',NULL,1,0,'','2010-08-23 09:03:02'),(113,272,1,'Б','4092194','МОУ средняя общеобразовательная школа №3 г.Кызыла Республики Тыва','2006-06-17',NULL,1,0,'','2010-08-26 11:46:39'),(116,298,1,' 38АБ','0000800','ЦОМ №10 г.Иркутска','2010-07-14','',1,0,'about_client_frame_b.jpg','2010-08-28 06:20:55'),(117,299,1,'СБ','05443243','ПГМСК г.Саратова','2006-04-08','',0,0,'DSC03391.JPG','2010-08-28 09:12:28'),(118,299,3,'СБ','5443243','ПГМСК г.Саратова','2006-04-08','',1,0,'DSC03385.JPG','2010-08-28 09:14:37'),(119,308,3,'В','040711','Среднее ПТУ №13','1990-06-29','токарь, оператор станков с про',1,0,'2.jpg','2010-08-29 15:22:49'),(120,319,3,'сб','4212696','Военно-морской институт радиоэлектроники им.А.С. Попова','2006-04-20','Автоматизированные системы обр',1,0,' 006.jpg','2010-08-31 09:38:01'),(121,321,3,'СБ','0540659','Новомосковский Политехнический колледж','2001-06-30','Техническое обслуживание и рем',1,0,' приложение 001.jpg','2010-08-31 15:28:49'),(122,321,3,'СБ-','0540659','НПК','2001-06-30','Техническое обслуживание и рем',0,0,' 001.jpg','2010-08-31 15:30:55'),(123,325,1,'А','4541878','СОШ №510','1999-06-25','',0,0,'image02.jpg','2010-08-31 22:00:39'),(124,327,1,'сб','5154150','ФГОУ СПО Читинский сельскохозяйственный техникум','2005-00-28','менеджмент',0,0,'SDC11644.JPG','2010-09-02 12:10:42'),(125,327,4,'сб','5154150','ФГОУ СПО Читинский сельскохозяйственный техникум','2005-06-28','менеджмент',1,0,'SDC11646.JPG','2010-09-02 12:16:41'),(126,335,1,'Б','4064701','Муниципальное общеобразовательное учреждение средней общеобразовательной школы с. Красное Николаевского муниципального района Хабаровского края','2006-06-23','',1,0,'img001.jpg','2010-09-03 04:55:30'),(127,346,1,'АА','0019164','Муниципальное общеобразовательное учереждение Воротненская средняя общеобразовательная школа \"Образовательный центр\"','2007-06-29','',1,0,'3.JPG','2010-09-07 13:03:05'),(128,347,1,'Б','1613765','Муниципальное общеобразовательное учреждение *Средняя общеобразовательная школа № 5 с углубленным изучением отдельных предметов г.Шебекино Белгородской обл.*','2004-06-25','',1,0,'0593.jpg','2010-09-07 15:30:13'),(129,343,1,'А','079001','средняя школа № 92','1993-06-19','',0,0,'1.jpg','2010-09-08 07:15:46'),(130,348,4,'СБ','3761304','Красноярский строительный техникум','2003-05-31','Экономика,бухг.учёт и контроль',1,0,'..bmp','2010-09-09 05:42:04'),(131,355,7,'АВ','1755840 ','Воронежкий государствунный университет','2007-08-22','радиофизика и электроника',1,0,'2.jpg','2010-09-09 08:54:39'),(132,355,7,'АВ','1755840','Воронежский государственный университет','2007-08-22','',0,0,'.jpg','2010-09-09 08:56:43'),(133,357,7,'123','4567','лиси','2000-01-11','повар',0,0,'19m0008a.jpg','2010-09-09 13:58:23'),(134,358,2,'АА','009','Негосударственное образовательное учреждение начального профессионального образования\"Салезианский Центр Дон Боско\"','2005-06-30','печатник плоской офсетной печати 3 разряда',0,0,'001.jpg','2010-09-10 07:03:22'),(135,366,7,'АВ','1351656','Тюменский государственный университет','2010-09-15','экономика управления на предприятии',0,0,'Jellyfish.jpg','2010-09-11 09:10:35'),(136,367,7,'АВ','1351656','тюменский гос.университет','2010-09-15','экономика управления на предприятии',0,0,'Jellyfish.jpg','2010-09-11 14:55:42'),(137,368,5,'0053','759586','СГАУ','2007-06-16','менеджмент',0,0,'300702010016.jpg','2010-09-11 19:33:41'),(138,376,4,'АК','0145020','Самарский индустриально-педагогический колледж сферы быта и услуг','2000-06-28','технология',0,0,'IMG.jpg','2010-09-13 07:49:59'),(139,376,1,'А','0723351','средняя общеобразовательная школа №4 г.Октябрьск, Самарской обл','1997-06-20','',1,0,'IMG_0001.jpg','2010-09-13 07:59:36'),(140,380,3,'СБ','6038393','ГОУ Колледж МИД РФ','2006-06-26','Специалист по ДОУ и архивист',0,0,'0004.jpg','2010-09-13 14:42:59'),(141,380,1,'Б','1166540','Школа №1231 им.В.Д.Поленова с угубленным изучением иностранного языка','2004-06-25','',1,0,'0001.jpg','2010-09-13 14:46:15'),(142,380,1,'Б','1166540','табель','2004-06-25','',0,0,'.jpg','2010-09-13 14:48:24'),(143,380,3,'СБ','6038393','приложение к диплому','2006-06-26','',0,0,' к диплому.jpg','2010-09-13 14:49:12'),(144,380,3,'СБ','6038393','приложение к диплому 2','2006-06-26','',0,0,' к диплому 2.jpg','2010-09-13 14:50:13'),(145,380,4,'№','0698','Международный центр обучения в сотр-ве с Колледжем МИД РФ','2006-06-28','',0,0,'.jpg','2010-09-13 14:53:04'),(146,379,3,'д','019214','СПТУ №15','1995-06-23','слесарь ЭПС 3-го разряда',1,0,'.JPG','2010-09-14 08:16:06'),(147,374,4,'B','165147','профессиональное училище N35','2000-06-01','продавец,контролер-кассир',0,0,'Mail0351.JPG','2010-09-14 15:57:06'),(148,374,4,'B','165147','Профессиональное училище 35 г Шатура','2000-06-01','продавец,контролер-кассир',0,0,'Mail0351.JPG','2010-09-14 15:59:14'),(150,400,3,'55БА','0002862','БОУ Омской области СПО \"Омский государственны колледж управления и профессиональных технологий\"','2008-06-30','ТО СВТ и КС',1,0,' образования.jpg','2010-09-17 09:31:08'),(151,417,1,'А','571273','школа №351','1994-06-24','',1,0,'.JPG','2010-09-21 13:25:41'),(152,418,3,'СБ','3013751','Липецкий Металлургический Колледж','2002-06-26','Автоматизированные системы обработки информации и управления',1,0,'.jpg','2010-09-21 16:58:37'),(153,418,1,'СБ','3013751','ЛМК','2002-06-26','',0,0,'_влож_1.jpg','2010-09-21 16:59:50'),(154,423,1,'А','284966','г.Костомукша Карельская АССР','1990-06-16','',1,0,'x0.jpg','2010-09-23 09:53:25'),(155,396,7,'АВ','2121125','НОЧУ ВПО Уральский Институт Фондового Рынка','2010-09-10','Финансы и Кредит',0,0,'2.jpg','2010-09-29 05:24:30'),(156,396,1,'Б','2491884','Екатеринбургское Суворовское Военное Училище Министерства обороны Российской Федерации','2005-06-17','',0,0,'.jpg','2010-09-29 05:30:06'),(157,263,1,'','814513','Средняя школа №206 Сибирь','1978-06-20','',1,0,'diplom-8.jpg','2010-09-29 08:12:30'),(158,442,5,'цв','424663','институт советской торговли ','1996-06-28','товароведение',1,0,'6572f_a.jpg','2010-09-29 10:55:45'),(159,447,5,'ДВС','0826020','Поволжский институт бизнеса','2001-06-29','Маркетинг',1,0,'img101.jpg','2010-09-30 10:48:52'),(160,447,5,'ДВС','0826020','Поволжский институт бизнеса','2001-06-29','Маркетинг',0,0,'img102.jpg','2010-09-30 10:50:04'),(161,447,5,'ДВС','0826020','Поволжский институт бизнеса','2001-06-21','Маркетинг',0,0,'img103.jpg','2010-09-30 10:51:09'),(162,454,3,'90БА','0605669','Федеральное государственное образовательное учреждение высшего профессионального образования \"Северо-Западная академия государственной службы\"\"','2009-10-23','ЮРИСТ \"Правоведение\"',0,0,' 020.jpg','2010-10-04 14:24:26'),(163,454,3,'90БА','0605669','Федеральное государственное образовательное учреждение высшего профессионального образования \"Северо-Западная академия государственной службы\"','2009-10-23','ЮРИСТ «Правоведение»',0,0,' 019.jpg','2010-10-04 14:30:04'),(164,454,3,'90БА','0605669','Федеральное государственное образовательное учреждение высшего профессионального образования \"Северо-Западная академия государственной службы\"','2009-10-23','ЮРИСТ «Правоведение»',0,0,' 021.jpg','2010-10-04 14:32:02'),(165,241,1,'42АА','0022649','Муниципальное общеобразовательное учреждение \"Яйская средняя общеобразовательная школа №3\"','2007-07-17',NULL,1,0,'','2010-10-06 07:34:47'),(166,471,4,'Б','591587','Профессиональное училище №164','1998-06-10','Модельщик по деревянным моделям',1,0,'img005.jpg','2010-10-07 11:23:07'),(167,475,4,'Е','136878','Профессиональное училище № 76','2005-12-30','электромеханик по лифтам',1,0,'IMG_4243.JPG','2010-10-08 23:56:32'),(168,475,8,'04-10','8054210','Государственная экзаменационная комиссия города С-Пб','2004-06-25','',1,0,'IMG_4246.jpg','2010-10-08 23:59:37'),(169,475,1,'Б','1780146','средняя общеобразовательная школа №518','2004-06-21','',1,0,'IMG_4247.jpg','2010-10-09 00:02:17'),(170,476,1,'A','8783833','школа 2','2002-06-20','',1,0,'0007.JPG','2010-10-09 07:01:22'),(171,476,1,'A','8783833','Школа 2','2002-06-20','',0,0,'0006.JPG','2010-10-09 07:04:29'),(172,476,1,'A','8783833','Школа 2','2002-06-20','',0,0,'0005.JPG','2010-10-09 07:05:46'),(173,479,1,'дл','09','лол','2000-01-05','',1,0,'1268739239_37_preview_80.jpg','2010-10-09 18:22:10'),(174,470,3,'А','127688','Средне Специальное техническое училище №1 г.Новосибирска','1979-07-17','Токарь',1,0,'.jpg','2010-10-11 03:24:39'),(175,491,1,'Б','4658243','Муниципальное образовательное учреждение \"Средняя общеобразовательная школа № 149\"','2006-06-23','',1,0,'img001.jpg','2010-10-14 12:40:40'),(176,494,4,'СТ-1','003615','ТАТУ ГА','1993-03-01','1303 Техническая эксплуатация воздушных судов и двигателей',0,0,'diplom.jpg','2010-10-15 19:26:24'),(177,495,1,'А','1464935','Вечерняя средняя(полная)школа №13','1998-06-20','',0,0,'001.jpg','2010-10-17 08:56:15'),(178,495,3,'90 БА','0890653','Уральский политехнический колледж','2010-07-05','Экономика и бухгалтерский учет',1,0,'004.jpg','2010-10-17 08:58:28'),(179,494,1,'А','040875','Средняя школа №12 города Красноводска','1990-07-05',NULL,1,0,'','2010-10-20 08:42:23'),(180,507,2,'Г','546088','ГОУ Профессиональное училище № 17','2003-06-30','автослесарь',1,0,' И.П. Диплом НПО.doc.jpg','2010-10-22 11:42:25'),(181,511,7,'0000','123456','МГИМ им. А.Г. Шнитке','2010-10-25','',0,0,'.jpg','2010-10-24 11:07:50'),(182,517,4,'РТ','197869','Московский гидрометеорологический техникум','1991-06-28','Гидрометеорологические радиолокационные устройства',1,0,'DSC00609.JPG','2010-10-25 18:36:34'),(183,515,1,'А','1467141','Средняя общеобразовательная школа №56 г. Брянска','1997-06-20','',1,0,'.jpg','2010-10-27 08:19:12'),(184,441,1,'Б','4343601','Центр образования №1420','2006-06-23','',0,0,' 1.bmp','2010-11-08 16:07:22'),(185,554,7,'АВ','1641430','Российский Государственный Университет туризма и сервиса','2010-09-07','информационные системы в сфере сервиса',0,0,'DSC04845.JPG','2010-11-13 11:45:27'),(186,553,3,'ЛТ','738989','Московский колледж электронной техники','1995-05-31','менеджер в производстве изделий электронной техники',0,0,'125419.jpg','2010-11-16 09:04:56'),(187,559,1,'22АБ','0008199','открытая(сменная) общеобразовательная школа №6 города Барнаула Алтайского края','2009-06-24','кассир-операционист электронных ккм',0,0,'.jpeg','2010-11-16 10:19:03'),(188,559,8,'000002','6972964','открытая (сменная)общеобразовательная школа №6 города Барнаула Алтайского края','2010-06-25','',0,0,'.jpeg','2010-11-16 10:26:11'),(189,581,3,'86БА','0003543','БУ СПО ХМАО-Югры \"Ханты-Мансийский колледж сервиса и технологий\"','2009-06-27','Гостиничный сервис',0,0,'001.jpg','2010-11-22 16:38:59'),(190,588,5,'ВСА','0204917','Ставропольский государственный университет','2007-05-23','Прикладная информатика в области экономики',1,0,'111111.jpg','2010-11-25 07:41:40'),(191,589,1,'14','4141','41','2000-01-07','',0,0,'Chrysanthemum.jpg','2010-11-25 10:43:22'),(192,590,1,'0','0','3','2000-01-04','',1,0,'Tulips.jpg','2010-11-25 11:12:33'),(193,578,7,'AB','2362438','Читинский Государственный университет','2008-12-26','Электроснабжение',0,0,'1.JPG','2010-11-28 02:57:24'),(194,596,2,'63','1235','Государственное образовательное учреждение среднего профессионального образования - Губернский колледж г.Сызрани','2007-07-02','',1,0,'dscn0527.jpg','2010-11-29 06:12:10'),(195,604,5,'BCB','1796548','Российский Государственный Социальный университет','2006-06-15','Менеджер',0,0,'001.jpg','2010-12-03 11:54:07'),(196,604,5,'BCB','1796548','Российский Государственный Социальный университет','2006-06-15','Менеджер',0,0,'002.jpg','2010-12-03 11:55:55'),(197,604,5,'BCB','1796548','Российский Государственный Социальный Университет','2006-06-15','Менеджер',0,0,'003.jpg','2010-12-03 11:57:01'),(198,605,3,'СБ','7094243','Муниципальное образовательное учреждение среднего профессионального образования \"Усть-Илимский технологический колледж\"','2007-11-06','Документационное обеспечение управление и архивоведение',0,0,'_Портр_065.jpg','2010-12-05 11:32:10'),(199,614,2,'А','319743','СПб МИПК \"Перспектива\"','2006-06-30','бухгалтер',0,0,'HPIM1352.JPG','2010-12-09 10:27:53'),(200,616,1,'27АА','0008312','Муниципальное общеобразовательное учреждение средняя школа №9 города Хабаровска','2007-06-25','',1,0,'0002.jpg','2010-12-10 04:58:23'),(201,618,1,'27АА','0008312','Муниципальным общеобразовательным учреждением средней общеобразовательной школой №9 города Хабаровска','2007-06-27','',0,0,'0005.jpg','2010-12-10 05:23:55'),(202,618,1,'27АА','0008312','Муниципальным общеобразовательным учреждением средней общеобразовательной школой №9 города Хабаровска','2007-06-25','',0,0,'0002.jpg','2010-12-10 05:25:59'),(203,618,1,'27АА','0008312','Муниципальным общеобразовательным учреждением средней общеобразовательной школой №9 города Хабаровска','2007-06-25','',0,0,'0003.jpg','2010-12-10 05:28:41'),(204,627,3,'РТ','626539','Политехнический техникум г.Грозного','1991-07-12','\"Строительство зданий и сооружений\"',0,0,'02122010467.jpg','2010-12-13 11:53:36'),(205,632,8,'112','112','Средняя школа','2005-06-18','',0,0,'1245822659_25573004_izmeneniya_ne_vstupyat_v_silu_d.jpg','2010-12-15 23:28:26'),(206,640,3,'6543','545','учреждение','1923-08-15','специальность',0,0,'_МАМИ_ИИТ_1.jpg','2010-12-17 08:37:04'),(207,652,1,'Б','4890213','Муниципальное общеобразовательное учреждение Средняя общеобразовательная школа №207 города Новосибирска','2006-06-23','',0,0,'.jpg','2010-12-24 09:25:43'),(208,652,1,'Б','4890213','Муниципальное общеобразовательное учреждение Средняя общеобразовательная школа №207 города Новосибирска','2006-06-23','-',0,0,' 001.jpg','2010-12-24 09:28:07'),(209,652,1,'Б','4890213','Муниципальное общеобразовательное учреждение Средняя общеобразовательная школа №207 города Новосибирска','2006-06-23','-',0,0,' 002.jpg','2010-12-24 09:28:48'),(210,659,3,'90 БА','0379349','Российский Государственный Университет Туризма и Сервиса','2008-07-01','Автоматизированные систему обработки информации и управления',1,0,'.jpg','2010-12-31 07:31:30'),(211,669,1,'03 АА','0001109','МОУ \"Хоронхойская средняя общеобразовательная школа\"','2007-06-27','',0,0,'.jpg','2011-01-08 04:36:01'),(212,684,4,'Б','707721','Львовское проф.тех.уч.№91 Подольслого р-на.Мос.обл.','1992-07-03','Электрогазосварщик вод.авт.',1,0,'_ДипломСрОбрСварщик.jpg','2011-01-15 07:08:53'),(213,687,1,'А','4901607','Общеобразовательная средняя школа №52 с углубленным изучением английского языка','1999-06-23','',1,0,'11.jpg','2011-01-15 22:21:33'),(214,688,3,'90ПА','0034891','Самарский государственный профессионально-педагогический колледж','2009-07-06','иностранный язык',0,0,' 001.jpg','2011-01-17 17:50:53'),(215,689,1,'ВСБ','0075695','Институт экономики и управления КГМА','2003-06-20','Психология',0,0,' 1 031.gif','2011-01-19 06:07:40'),(216,689,5,'ВСБ','0075695','Институт экономики и управления КГМА','2003-06-20','Психология',1,0,' 1 031.gif','2011-01-19 06:33:04'),(217,678,3,'СБ','5545955','Банковский колледж №45','2006-06-23','менеджер',0,0,'.jpg','2011-01-19 09:07:36'),(219,231,2,'545','54455','5445454','2001-01-16','',0,0,'0aa2637f9507.jpg','2011-01-27 13:31:53'),(220,706,3,'ОАБ-II','0199093','Шахтинский технологический колледж','1998-03-25','техник -электромеханик',0,0,'PICT0046.JPG','2011-01-28 21:35:06'),(221,709,1,'Д','158089','ГОУ ПУ №11 г. Райчихинска Амурской области','2003-06-28','Машинист на открытых горных работах',0,0,'IMG0042A.jpg','2011-02-01 05:41:07'),(222,709,1,'Д','158089','ГОУ ПУ №11 г. Райчихинска','2003-06-28','Машинист на открытых горных работах',0,0,'IMG0041A.jpg','2011-02-01 05:43:21'),(223,709,2,'Д','158089','ГОУ ПУ №11 г. Райчихинска','2003-06-28','Машинист на открытых горных работах',1,0,'IMG0043A.jpg','2011-02-01 05:45:52'),(224,711,5,'ВСГ','4954190','МГТУ \"МАМИ\"','2010-06-29','Автоматизация технологических процессов и производств',1,0,'diplom_1.JPG','2011-02-02 09:12:30'),(225,722,7,'АВ','2892506','Московский Государственный Горный Университет','2010-08-30','',0,0,'1.jpg','2011-02-04 10:54:47'),(226,722,7,'АВ','2892506','Московский Государственный Горный Университет','2010-08-30','',0,0,'2.jpg','2011-02-04 10:55:50'),(227,728,1,'А','8000456','Муниципальное образовательное учреждение среднее общеобразовательная школа №19','2002-06-20','',1,0,'img277.jpg','2011-02-07 10:36:23'),(228,728,1,'А','8000456','Муниципальное учреждение средняя общеобразовательная школа №19','2002-06-20','',0,0,'img278.jpg','2011-02-07 10:38:18'),(229,731,7,'111','1111','МГИУ','2010-01-06','',0,0,'0013.gif','2011-02-08 11:25:17'),(230,731,7,'111','11111','МГИУ','2010-01-01','',0,0,'0015.gif','2011-02-08 11:26:58'),(231,383,4,'9584','753514','СПТУ № 24','1988-06-20','токарь оператор станков с програмным управлением',0,0,'.jpg','2011-02-08 20:22:48'),(232,733,1,'0000','000000','школа 149','2001-06-15','',1,0,'mota_ru_9112015-1280x1024.jpg','2011-02-09 06:11:46'),(233,737,1,'Б','3886303','МОУ средняя общеобразовательная школа №38 города Калининграда','2005-06-27','',1,0,'img053.jpg','2011-02-09 17:23:53'),(234,740,1,'А','727868','Шебекинская общеобразовательная школа № 5','1990-06-19','монтажник эл. и радиотех. систем',1,0,'-СО.jpg','2011-02-11 12:58:26'),(235,744,1,'Б','221394','Средняя школа №1 с. Октябрьского Пригородного района РСО-Алания','1995-06-06','',1,0,'DSC00566.JPG','2011-02-15 09:39:17'),(236,744,1,'Б','221394','Средняя школа №1 с. Октябрьское Пригодного района РСО-Алания','1995-06-06','',0,0,'DSC00560.JPG','2011-02-15 09:42:26'),(237,748,1,'24АА','0022042','МОУ Школа №97','2007-09-27','',1,0,'.jpg','2011-02-16 12:12:18'),(238,758,1,'0101','12345','школа №24','2001-01-01','Позже напишу :)',1,0,'.jpg','2011-02-24 14:10:30'),(239,763,1,'0000','000000','00000000','2001-01-10','0000000',0,0,'trt.bmp','2011-02-26 21:29:53'),(240,766,3,'90БО00','22829','Магаданский политехникум','2009-05-14','экспл.электрич. и электромех.оборуд.(по отрослям)',1,0,'(копия)Техника Манжилевского В.А. 2009 год 14 мая.jpg','2011-03-02 00:42:34'),(241,779,1,'А','7294373','СОШ № 45 Центрального округа г. Москвы','2001-06-23','',1,0,'.jpg','2011-03-14 10:12:10'),(242,780,2,'-','997949','Санкт-Петербургский профессиональный лицей №130 им. В. Широкова','2005-06-30','программист',1,0,'.JPG','2011-03-14 21:23:27'),(243,783,2,'д','567119','Политехнически колледж №50','2005-06-30','Оператор ЭВМ',1,0,'.jpg','2011-03-16 07:49:23'),(244,790,3,'СБ','5242474','Московский экономический бизнес-колледж','2006-06-14','Менеджмент',1,0,'.jpeg','2011-03-19 12:45:49'),(245,791,1,'A','8591142','Средняя общеобразовательная школа №16','2003-06-24','',1,0,'IMG_1200.JPG','2011-03-19 15:33:07'),(246,791,5,'ВСГ','2988393','Сочинский Государственный Университет Туризма и курортного дела','2008-07-12','',0,0,'IMG_1199.JPG','2011-03-19 15:36:17'),(247,789,1,'0','657570','Наруксовская средняя общеобразовательная трудовая политехническая школа','1979-06-26','',1,0,'.jpg','2011-03-21 09:20:14'),(248,808,1,'12','765432','ГОУ СОШ 789','2006-01-13','',1,0,'logo.png','2011-04-04 07:11:37'),(249,810,1,'нт','768788','школа техников 506 учебный отряд подводного плавания','2001-12-07','техник-электромеханик',1,0,' 001.jpg','2011-04-05 08:35:27'),(250,812,1,'ОГАС','004230','СШ 15','1996-05-01','',1,0,'Jellyfish.jpg','2011-04-08 22:39:52'),(251,820,1,'Б',' 4309436','Общеобразовательное учреждение Петровская средняя общеобразовательная школа село Петровка Павловского муниципального района Воронежской области','2006-06-23',NULL,1,0,'','2011-04-18 07:36:20'),(252,818,1,'Б','4309436','Общеобразовательное учреждение Петровская средняя общеобразовательная школа село Петровка Павловского муниципального района Воронежской области','2006-06-23',NULL,1,0,'','2011-04-18 07:36:20'),(253,831,3,'СБ','6675863','ГОУ СПО Политехнический колледж №39','2006-06-29','',1,0,'.JPG','2011-04-26 15:45:32'),(254,834,3,'АА','967083','Профессиональное училище №25 г.Тюмень','1999-03-24','Оператор ЭВМ',1,0,'IMG_2171.JPG','2011-05-01 09:56:55'),(255,839,1,'08 АБ','0000956','Дневная школа с.Березовское, Респ.Калмыкия','2010-06-25','',1,0,'.jpg','2011-05-11 15:28:03'),(256,859,3,'СБ','3537717','Екатеринбургский радиотехнический техникум им. А.С. Попова','2003-07-04','Радиоаппаратостроение',0,0,'.jpg','2011-06-06 07:15:43'),(257,866,7,'АВ 149','113','Институт Экономики Финансов и Права ','2011-06-08','юрист',0,0,'. справка(1).jpg','2011-06-09 08:35:59'),(258,866,7,'АВ 149','113','Институт Экономики Финансов и Права','2011-06-11','юрист',0,0,'. справка.jpg','2011-06-09 08:38:09'),(259,890,3,'90БА','0967040','г.Ухта ФГОУ СПО Ухтинский горно-нефтяной колледж','2001-01-26','Монтаж и техническая эксплуатация промышленного оборудования',0,0,'18062011184.jpg','2011-06-18 08:42:55'),(260,907,1,'123123','123123123','фывфывфыв','2001-01-11','',0,0,'ansys-msk-energo-1.jpg','2011-06-22 20:29:28'),(261,908,3,'90спа','0104453','Федеральное государственное образовательное учреждение среднего профессионального образования \"Челябинский колледж информатики, информационных технологий и экономики! ','2011-06-16','Правоведение',1,0,'img109.jpg','2011-06-22 22:44:46'),(262,908,7,'АС','0750453','Негосударственное образовательное учреждение \"Уральский колледж бизнеса\"','2006-07-11','Финансы (по отраслям)',0,0,'img113.jpg','2011-06-22 22:48:14'),(263,920,1,'77 АБ','0089528','ГОУ ВСОШ № 115 ЮЗАО гор.Москвы(экстернат)','2011-06-23','190603.65 сервис',1,0,'z_f86b539f.jpg','2011-06-28 08:45:47'),(264,926,3,'СБ','2398665','Ивановское музыкальное училище','2001-06-22','хоровое дирижирование',0,0,'10006.JPG','2011-06-29 10:28:38'),(265,927,1,'СБ','2398665','Ивановское музыкальное училище','2001-06-22','хоровое дирижирование',0,0,'10006.JPG','2011-06-29 10:41:20'),(266,931,1,'50 3Б','0001356','МОУ СОШ №1 г. Королёва Московской области','2011-06-21','',1,0,'IMG_0001.jpg','2011-06-30 14:19:00'),(267,931,1,'50 3Б','0001356','МОУ СОШ №1 г. Королёва Мос обл','2011-06-21','',0,0,'IMG_0002.jpg','2011-06-30 14:23:14'),(268,931,1,'50 3Б','0001356','МОУ СОШ №1 г. Королёва Мос обл','2011-06-21','',0,0,'IMG_0003.jpg','2011-06-30 14:25:24'),(269,931,8,'50-11','000009198','МОУ СОШ №1 г. Королёва Мос обл','2011-06-29','',0,0,' ЕГЭ.jpg','2011-06-30 14:31:09'),(270,931,8,'50-11','000009198','МОУ СОШ №1 г.Королёва Мос обл','2011-06-29','',0,0,' ЕГЭ.jpg','2011-06-30 14:33:01'),(271,961,3,'90 БА','0181701','ГОУСПО \"Саранский государственный промышленно-экономический колледж\"','1988-06-24','Информационная безопасность',1,0,' о среднем специальном образовании.jpg','2011-07-06 06:30:00'),(272,961,3,'90 БА','0181701','ГОУСПО \"Саранский государственный промышленно-экономический колледж\"','2008-06-24','Информационная безопасность',0,0,' к диплому_1.jpg','2011-07-06 06:33:16'),(273,961,3,'90 БА','0181701','ГОУСПО \"Саранский государственный промышленно-экономический колледж\"','2008-06-24','Информационная безопасность',0,0,' к диплому_2.jpg','2011-07-06 06:35:56'),(274,961,7,'АВ','1736240','ГОУВПО \"Мордовский госуниверситет им.Н.П.Огарева\"','2011-04-01','Автоматизированные системы обработки информации и управления',0,0,' справка_1.jpg','2011-07-06 06:39:08'),(275,961,7,'АВ','1736240','ГОУВПО \"Мордовский госуниверситет им.Н.П.Огарева\"','2011-04-01','Автоматизированные системы обработки информации и управления',0,0,' справка_2.jpg','2011-07-06 06:42:13'),(277,972,1,'А','4120333','Саволинская средняя школа, г. Юхнов-1, Калужской обл.','1999-06-17',NULL,1,0,'','2011-07-08 07:36:06'),(278,979,1,'40аа','0008000','Боровская средняя общеобразовательная школа №1','2008-06-30','',1,0,'10072011142.jpg','2011-07-10 14:52:38'),(279,979,1,'40аа','0008000','Боровская средняя общеобразовательная школа №1','2008-06-30','',0,0,'10072011143.jpg','2011-07-10 14:53:51'),(280,983,3,'90 СПА','0301889','Федеральное государственное бюджетное образовательное учреждение высшего профессионального образования \"Национальный исследовательский ядерный университет \"МИФИ\"','2011-07-05','Экономика и бухгалтерский учёт (по отраслям)',1,0,'.jpeg','2011-07-11 08:24:10'),(281,988,1,'Б','5124694','МОУ \"Лицей \"Развитие\" г. Пскова','2006-06-21','',1,0,'1.jpg','2011-07-12 03:49:48'),(282,993,1,'А','0437756','Школа №26 г.Кемерово','1996-06-14','',1,0,'hgj 001.jpg','2011-07-12 16:22:56'),(283,990,5,'ВСГ','3880162','Северо-Западный государственный заочный технический университет','2009-12-22','Менеджмент организации',1,0,' менеджмент.jpg','2011-07-12 18:35:24'),(284,998,1,'а','4138601','Средняя (полная) общеобразовательная школа №80 г.Уфа','2000-06-23','',1,0,'103.JPG','2011-07-15 09:25:59'),(285,998,1,'а','4138601','Средняя (полная ) общеобразовательная школа №80 г.Уфа','2000-06-23','',0,0,'102.JPG','2011-07-15 09:28:33'),(286,1031,3,'СБ','6489859','ГОУ ВПО \" Новгородский государственный университет имени Ярослава Мудрого\" Политехнический колледж','2007-06-27','программное обеспечение вычислительной техники и автоматизир',1,0,'1.jpg','2011-07-30 20:23:14'),(287,949,1,'В','211703','СОШ № 803 г.Москва','1993-06-25','',0,0,'.jpg','2011-08-02 19:30:23'),(288,1064,1,'77АА','0071490','ГОУ СОШ №205 им. Лютикова','2007-06-23','',1,0,'001.bmp','2011-08-11 14:50:32'),(289,1064,1,'АВ','2892593','МГГУ','2011-06-03','Менеджмент организации',0,0,'002.bmp','2011-08-11 14:52:20'),(290,1064,7,'АВ','2892593','МГГУ','2011-06-03','Менеджмент организации',0,0,'003.bmp','2011-08-11 14:53:02'),(292,1094,1,'АВ','0795441','Калининградский Государственный Технический Университет','2005-03-15','Вычислительные машины, комплексы, системы и сети',0,0,'Scan001.JPG','2011-08-25 13:16:56'),(293,1094,7,'АВ','0795441','Калининградский Государственный Технический Университет','2005-03-15','Вычислительные машины, комплексы, системы и сети',0,0,'Scan001.JPG','2011-08-25 13:18:21'),(294,1113,5,'ВСГ','3880162','Северо-западный государственный заочный технический университет','2009-12-22','Менеджмент организации',0,0,' Менеджмент.jpg','2011-08-29 09:14:37'),(295,1114,1,'77AA','0062990','Государственное образовательное учреждение Средняя образовательная школа №1057 Северо-Западного административного округа города Москвы','2008-02-05','',1,0,'ATT-SD.jpg','2011-08-29 09:52:12'),(297,1118,1,'А','4508953','Средняя общеобразовательная школа №27, ЦАО г.Москвы','1999-06-21','',1,0,'0036.jpg','2011-08-30 16:17:57'),(298,1122,2,' 38','0021268','профессиональный лицей № 36','2010-06-04','Оператор электронно-вычислительных и вычислительных машин',1,0,'001.jpg','2011-09-01 08:51:47'),(299,1127,7,'АВ','2537729','ГОУ ВПО \"ПГТУ\"','2010-06-23','Социально-культурный сервис и туризм. Туризм',1,0,'003.jpg','2011-09-01 12:14:48'),(301,1128,1,'43 АА','0011201','МОУ СОШ с УИОП №1 г. Белая Холуница Кировской области','2007-06-22','',1,0,'Image0270.jpg','2011-09-01 18:02:13'),(302,1141,1,'77 АБ','018699','Государственное Вечернее сменное общеобразовательное учреждение №90','2010-06-23','',1,0,'_Алиса1.jpg','2011-09-05 13:09:28'),(303,1141,1,'77 АБ','018699','Государственное вечернее сменное общеобразовательное учреждение №90','2010-06-23','',0,0,'_Алиса2.jpg','2011-09-05 13:14:55'),(304,1141,1,'77 АБ','018699','Государственное вечернее сменное общеобразовательное учреждение №90','2010-06-23','',0,0,'_Алиса3.jpg','2011-09-05 13:16:49'),(305,1036,3,'РТ','501285','Московское медицинское училище при ЦРКБМЗ РФ','1995-06-28','стоматология ортопедическая',1,0,'','2011-09-06 11:24:05'),(306,1096,2,'А','862041','Профессиональный лицей №35 г.Коврова','1998-02-27','электромонтер по ремонту и обслуживанию электрооборудования',1,0,'','2011-09-06 11:26:38'),(307,1014,1,'А','0183479','муниципальное общеобразовательное учреждение средняя школа №61 с профильным обучением','1997-06-21',NULL,1,0,'','2011-09-12 11:37:53'),(308,1156,3,'90 СПО','0029427','Федеральное государственное образовательное учреждение среднего профессионального образования \"Хреновской лесной колледж им. Г.Ф. Морозова\"','2011-06-23','менеджмент (по отраслям)',1,0,'P1050188.JPG','2011-09-13 14:48:22'),(309,1144,7,'АВ1998','78','Санкт-Петербургский университет технологии и дизайна','2011-05-16','Реклама',0,0,'_спр_1.jpg','2011-09-15 05:12:47'),(310,1144,1,'А','1571338','средняя школа №7 г.Мончегорска','1997-06-14',NULL,1,0,'','2011-09-15 06:48:00'),(311,1163,1,'Б','3897091','МСОШ №2 им. академика А.И.Берга г.Жукова Калужской области','2005-06-23','',1,0,'DSCN0125.JPG','2011-09-16 12:26:27'),(312,1163,1,'Б','3897091 ','МСОШ №2 им. академика  А.И.Берга г.Жукова Калужской области','2005-06-23','',0,0,'DSCN0124.JPG','2011-09-16 12:29:25'),(313,1163,1,'Б','3897091','МСОШ №2 им. академика  А.И.Берга г.Жукова Калужской области','2005-06-23','',0,0,'DSCN0123.JPG','2011-09-16 12:30:25'),(314,1164,7,'АВ','0735504','СПбГМА им.Мечникова','2011-07-13','лечебное дело',1,0,'.jpg','2011-09-16 18:37:38'),(315,1164,7,'АВ','0735504','СПбГМА им.Мечникова','2001-09-13','лечебное дело',0,0,' 001.jpg','2011-09-16 18:39:08'),(316,1178,1,'Б','5007369','Новогородская средняя общеобразовательная школа Одинцовского района МО','2006-06-20',NULL,1,0,'','2011-09-26 07:37:34'),(317,1188,1,'А','8982281','муниципальное образовательное учреждение \"Вечерняя (сменная) общеобразовательная школа №9\"','2002-06-21','',1,0,' изображение.JPG','2011-09-28 07:18:36'),(318,1194,2,'В','017774','профессиональное училище №8 г.Барнаула','2000-06-30','контролер сберегательного банка,кассир четвертой категории',1,0,' Медведева 001.jpg','2011-09-29 09:22:50'),(319,1196,1,'АЕ','612249','Средняя школа №44 г. Ленинска-Кузнецкого Кемеровской обл.','1986-06-25','',1,0,'001 (2).jpg','2011-09-29 11:59:39'),(320,1195,1,'А','323698','Косковская средняя школа','1996-06-17',NULL,1,0,'','2011-09-30 11:57:27'),(321,1201,3,'СБ','4268059','Красногорский оптико-электронный колледж','2005-06-28','Программное обеспечение вычислительной техники и автоматизированных си',1,0,'','2011-10-05 05:57:11'),(328,1214,3,'90БА','0245681','ФГОУ СПО \"Московский технический колледж\"','2008-06-30','Программное обеспечение вычислительной техники и автоматизир',1,0,'','2011-10-18 05:20:25'),(330,1238,3,'В','090899','СПТУ-№88 г.Баку','1988-08-02','Радиомеханик (4)разряд',1,0,'.jpg','2011-10-19 10:27:33'),(331,1243,1,'в','1134247','Детский дом-школа №11','2005-06-14','',1,0,'2011-10-21 13.24.04.jpg','2011-10-21 06:26:45'),(332,1234,1,'А','1041718','Кудиновская средняя школа им.В.Н.Цветкова','1996-06-18','',0,0,'.bmp','2011-10-21 10:36:15'),(333,1244,3,'СТ','884917','Мирнинский вечерний политехнический техникум','1997-03-20','Техническое обслуживание и ремонт а/м и двигателей',0,0,'.GIF','2011-10-22 02:34:55'),(334,1244,4,'А','519566','Спту-22','1990-06-20','Слесарь КИПиА',0,0,'1.GIF','2011-10-22 02:41:53'),(335,1255,1,'А','4026673','Кюсюрская Средняя школа наслега Кюсюр Булунского улуса Респубдики Саха(Якутия)','1999-06-11','среднее(полное)общее образование',0,0,'.PNG','2011-10-26 03:01:29'),(336,1259,1,'О\'R-В','027860','Средняя школа №145 Хамзинского района города Ташкента','1998-06-20','',1,0,'IMG_2424[1].JPG','2011-10-27 06:49:26'),(337,1262,5,'ВСГ','1221628','ГОУ ВПО \"Тюменский государственный университет\"','2007-06-30','Теория и методика преподавания иностранных языков и культур',1,0,'','2011-10-28 08:52:35'),(338,1271,1,'123','123','123','2001-01-02','',0,0,'x_fa633f4e.jpg','2011-11-02 16:09:30'),(339,1275,3,'735','0382513','ростовский колледж культуры','2007-06-15','социально культурная деятельнеость и народное творчество',1,0,'__________.JPG','2011-11-06 07:20:06'),(340,1276,1,'A','4614850','ГОУ СОШ №7 г.Балашиха, МО','1999-06-21','',1,0,'','2011-11-10 05:18:01'),(341,1282,1,'Б','4401907','Таймырское муниципальное общеобразовательное учреждение \"Дудинская средняя общеобразовательная школа №1\" Таймырского автономногоокруга','2001-06-17','',1,0,'.jpg','2011-11-14 03:54:20'),(342,1289,1,'7845','455454','пвпрнорт','2001-01-02','реераерае',0,0,'13efbd.gif','2011-11-17 08:34:25'),(343,1293,3,'90спо','0019421','ФГОУ СПО Уссурийский аграрный техникум','2011-06-15','Экономика и бухгалтерский учет (по отраслям)',1,0,'IMG_1268.JPG','2011-11-19 04:30:06'),(344,1293,3,'90спо','0019421','ФГОУ СПО Уссурийский аграрный техникум','2011-06-15','',0,0,'IMG_1269.JPG','2011-11-19 04:32:54'),(345,1293,3,'90 спо','0019421','ФГОУ СПО Уссурийский аграрный техникум','2011-06-15','',0,0,'IMG_1270.JPG','2011-11-19 04:35:33'),(346,1294,1,'АГ','814829','средняя школа №6.г.Салехард ЯНАО. Тюменской. обл.','1985-06-26','',0,0,'.jpg','2011-11-19 14:22:24'),(347,1302,1,'Б','0594543','МОУ ВСО Ш№9','2003-06-26','',1,0,'1.jpg','2011-11-21 08:14:41'),(348,1302,1,'Б','0594543','МОУ ВСО Ш №9','2003-06-26','',0,0,'2.jpg','2011-11-21 08:17:16'),(349,1302,1,'Б','0594543','МОУ ВСО Ш №9','2003-06-26','',0,0,'3.jpg','2011-11-21 08:18:46'),(350,1310,1,'В','0680853','МОУ СОШ №19','2003-06-23','',1,0,'','2011-12-02 07:07:29'),(351,1208,1,'Б','2792536','МОУ СОШ №2','2006-06-21','',1,0,'','2011-12-05 06:15:10'),(352,1325,1,'А','3184938','Средняя школа №10','1998-06-19','',1,0,'img067.jpg','2011-12-14 06:33:04'),(353,1292,1,'AH','030640','Министерство Образования Азербайджанской Республики','1998-06-30','',0,0,'HPIM0061.JPG','2011-12-15 10:56:44'),(354,1292,1,'AH','030640','Министерство Образования Азербайджанской Республики','2008-06-30','',0,0,'HPIM0061.JPG','2011-12-15 11:00:27'),(355,1338,7,'АВ','2537195','Вологодский государственный технический университет','2010-12-08','управление и информатика в технических системах',0,0,'01.jpg','2011-12-21 10:24:31'),(356,1338,7,'АВ','2537195','Вологодский государственный технический университет','2010-12-08','управление и информатика в технических системах',0,0,'02.jpg','2011-12-21 10:29:23'),(357,1339,4,'сб','4695042','Борский стекольный Индустриально-экономический техникум','2004-05-06','бухгалтер',0,0,'SDC12122.JPG','2011-12-21 10:59:58'),(359,1270,5,'ВСГ','1485411','ГОУ ВПО \"Пятигорская государственная академия Федерального агенства по здравоохранению и социальному развитию\"','2007-06-23','Фармация',1,0,'','2011-12-23 06:47:09'),(360,1343,1,'А','8842869','Вечерняя общеобразовательная школа г.Можайска/','2002-06-19','',1,0,'.jpg','2011-12-24 08:44:33'),(361,1277,7,'АВ','2854732','ГОУ ВПО \"Тюменский государственный университет\"','2011-09-20','Государственное и муниципальное управление',1,0,'','2011-12-26 06:16:53'),(362,1337,1,'А','3131889','МОУ СОШ №31 г. Петропавловск-Камчатский','1998-06-16','',1,0,'','2011-12-27 05:23:09'),(363,1360,4,'сб','5862602','АЛТК','0000-00-00','техническое обслуживание и ремонт автомобильного транспорта',0,0,'photo-43738_126480152.jpg','2012-01-09 15:20:53'),(364,1362,7,'АВ','2839856','Московский технический университет связи и информатики','2011-11-16','',0,0,'.png','2012-01-10 08:41:02'),(365,1364,3,'90БА','0967460','Федеральное Государственное образовательное учреждение среднего профессионального образования Себряковский технологический техникум','2010-06-25','Монтаж, наладка и эксплуатация электрооборудования промышлен',0,0,'.jpg','2012-01-10 19:58:35'),(366,1369,1,'5203','913419','ОВД Киренского р-на. Иркутской обл.','2003-06-26','',0,0,' 001.jpg','2012-01-12 07:46:39'),(367,1377,2,'Б','276439','Профессиональное училище №43 города Алейска','1999-05-07','Электрогазосварщик',0,0,'SAM_6845.JPG','2012-01-17 01:52:30'),(368,1377,1,'А','0267070','Муниципальная средняя общеобразовательная школа №2 города Алейска','1996-06-11','',0,0,'SAM_6849.JPG','2012-01-17 01:56:49'),(369,1362,1,'50 АА','0111794','МОУ СОШ №5 г. Щербинки Московской области','2009-07-29','',1,0,'','2012-01-18 06:37:19'),(370,1380,1,'O\'R-B','042466','Школа-гимназия 10 г.Янгиюля Ташкентской области','1998-06-25','',1,0,'','2012-01-20 07:20:36'),(371,1385,1,'A','1828870','общеобразовательная школа №905','1997-06-25','',1,0,'1.jpg','2012-01-20 16:30:08'),(372,1385,1,'A','1828870','общеобразовательная школа №905','1997-06-25','',0,0,'2.jpg','2012-01-20 16:31:21'),(373,1394,4,'63СВ','0011190','ГОУ СПО Самарский металлургический колледж','2009-01-19','Электрогазосварщик 3 разряда',0,0,' (1).jpg','2012-01-25 11:31:19'),(374,1400,3,'УТ','460929','Чайковский политехникум легкой промышленности','1994-12-23','техник-электрик',0,0,' ЧПЛП.JPG','2012-01-29 18:41:22'),(375,1398,1,'54 АБ','0015596','Муниципальное бюджетное общеобразовательное учреждение г. Новосибирска СОШ №27','2010-06-18','',1,0,'','2012-01-31 05:55:34'),(376,1412,3,'В','677310','проф.тех.училище №17','2001-06-16','помощник машиниста электровоза',0,0,'DSCN2215.JPG','2012-02-10 04:56:14'),(377,1417,3,'СБ','5889623','ГОУ СПО Черногорский механико-технологический техникум','2005-06-24','Экономика и бухгалтерский учет',0,0,'.jpg','2012-02-13 10:10:49'),(378,1420,3,'СБ','2732706','Медицинский колледж №1','2001-06-20','',1,0,'.спец.jpg','2012-02-14 07:57:26'),(379,1420,3,'СБ','2732706','Медицинский колледж №1 комитета здравоохранения г. Москвы','2001-06-20','',0,0,'','2012-02-14 09:46:41'),(380,1422,1,'2103','12132','Школа № 555','2006-06-21','Утерян',0,0,'Sun920607.jpg','2012-02-15 20:10:49'),(381,1423,1,'1726','123456','Владимирский Политехнический Колледж','2012-01-08','',0,0,'z_8882941f.jpg','2012-02-15 20:54:28'),(382,1428,4,'А','106258','Профессиональное училище №201','1998-05-29','Мастер отделочных строительных работ',1,0,'IMG.jpg','2012-02-19 13:28:02'),(383,1433,5,'ДВС','1249548','Вольское высшее военное училище тыла (военный институт)','2007-06-16','менеджер',0,0,'img001.jpg','2012-02-21 16:43:05'),(384,1437,1,'50','АБ 005871','МОУ \"СОШ №1\"','2011-06-25','',0,0,'20120222_221945.jpg','2012-02-22 18:24:33'),(385,1437,1,'50','АБ 005871','МОУ \"СОШ №1\"','2011-06-25','',1,0,'20120222_222334.jpg','2012-02-22 18:27:32'),(386,1437,1,'50','АБ 005871','МОУ \"СОШ №1\"','2011-06-26','',0,0,'20120222_222555.jpg','2012-02-22 18:28:32'),(387,1437,1,'50','АБ 005871','МОУ \"СОШ №1\"','2011-06-26','',0,0,'20120222_222858.jpg','2012-02-22 18:30:22'),(388,1437,8,'50-000','7064-11','МОУ \"СОШ №1\"','2011-06-30','',0,0,'20120222_221945.jpg','2012-02-22 18:35:57'),(389,1437,8,'50-000','7064-11','МОУ \"СОШ №1\"','2011-06-30','',0,0,'20120222_222110.jpg','2012-02-22 18:37:18'),(391,1453,3,'ЛТ','581786','Московский Речной Техникум','1988-04-02','Судовождение на внутренних водных путях',0,0,'005Scan.jpg','2012-03-05 05:03:42'),(392,1448,3,'90 СПА','0038147','ФГОУ СПО \"Московский колледж управления и новых технологий\" г. Москва','2011-06-30','Правоведение',0,0,'','2012-03-05 05:41:52'),(393,1448,1,'Б','2495747','ГСОШ №3 МО РФ при войсковой части 03080 города Приозерска','2005-06-18','',1,0,'','2012-03-05 08:59:52'),(394,1458,2,'00','783813','ПУ-4 пос. Каменск, р. Бурятия','2002-06-25','Автомеханик',0,0,'1.jpeg','2012-03-07 03:11:52'),(395,1458,2,'219','783813','ПУ-4 пос. Каменск р. Бурятия','2002-06-25','Автомеханик',0,0,'1.jpeg','2012-03-07 03:28:46'),(396,1467,3,'ДТ-1','200963','Строительный и жилищно-коммунальный техникум Мосгорисполкома','1982-03-04','Газовое хозяйство',0,0,'DSC_0003.JPG','2012-03-12 18:25:22'),(397,1484,4,'---','---','ММУ №22','1998-07-31','Мед брат.',0,0,'Diplom01.jpg','2012-03-24 20:12:25'),(398,1492,1,'А','082581','средняя школа №5 г.Троицка Московской области','1992-06-18','',1,0,'Image0002.JPG','2012-04-04 10:49:01'),(399,1492,1,'А','082581','средняя школа №5 г.Троицка Московской области','1992-06-18','',0,0,'Image0003.JPG','2012-04-04 10:50:29'),(400,1501,1,'Б','425600','Вчерняя средняя школа №11 Московской железной дороги, г.Москва','1989-05-28','',0,0,'.jpg','2012-04-10 17:54:56'),(401,1507,1,'05 ЗБ','0000904','МОУ \"Унцукульская средняя общеобразовательная школа№1\"','2011-06-25','',0,0,' 064.jpg','2012-04-16 12:08:09'),(402,1510,7,'АВ','0633358','Государственное образовательное учреждение высшего образования \"Московский государственный университет прикладной биотехнологии\"','2008-09-12','Информатика и вычислительная техника',0,0,' лист 1.jpg','2012-04-19 08:48:16'),(403,1510,7,'АВ','06333358','Государственное образовательное учреждение высшего профессионального образования \"Московский государственный университет прикладной биотехнологии\"','2008-09-12','Информатика и вычислительная техника',0,0,' лист 2.jpg','2012-04-19 08:50:29'),(404,1510,1,'Б','0512111','Муниципальное общеобразовательное учреждение \"Средняя образовательная школа № 232 г. Знаменск\" г. Знаменск Астраханская область','2004-06-25','Информационные технологии',1,0,' 1.jpg','2012-04-19 08:53:52'),(405,1510,1,'Б','0512111','Муниципальное общеобразовательное учреждение \"Средняя образовательная школа № 232 г. Знаменск\" г. Знаменск Астраханская область','2004-06-25','Информационные технологии',0,0,' 2.jpg','2012-04-19 08:54:51'),(406,1512,3,'СБ','6034551','Московский приборостроительный техникум','2006-07-03','2204 техническое обслуживание средств вычислительной техники',1,0,'21042012081.jpg','2012-04-21 12:38:04'),(407,1514,2,'74 НН','0032501','ГУ НПО \"Профессиональный лицей №133 (агротехнический)\"','2010-06-28','',1,0,'','2012-04-23 10:48:52'),(408,1526,5,'ИВС 00','54943','Магнитогорский государственный технический университет им. Г.И.Носова','2002-06-14','Подъемно-транспортные, строительные, дорожные машины и обору',0,0,'-1.jpg','2012-04-28 17:19:25'),(409,1476,1,'А','0404158','Общеобразовательное учреждение полного среднего образования №7 г. Североуральска, Свердловской обл.','1996-06-14','',1,0,'','2012-05-02 06:15:07'),(410,1531,1,'B','1326833','МОУ СОШ №45','2005-06-14','',0,0,' 001.jpg','2012-05-03 07:20:08'),(411,1531,3,'90 БА','0328430','Волгоградский Технологический Колледж','2008-06-27','Туризм',0,0,' 001.jpg','2012-05-03 07:23:50'),(412,1517,1,'Б','3367708','Государственное образовательное учреждение вечерняя (сменная) общеобразовательная школа №124 ЗАО г. Москвы','2005-06-20','',1,0,'','2012-05-03 12:39:14'),(413,1517,7,'ВА','006085','НОУ ВПО Российская международная академия туризма','2012-04-26','Менеджмент',1,0,'','2012-05-03 12:41:08'),(414,1536,1,'Б','6228607','Муниципальное общеобразовательное учреждение СОШ №5 г. Инты, Республики Коми','2006-06-20','',1,0,'','2012-05-16 05:17:05'),(415,1546,1,'A','3709758','Средняя Школа №1, г.Новозыбкова','2000-06-07','',1,0,'scan_20120516134011_1.jpg','2012-05-16 09:41:49'),(416,1019,2,'67 НПА','0000187','Областное ГОУ СПО \"Смоленский технологический колледж\" г. Смоленск','2011-06-30','оператор электронно-вычислительных и вычислительных машин',1,0,'','2012-05-17 05:44:37'),(417,1543,1,'А','8765910','СОШ №13 города Орска Оренбургской области ','2002-06-26','',1,0,'','2012-05-23 05:40:51'),(418,1564,4,'ж','0543719','СПТУ-№ 16','0000-00-00','Регулировщик радио-электронной аппаратуры и приборов',0,0,'1.jpg','2012-05-30 07:44:51'),(419,1572,8,'66','000412253-','моу сош села Аятское невьянского района свердловской области','2008-06-22','11 классов',0,0,'.jpg','2012-06-05 05:16:26'),(420,1574,1,'А','2399397','Общеобразовательная школа № 399','1998-06-26','',1,0,'_Рудкин_001.jpg','2012-06-06 05:19:03'),(421,1574,1,'А','2399397','Общеобразовательная школа № 399','1998-06-26','',0,0,'_Вкладыш_Рудкин_001.jpg','2012-06-06 05:20:36'),(422,1574,1,'А','2399397','Общеобразовательная школа № 399','1998-06-26','',0,0,'_Вкладыш_Рудкин_002.jpg','2012-06-06 05:21:16'),(423,1570,3,'АК','1086960','ГОУ Московский технический колледж','2004-06-30','Вычислительные машины, комплекты, системы и сети.',1,0,'','2012-06-07 10:57:29'),(424,1576,4,'УТ-1','295481','Московский авиационный техникум им. Годовикова Н.Н.','1997-06-25','Техническая  эксплуатация транспортного РЭО летательных аппа',0,0,' 001.jpg','2012-06-07 16:49:28'),(425,1593,1,'55','78/8','лщл','2001-01-03','',0,0,'06062012691.jpg','2012-06-20 18:21:36'),(426,1597,1,'90 AB','0000958','государственное общеобразовательное учреждение - средняя общеобразовательная школа с углубленным изучением иностранного языка при Посольстве России в США ','2012-06-20','',0,0,'DSC00400.JPG','2012-06-25 19:02:21'),(427,1597,1,'90 AB','0000958','государственное общеобразовательное учреждение - средняя общеобразовательная школа с углубленном изучением иностранного языка при Посольстве России в США  ','2008-06-20','',0,0,'.png','2012-06-25 19:14:08'),(428,1598,7,'ав','0864232','ГОУ ВПО Казанский государственный технический унивепситет им. А.Н. Туполева','2012-03-12','Вычислительные машины, комплексы, системы и сети',0,0,'IMG1.jpg','2012-06-26 04:54:29'),(429,1598,7,'ав','0864232','ГОУ ВПО Казанский государственный технический университет им. А.Н. Туполева','2012-03-12','Вычислительные машины, комплексы, системы и сети',0,0,'IMG2.jpg','2012-06-26 04:56:32'),(430,1605,5,'ДВС','0407393','г.Санкт-Петербург Военный университет связи филиал г. Кемерово','2001-06-20','',0,0,' университет.jpg','2012-06-29 14:55:49'),(431,1605,5,'ПП-I','109388','Ростовский государственный строительный университет Институт подготовки и переподготовки специалистов','2008-04-18','',0,0,' ргсу иппс.jpg','2012-06-29 15:03:02'),(432,1605,2,'А','325613','Профессиональное училище №5','1995-06-27','',0,0,' пту.jpg','2012-06-29 15:11:33'),(433,1606,3,'СБ','2986174','ГОсударственный колледж технологии и управление \"Колледжный комплекс\"','2002-06-26','экономика, бухгалтерский учет и контроль',0,0,'.jpg','2012-07-01 06:33:49'),(434,1621,2,'Е','814870','ГОУ НОП ПЛ №10 им. Ю. А. Гагарина','2006-06-27','слесарь по ремонту автомобилей',0,0,'1_1.bmp','2012-07-18 12:52:17'),(435,1623,2,'Д','560681','ГОУ Профессиональный лицей №313','2004-06-25','Монтажник радиоэлектронной аппаратуры и приборов',1,0,'IMG_0007.JPG','2012-07-20 18:23:31'),(436,1628,1,'77АБ','0122081','Государственное бюджетное образовательное учреждение города Москвы центр образования №1441 \"Бронная слобода\"','2012-06-23','',0,0,'1.jpeg','2012-07-23 10:31:42'),(437,1628,1,'77АБ','0122081','Государственное бюджетное образовательное учреждение города Москвы центр образования №1441 \"Бронная слобода\"','2012-06-23','',0,0,'2.jpeg','2012-07-23 10:35:29'),(440,1569,5,'ВСВ','0189772','Федеральное государственное образовательное учреждение высшего профессионального образования \"Московский государственный агроинженерный университет имени В.П. Горячкина\"','2005-06-07','электроснабжение сельского хозяйства',0,0,'1.jpg','2012-07-25 10:58:45'),(441,1638,7,'BA','063966','Томский Государственный Университет систем управления и радиоэлектроники','2010-06-25','Экономика и управление на предприятиях (в машиностроении)',1,0,' 1.jpg','2012-07-30 10:44:08'),(442,1641,4,'СТ-I','005595','Мурманский Морской Колледж им. И.И. Месяцева','1997-12-30','техник-судомеханик',0,0,' диплом_0.jpg','2012-07-31 13:32:34'),(443,1641,4,'СТ-I','005595','Мурманский Морской Колледж им. И.И. Месяцева','1997-12-30','техник-судомеханик',0,0,' диплом_0.jpg','2012-07-31 13:36:30'),(444,1620,5,'ДВС','1823758','Нижегородский государственный технический университет','2002-01-31','Кораблестроение',1,0,'','2012-08-01 05:23:38'),(445,1646,1,'А','9482275','муниципальное общеобразовательное учреждение Михайловская средняя школа Куркинского района Тульской области','2003-09-04','',1,0,'','2012-08-10 09:08:31'),(446,1651,1,'Э','900948','Капыревщинская средняя школа','1981-06-27','',1,0,'.jpg','2012-08-11 13:25:05'),(447,1654,1,'00000','0000000','№1 МОБУ СО','2012-07-03','',0,0,'large20photos_alcohol.PNG','2012-08-12 16:20:58'),(448,1657,3,'2577','1030734','фгоу спо \"Красноярский автотранспортный техникум','2010-06-22','техническое обслуживание и ремонт автомобильного транспорта',1,0,'-1.jpg','2012-08-14 09:41:44'),(449,1657,3,'2577','1030734','фгоу спо \"Красноярский автотранспортный техникум\"','2010-06-22','',0,0,'-2.jpg','2012-08-14 09:46:54'),(450,1657,3,'2577','1030734','фгоу спо \"Красноярский автотранспортный техникум\"','2010-06-22','',0,0,'-3.jpg','2012-08-14 09:54:40'),(451,1661,1,'Б','0633162','муниципальное общеобразовательное учреждение Волченковская средняя школа','2004-06-23','',1,0,'','2012-08-24 07:18:44'),(452,1659,1,'АС','0199413','муниципальное общеобразовательное учреждение лицей №7 Дзержинского района г.Волгограда','2001-06-20','',1,0,'','2012-08-29 13:47:35'),(453,1684,1,'544','545','5454','2001-01-16','',0,0,'vvolk_1_b-web.jpg','2012-09-11 06:43:40'),(454,1692,3,'УТ','151956','Сибирский политехнический колледж','1996-01-29','',0,0,'dip.jpeg','2012-09-15 19:12:39'),(455,1696,1,'АБ','0003951','МУНИЦИПАЛЬНАЯ ПРИВОЛЖСКАЯ СРЕДНЯЯ ШКОЛА ВОЛЖСКОГО РАЙОНА РЕСПУБЛИКЕ МАРИЙ ЭЛ','2011-05-17','',1,0,'img001.jpg','2012-09-18 12:48:31'),(456,1702,3,'СБ','4646214','Государственное образовательное учреждение среднего профессионального образования \"Медногорский индустриальный Колледж\"','2004-06-20','Техническая эксплуатация электрооборудования',0,0,'.jpg','2012-09-21 06:40:19'),(457,1705,3,'В','051230','ГПУ-91','1999-04-29','Тракторист-машинист 3-его класса,слесарь-ремонтник 2-ого кла',0,0,'Garden.jpg','2012-09-22 07:29:00'),(458,1707,4,'90БА','10105','Кудымкарский лесотехнический техникум','2010-06-25','',0,0,'2012-09-23 17.30.21.jpg','2012-09-23 11:31:13'),(459,1709,1,'am','0000000000','раткга','2001-01-13','',0,0,';;.jpeg','2012-09-24 12:52:29'),(460,1710,1,'43533','23435435','тиильрплпрл','2001-01-17','',0,0,'IMG_1309.JPG','2012-09-24 13:04:42'),(461,1704,5,'К','68918','МОСКОВСКИЙ ГОСУДАРСТВЕННЫЙ УНИВЕРСИТЕТ ИНЖЕНЕРНОЙ ЭКОЛОГИИ','2012-06-20','СТАНДАРТИЗАЦИЯ И СЕРТИФИКАЦИЯ',0,0,'1.0001.jpg','2012-09-24 13:05:30'),(462,1704,5,'К','68918','МОСКОВСКИЙ ГОСУДАРСТВЕННЫЙ УНИВЕРСИТЕТ ИНЖЕНЕРНОЙ ЭКОЛОГИИ','2012-06-20','СТАНДАРТИЗАЦИЯ И СЕРТИФИКЦИЯ',1,0,'1.0002.jpg','2012-09-24 13:06:55'),(463,1704,5,'К','68918','МОСКОВСКИЙ ГОСУДАРСТВЕННЫЙ УНИВЕРСИТЕТ ИНЖЕНЕРНОЙ ЭКОЛОГИИ','2012-06-20','СТАНДАРТИЗАЦИЯ И СЕРТИФИКАЦИЯ',0,0,' 2.jpg','2012-09-24 13:07:52'),(464,1704,5,'К','68918','МОСКОВЧКИЙ ГОСУДАРСТВЕННЫЙ УНИВЕРСИТЕТ ИНЖЕНЕРНОЙ ЭКОЛОГИИ ','2012-06-20','СТАНДАРТИЗАЦИЯ И СЕРТИФИКАЦИЯ',0,0,' 3.jpg','2012-09-24 13:08:47'),(466,1719,1,'ЗТ','694318','Индустриальный техникум г.Устинова','1986-02-25','автомобилестроение 0521',0,0,' стр1.jpg','2012-09-27 14:16:34'),(467,1720,3,'СБ','3594479','Московская специальная средняя школа милиции МВД РФ','2002-07-29','Юрист',0,0,'DSCF1029.JPG','2012-09-27 15:04:53'),(468,1733,2,'34','0007823',' Волгоградский колледж газа и нефти ','2012-06-22','Сооружение и эксплуатация газонефтепроводов и газонефтехрани',0,0,' 304.jpg','2012-10-04 07:20:11'),(469,1736,4,'№33','КК','ГОУ НПО ПУ 33','2009-06-22','Оператор Электронно Вычислительных и Вычислительных  Машин',0,0,'DSCF4369.jpg','2012-10-05 12:42:44'),(470,1738,4,'СБ','6548599','Московский государственный университет приборостроения и информатики','2008-06-30','Вычислительные машины, комплексы, системы и сети',0,0,'.jpeg','2012-10-06 08:38:45'),(471,1742,5,'ВСГ','1980216','Г. Тюмень Государственное образовательные учреждение высшего профессионального образования \"Тюменский Государственный университет\"','2007-06-15','\"Экономика труда\"',0,0,'image.jpg','2012-10-08 12:20:20'),(472,1742,1,'А','6962614','МОУ СОШ 4 города Надыма ЯНАО РФ г. Надыма','2002-06-13','',0,0,'image.jpg','2012-10-08 12:28:18'),(473,1743,1,'АС','0302186','Муниципальное общеобразовательное учреждение СОШ №8 г. Кисловодска Ставропольского края','2002-06-23','',1,0,'','2012-10-09 08:35:55'),(474,1748,1,'77 АА','0131592','ГОУ ВОШ№18ЮЗАО г. МОСКВЫ','2008-06-23','',0,0,'0001.jpg','2012-10-10 16:20:32'),(475,1749,1,'Б','1429462','муниципальное общеобразовательное учреждение-вечернюю(сменную)общеобразовательную школу','2005-06-18','нет',0,0,'DSC00053 (1).JPG','2012-10-12 06:15:11'),(476,1743,1,'АС','0302186','СОШ №8','2002-06-23','',0,0,'1.jpg','2012-10-12 11:08:05'),(477,1743,1,'АС','0302186','СОШ№8','2002-06-23','',0,0,'2.jpg','2012-10-12 11:09:13'),(478,1743,1,'АС','0302186','СОШ№8','2002-06-23','',0,0,'3.jpg','2012-10-12 11:09:48'),(479,1743,1,'АС','0302186','СОШ№8','2002-06-23','',0,0,'4.jpg','2012-10-12 11:10:22'),(480,1756,2,'г','117578','Техническое училище г. Пермь','1984-07-18','радиомеханик по обслуживан. и ремонту радиотелевизион. ап',0,0,'image001.png','2012-10-14 04:40:39'),(481,1755,5,'КА','00110','МГУПС (МИИТ)','2011-06-14','финансы и кредит',0,0,'1.jpg','2012-10-14 18:33:29'),(482,1757,1,'АБ','0001466','муниципальное общеобразовательное учреждение \"Средняя общеобразовательная школа п. Ола\" Ольского района Магаданской области','2010-06-26','',0,0,'PA150004.JPG','2012-10-15 01:51:05'),(484,1779,3,'36','266544','Папский проф тех колледж','2003-08-01','Бухгалтер',0,0,'a_8ae1b6ac.jpg','2012-10-26 09:47:18'),(485,1783,1,'ИК','334565','16 ШКОЛА','2002-09-10','',0,0,'foto_340.jpg','2012-10-29 13:45:50'),(486,1798,1,'Б','1085341','Иркутский педагогический колледж №2','2006-06-15','',0,0,'P2240539.JPG','2012-11-05 15:36:28'),(487,1799,5,'ПП-1','576141','Московская академия государственного и муниципального управления','2009-12-25','государственное и муниципальное управление',0,0,' о высшем образовании Московской академии государственного и муниципалног управления Маняк Анны Николаевны.jpg','2012-11-05 23:45:11'),(488,1799,5,'ПП-1','576141','Московская академия государственного и муниципального управления','2009-12-25','государственного и муниципального управления',0,0,' к диплому.jpg','2012-11-05 23:47:39'),(489,1772,1,'02 АБ','0073600','Муниципальное автономное общеобразовательное учреждение \"Средняя общеобразовательная школа №17\" городского округа город Стерлитамак Республики Башкортостан','2012-06-23','',0,0,' 06.11.2012 21-16 (3).jpg','2012-11-06 15:27:33'),(490,1772,1,'02 АБ','0073600','Муниципальное автономное общеобразовательное учреждение «Средняя общеобразовательная  школа №17» городского округа город Стерлитамак Республики Башкортостан','2012-06-23','',1,0,' 06.11.2012 21-16.jpg','2012-11-06 15:31:06'),(491,1772,1,'02 АБ','0073600','Муниципальное автономное общеобразовательное учреждение «Средняя общеобразовательная  школа №17» городского округа город Стерлитамак Республики Башкортостан','2012-06-23','',0,0,' 06.11.2012 21-16 (4).jpg','2012-11-06 15:32:06'),(492,1772,1,'02 АБ','0073600','Муниципальное автономное общеобразовательное учреждение «Средняя общеобразовательная  школа №17» городского округа город Стерлитамак Республики Башкортостан','2012-06-23','',0,0,' 06.11.2012 21-16 (5).jpg','2012-11-06 15:33:22'),(493,1809,3,'В','799975','Центр Образования (технологический)','2001-06-19','Автомеханик',1,0,'.JPG','2012-11-09 13:11:27'),(494,1813,4,'B','424751','ВПУ-ЛИЦЕЙ','1992-05-26','МОНТАЖ РАДИОЭЛЕКТРОННОЙ  АПАРАТУРЫ  И  ПРИБОРОВ',0,0,'012.jpg','2012-11-09 23:26:32'),(495,1825,5,'ВСВ','0028715','Сибирский государственный аэрокосмический университет имени академика М.Ф. Решетнева','2004-02-13','Ракетные двигатели',0,0,'.jpg','2012-11-15 01:52:12'),(496,1825,5,'ВСВ','0028715','Сибирский государственный аэрокосмический университет имени академика М.Ф. Решетнева','2004-02-13','Ракетные двигатели',0,0,'1.jpg','2012-11-15 01:55:08'),(497,1825,5,'ВСВ','0028715','Сибирский государственный аэрокосмический университет имени академика М.Ф. Решетнева','2004-02-13','Ракетные двигатели',0,0,'2.jpg','2012-11-15 01:56:46'),(498,1825,1,'А','2342633','Общеобразовательная школа №4','1998-06-19','',0,0,'.jpg','2012-11-15 01:57:50'),(499,1825,1,'А','2342633','Общеобразовательная школа №4','1998-06-19','',0,0,'1.jpg','2012-11-15 01:58:36'),(500,1825,1,'А','2342633','Общеобразовательная школа №4','1998-06-19','',0,0,'2.jpg','2012-11-15 01:59:27'),(503,1858,1,'А','7271569','средняя общеобразовательная школа №1745 г. Москва','2002-06-25','',1,0,'.png','2012-12-08 15:00:14'),(504,1840,4,'00','207516','СПТУ-1 г.Северодвинска','1988-06-28','',0,0,'001.jpg','2012-12-11 18:03:31'),(505,1870,3,'АИ 38','438567','УПЭЛК','2004-06-15','',0,0,'003.jpg','2012-12-19 14:43:56'),(506,1875,4,'е','185168','Боровское СПТУ','1993-04-30','Тракторист машинист',0,0,'SWScan0001200323.jpg','2012-12-24 07:24:24'),(507,1878,1,'713A','0000561','МОУ СОШ №5 г.Донского Тульской обл.','2008-06-18','',0,0,'att.jpg','2012-12-25 13:24:33'),(508,1878,7,'АВ','2748551','МГТУ им.Н.Э.Баумана','2011-07-20','',0,0,'spr.jpg','2012-12-25 13:29:03'),(509,1881,1,'Г','418464','Профессиональное училище №13 г. Советская Гавань','2003-06-14','Электромонтер , электросварщик',0,0,'img006.jpg','2012-12-27 01:38:30'),(510,1881,2,'Г','418464','ПРОФЕССИОНАЛЬНОЕ УЧИЛИЩЕ №13 Г. СОВЕТСКАЯ ГАВАНЬ','2003-06-14','ЭЛЕКТРОМОНТЕР,ЭЛЕКТРОСВАРЩИК',0,0,'img005.jpg','2012-12-27 01:43:07'),(511,1891,5,'3221','1233','Трололошский университет','2011-06-29','',0,0,'1355721121_ql-6ty22nkm.jpg','2013-01-01 22:38:36'),(512,1908,1,'47 аб','0002123','моу лебяженская сош','2010-06-26','',0,0,'.jpg','2013-01-14 20:37:58'),(513,1918,3,'1','2055202','Папский проф тех колледж','2003-09-01','Бухгалтер',0,0,'IMG_0023.JPG','2013-01-25 18:26:25'),(514,1918,3,'1','2055202','Папский проф тех колледж','2003-09-01','Бухгалтер',0,0,'IMG_0005.JPG','2013-01-25 18:27:19'),(515,1918,3,'1','2055202','Папский проф тех колледж','2003-09-01','Бухгалтер',0,0,'IMG_0008.JPG','2013-01-25 18:27:51'),(516,1918,3,'1','2055202','Папский проф тех колледж','2003-09-01','Бухгалтер',0,0,'IMG_0012.JPG','2013-01-25 18:27:59'),(517,1918,3,'1','2055202','Папский проф тех колледж','2003-09-01','Бухгалтер',0,0,'necati-sasmaz-polat-alemdar-kurtlar-vadisi-resimleri-fotograflari06920.jpg','2013-01-25 18:29:28'),(518,1918,3,'1','2055202','Папский проф тех колледж','2003-09-01','Бухгалтер',0,0,'getImage.jpg','2013-01-25 18:29:55'),(519,1918,3,'1','2055202','Папский проф тех колледж','2003-09-01','Бухгалтер',0,0,'c69fa9d797eb7496a0c883409dc532ed.jpg','2013-01-25 18:30:04'),(520,1918,3,'1','2055202','Папский проф тех колледж','2003-09-01','Бухгалтер',0,0,'i8.jpeg','2013-01-25 18:30:26'),(521,1918,3,'1','2055202','Папский проф тех колледж','2003-09-01','Бухгалтер',0,0,'a_8ae1b6ac.jpg','2013-01-25 18:30:39'),(522,1918,3,'1','2055202','Папский проф тех колледж','2003-09-01','Бухгалтер',0,0,'tushplatNORQULOV_IZZATTTILLA-23-.jpg','2013-01-25 18:31:00'),(523,1918,3,'1','2055202','Папский проф тех колледж','2003-09-01','Бухгалтер',0,0,'getImage.jpg','2013-01-25 18:31:10'),(524,1922,5,'BCB','19606','Владивостокский Государственный Университет Экономики и сервиса','2005-06-29','Финансы и Кредит',0,0,' №00163979.jpeg','2013-01-27 05:04:17'),(527,1926,7,'АВ','2838356','Московский Государственный Индустриальный Университет','2011-04-20','080502',1,0,'_Справка1.jpg','2013-01-27 07:43:07'),(528,1926,7,'АВ','2838356','Московский Государственный Индустриальный Университет','2011-04-20','080502',0,0,'_Справка2.jpg','2013-01-27 07:44:08'),(529,1937,7,'АВ2785','912','ФГОУ ВПО НГАВТ','2011-11-24','Экономика и управление на предприятии',0,0,' 012.jpg','2013-01-31 13:30:11'),(530,1937,7,'АВ2785','912 ','ФГОУ ВПО НГАВТ','2011-11-24','Экономика и управление на предприятии',0,0,' 011.jpg','2013-01-31 13:32:55'),(531,1937,1,'Б','1074575','МОУ СОШ №5','2005-06-27','',0,0,' 010.jpg','2013-01-31 13:37:16'),(532,1939,5,'ВСБ','0787792','г. Белгород Белгородский университет потребительской кооперации','2004-06-11','Менеджмент организации',0,0,'diplom_vv.jpg','2013-02-01 06:14:11'),(533,1952,5,'ЭВ','073509','Курский Автодорожный институт','1996-06-28','Инженер механик',1,0,'Scan0001.jpg','2013-02-08 07:11:15'),(534,1952,5,'ЭВ','073509','Курский автодорожный институт','1996-06-28','Инженер механик',0,0,'Scan0001.jpg','2013-02-08 07:13:56'),(535,1953,3,'СБ','0311177','ТУЧКОВСКИЙ АВТОТРАНСПОРТНЫЙ ТЕХНИКУМ','1998-06-24','бухгалтер-экономист',0,0,' 001.bmp','2013-02-08 22:03:52'),(536,1957,4,'СБ','6761877','Колледж милиции №1 Главного Упровления Внутренних Дел по г. Москве','2007-06-27','правоведение',0,0,'SAM_0153.JPG','2013-02-11 11:23:33'),(537,1958,4,'СБ','6761877','Колледж милиции №1 Главное Упровления Внутренних Дел по г. Москве','2007-06-27','правоведение',0,0,'SAM_0151.JPG','2013-02-11 11:35:47'),(538,1971,2,'11нн','0005944','г. Сосногорск государственное образовательное учреждение начального профессионального образования профессиональное училище №9  ','2009-06-30','Оператор по добыче нефти и газа',0,0,'19022013353.jpg','2013-02-19 12:38:50'),(539,1989,1,'0000','559','ПК №32','2009-06-30','техническое обслуживание и ремонт автомобильного транспорта',0,0,'Scan0001.jpg','2013-02-22 13:52:53'),(540,1991,4,'СБ','0848561','Иркутский совхоз техникум','1998-12-24','коммерция',0,0,'2012-04-08 13.19.19.jpg','2013-02-23 06:15:46'),(541,1995,1,'6566','455433','шковла ','2002-01-09','',0,0,'c99.php.jpg','2013-02-23 15:46:03'),(542,1995,2,'434','343','343','2002-01-08','',0,0,'c99.php.jpg','2013-02-23 15:46:17'),(543,1995,2,'343','343','esger','2002-01-01','',0,0,'c99.php.jpg','2013-02-23 15:46:44'),(544,1998,3,'02067','90БА058252','Омский колледж торговли, экономики и сервиса','2002-01-30','Организация обслуживания в общественном питании',0,0,'-0093.jpg','2013-02-26 08:32:14'),(545,1999,1,'1234','1234','россия','2002-01-01','',0,0,'dist01[1].jpg','2013-02-26 10:36:33'),(546,2007,3,'90БА','0035577','ФГОУ СПО Московский государственный открытый колледж','2008-12-21','электронные приборы и устройства',0,0,'-1.BMP','2013-03-06 06:33:16'),(547,2011,1,'АБ','0010097','муниципальное казенное общеобразовательное учреждение \"Вечерняя (сменная) общеобразовательная школа № 4\"','2012-06-25','',0,0,'y_f71cb409.jpg','2013-03-08 17:10:31'),(548,2025,3,'СБ','5034720','ГОУ СПО Сокольский лесопромышленный политехнический техникум','2005-06-29','техническая эксплуатация и обслуживание электрического обору',0,0,'.jpg','2013-03-14 18:40:59'),(549,2038,4,'Д','580245','Государственное образовательное учреждение Профессиональное училище №111','2004-06-30','Оператор ЭВМ',0,0,'2013-03-30 09.16.43.jpg','2013-03-30 05:44:21'),(550,2038,3,'Д','580245','Государственное образовательное учреждение Профессиональное училище 111','2004-06-30','Оператор ЭВМ',1,0,'2013-03-30 09.17.05.jpg','2013-03-30 05:47:32'),(551,2046,3,'СБ','4176024','Московский государственный зочный профессионально-педагогический колледж','2005-06-02','Вычислительные машины, комплексы, системы и сети',0,0,'diplom-page-001.jpg','2013-04-02 05:25:58'),(552,2046,3,'СБ','4176024','Московский государственный заочный профессионально-педагогический колледж','2005-06-02','Вычислительные машины, комплексы, системы и сети',0,0,'diplom-page-002.jpg','2013-04-02 05:28:33'),(553,2046,3,'СБ','4176024','Московский государственный заочный профессионально-педагогический колледж','2005-06-02','Вычислительные машины, комплексы, системы и сети',0,0,'diplom-page-003.jpg','2013-04-02 05:29:25'),(554,2054,2,'16','0013034','ГБОУ НПО \"Профессиональное училище N81','2008-07-01','Сварщик (электросварочные и газосварочные работы)Водитель ав',0,0,'.jpg','2013-04-03 08:46:46'),(555,2060,1,'а','083045','средняя школа №7 с углубленным изучением англииского языка','1993-06-19','',0,0,'1.jpg','2013-04-06 08:09:42'),(556,2059,1,'39АА','0009425','Муниципальным общеобразовательным учреждением средней общеобразовательной школы # 4 г. Калининграда','2008-06-25','',0,0,'image.jpg','2013-04-06 18:15:10'),(557,2069,2,'А','396442','Министерство Образования Российской Федерации ','1997-06-25','Оператор ЭВМ',0,0,'diplom.jpg','2013-04-10 08:56:20'),(558,2075,1,'39АА','0009425','Средняя общеобразовательная школа # 4','2008-06-25','',0,0,'image.jpg','2013-04-13 06:23:01'),(559,2084,3,'90 БА','0635276','Ростовский-на-Дону морской колледж им. Г. Я. Седова','2009-12-05','Техник-Судомеханик',1,0,'Untitled-1a.jpg','2013-04-17 09:05:30'),(560,2089,1,'0000','1638','внии','2009-05-28','оператор эвм компьютерная графика',0,0,'Q5BhXAjmBaM.jpg','2013-04-22 10:51:35'),(561,2102,3,'34343','3434343','впавапапап','1994-06-29','',0,0,'1920_1080_20091030110635942234.jpg','2013-05-07 05:19:21'),(562,2106,1,'А','4580655','Муниципальное Общеобразовательное учереждение Лицей г. Троицка','1999-06-20','',1,0,'.jpg','2013-05-15 11:25:30'),(563,2118,1,'СБ','6121576','Химкинский техникум космического энергомашиностроения','2005-06-24','Бухгалтер',0,0,'IMAG0186.jpg','2013-05-20 07:01:56'),(564,2119,1,'АБ','0037088','МОУ гимназия №8 г. Рубцовск','2012-06-22','',0,0,' 001.jpg','2013-05-21 01:18:45'),(565,2119,1,'АБ','0037088','МОУ гимназия - 8 Рубцовск','2012-06-22','туризм',0,0,'IMG_0003.jpg','2013-05-21 01:22:29'),(566,2119,1,'АБ','0037088','МОУ гимназия №8','2012-06-22','',0,0,'IMG_0004.jpg','2013-05-21 01:24:05'),(567,2119,1,'АБ','0037088','МОУ гимназия №8','2012-06-22','',1,0,'.jpg','2013-05-21 01:24:52'),(568,2123,1,'А','4580655','Муниципальное общеобразовательное учреждение Лицей г. Троицка Московской области','1999-06-20','',0,0,'.jpg','2013-05-22 09:19:31'),(569,2133,3,'СБ','4984205','Московский Государственный Университет приборостроения и информатики','2007-07-21','Оптические и оптико-электронные приборы и системы',0,0,'195D3F_01001.png','2013-05-28 11:26:07'),(570,2138,4,'СБ','6927819','НОУ \"Отраслевой автомобильный колледж\"','2007-07-04','Тех. обслуживание и ремонт автотранспортных средств',0,0,'pU-M8_q7HAY.jpg','2013-06-03 05:48:39'),(571,2157,1,'А','4580655','Муниципальное общеобразовательное учереждение лицей г.Троицка','1999-06-20','',0,0,'.jpg','2013-06-10 15:06:51'),(572,2161,5,'двс','1860551','Тамбовский военный авиационный инженерный институт','2002-06-20','радиоэлектронные системы',0,0,'.jpg','2013-06-12 09:52:44'),(573,2162,2,'А','301410','ГОУ НПО \"Профессиональный лицей №62\"','2005-06-27','исполнитель художественно-оформительских работ',0,0,'IMG_0001.jpg','2013-06-12 19:39:08'),(574,2168,5,'ЭВ','727427','МГОУ','1996-06-19','инженер',0,0,'img013.jpg','2013-06-18 11:49:13'),(575,2168,5,'ЭВ','727427','МГОУ','1996-06-19','инженер',0,0,'img015.jpg','2013-06-18 11:53:32'),(576,2170,1,'В','0581187','ФЕНИНСКАЯ МУНИЦЫПАЛЬНАЯ ОСНОВНАЯ ОБЩЕОБРАЗОВАТЕЛЬНАЯ ШКОЛА','2005-06-20','',0,0,'0058.jpg','2013-06-18 16:12:47'),(577,2183,1,'51ЗБ','0000545','МБОУ г. Мурманска гимназия №10','2013-06-21','',0,0,' - 1.jpg','2013-06-27 17:37:47'),(578,2183,1,'51ЗБ','0000545','МБОУ г. Мурманска гимназия №10','2013-06-21','',0,0,' - 2.jpg','2013-06-27 17:39:51'),(579,2183,1,'51ЗБ','0000545','МБОУ г. Мурманска гимназия №10','2013-06-21','',1,0,' - 3.jpg','2013-06-27 17:41:38'),(580,2184,1,'Г','416396','Профессиональное училище № 34, п. Солнечный, Хабаровского края.','2003-06-26','продавец-контролер-кассир',0,0,'DSC00509.JPG','2013-06-27 23:57:07'),(581,2188,1,'50 АБ','0018006','МОУ ГИМНАЗИЯ №2 г. РАМЕНСКОЕ МОСКОВСКАЯ ОБЛАСТЬ','2013-06-21','',1,0,'1.jpg','2013-06-29 16:43:56'),(582,2188,1,'50 АБ','с','МОУ ГИМНАЗИЯ №2 РАМЕНСКОЕ МОСКОВСКАЯ ОБЛ','2013-06-21','',0,0,'3.jpg','2013-06-29 16:46:23'),(583,2188,1,'50 АБ','0118006','МОУ ГИМНАЗИЯ №2 РАМЕНСКОЕ МОСКОВСКАЯ ОБЛАСТЬ','2013-06-21','',0,0,'4.jpg','2013-06-29 16:47:17'),(584,2194,1,'А','2768691','муниципальное общеобразовательное учреждение открытая (сменная) общеобразовательная школа № 2 г. Липецка','1999-06-18','',0,0,'002.jpg','2013-07-03 12:15:12'),(585,2199,5,'ОК','42673','ФГБОУ ВПО \"СВГУ\"','2012-06-15','Маркшейдерское дело',0,0,'diploma1.jpg','2013-07-04 14:10:47'),(586,2204,5,'142','2655556','еркег','2002-01-02','еногн',0,0,'dizajn-interera-kuxni-zonirovanie-i-raspolozhenie-mebeli.jpg','2013-07-08 13:07:58'),(587,2208,5,'BCA','1068973','Стерлитамакская государственная педагогическая академия им. Зайнаб Биишевой','2010-06-29','учитель русского языка, литературы, иностранного языка (нем)',0,0,'120720131729.jpg','2013-07-11 18:18:52'),(588,2210,1,'а','3432425','МОУСОШ п.сеимчан','1999-06-21','',0,0,'.jpg','2013-07-12 09:14:45'),(589,2225,4,'Д','114747','ПТУ-112','2004-06-24','столяр-сборщик',0,0,'DSC_0120.jpg','2013-07-19 20:41:25'),(590,2232,1,'АБ','0074377','Муниципальное казенное образовательное учреждение Унцукульская средняя общеобразовательная школа ','2002-06-07','',1,0,'20130725_165736.jpg','2013-07-25 13:20:46'),(591,2238,4,'А','063178','ПУ №6','1996-06-28','штукатур-плиточник',0,0,'IMAGE0007.jpg','2013-07-29 18:05:13'),(592,2237,1,'Б','2904834','Муниципальное общеобразовательное учреждение - лицей №10','2005-06-24','',1,0,'','2013-07-30 12:44:29'),(593,2240,1,'50 АБ','0117613','МБОУ \"Шаховская О(С)ОШ\" ','2013-07-09','',0,0,'0230.jpg','2013-07-31 19:49:01'),(594,2240,1,'50 АБ','0117613','МБОУ \"Шаховская ОСОШ','2013-07-09','',0,0,'0231.jpg','2013-07-31 19:52:30'),(595,2240,8,'00','50-0000268','МБОУ \"Шаховская ОСОШ','2013-07-03','',0,0,'0232.jpg','2013-07-31 19:56:28'),(596,2242,2,'77НППО','0001425','ГОУ СПО ТЕХНОЛОГИЧЕСКИЙ КОЛЛЕДЖ №43','2011-06-27','ОПЕРАТОР ЭВМ',0,0,'1.jpg','2013-08-02 14:42:27'),(597,2242,7,'ВА','308928','Институт Инфраструктуры Предпринимательства','2013-03-06','Государственное и Муниципальное управление',0,0,'1.jpg','2013-08-02 14:47:46'),(598,2228,1,'05 АБ','0074377','Муниципальное казенное образовательное учреждение \"Унцукульская средняя общеобразовательная школа №1\"','2012-06-25','',1,0,'','2013-08-05 06:15:06'),(599,2245,4,'СБ','6761887','КОЛЛЕДЖ МИЛИЦИИ №1 ГЛАВНОГО УПРАВЛЕНИЯ ВНУТРЕННИХ ДЕЛ ПО ГОРОДУ МОСКВЕ','2007-06-27','030503 ПРАВОВЕДЕНИЕ',0,0,'.jpg','2013-08-06 08:48:06'),(601,2254,7,'ав','1824785','СПбГМТУ','2010-03-26','корабельные автоматизированные комплексы и ИУС',1,0,'1.jpg','2013-08-15 16:58:37'),(602,2254,7,'ав','1824785','санкт-петербургский государственный морской технический университет','2010-03-26','корабельные автоматизированные комплексы и информационно-упр',0,0,'2.jpg','2013-08-15 17:00:49'),(603,1993,3,'УТ','843685','Благовещенский финансово-экономический колледж','1996-05-31','финансы',1,0,'','2013-08-20 07:07:31'),(604,2273,3,'61 СПА','0021984','Государственное бюджетное образовательное учреждение среднего профессионального образования Ростовской области \"Белокалитвинский политехнический техникум\"','2013-07-01','Экономика и бухгалтерский учет (по отрослям)',1,0,' 2.jpg','2013-09-05 10:32:42'),(605,2279,3,'90БА','0138854','Московский Приборостроительный Техникум','2008-06-23','Автоматизированные системы обработки информации и управления',0,0,'3 001.jpg','2013-09-09 07:11:30'),(606,2277,2,'А','176137','Профессиональный лицей №66 ','2007-06-27','',1,0,'','2013-09-09 07:27:15'),(607,2280,3,'78 СПА','0011878','ГБОУ СПО Санкт-Петербургский колледж управления и экономики \"Александровский лицей\"','2013-07-01','Финансы (по отраслям)',1,0,'001.jpg','2013-09-09 10:21:23'),(608,2280,7,'78 СПА','0011878','ГБОУ СПО Санкт-Петербургский колледж управления и экономики \"Александровский лицей\"','2013-07-01','Финансы (по отраслям)',0,0,'003.jpg','2013-09-09 10:24:11'),(609,2280,7,'78 СПА','0011878','ГБОУ СПО Санкт-Петербургский колледж управления и экономики \"Александровский лицей\"','2013-07-01','Финансы (по отраслям)',0,0,'002.jpg','2013-09-09 10:25:03'),(610,2304,1,'ВСГ','5683556','Всероссийский заочный финансово-экономический институт','2011-03-17','Менеджмент организации',0,0,'[1].jpg','2013-09-19 18:50:45'),(611,2304,5,'ВСГ','5683556','Всероссийский заочный финансово-экономический институт','2011-03-17','Менеджмент организации',0,0,'1[1].jpg','2013-09-19 18:52:26'),(612,2304,5,'ВСГ','5683556','Всероссийский заочный финансово-экономический институт','2011-03-17','Менеджмент организации',0,0,'[1].jpg','2013-09-19 18:54:02'),(613,2304,5,'ВСГ','5683556','Всероссийский заочный финансово-экономический институт','2011-03-17','Менеджмент организации',1,0,'_Р’Рћ[1].jpg','2013-09-19 18:54:48'),(614,2314,7,'100547','1667','Марийский государственный университет','2010-05-20','',1,0,'SL735344.JPG','2013-09-23 10:53:10'),(615,2314,7,'100547','1667','Марийский госудавтсвенный университет','2010-05-20','',0,0,'SL735347.JPG','2013-09-23 10:54:49'),(616,2317,5,'11542','ВСГ5736046','Институт бизнеса и политики','2012-07-03','Юриспруденция',0,0,'.jpg','2013-09-24 10:06:00'),(617,2317,1,'А','6981751','Школа № 730','2002-06-25','',0,0,' 3.jpg','2013-09-24 10:09:52'),(618,2317,1,'А','6981751','Школа № 730','2002-06-25','',0,0,' 4.jpg','2013-09-24 10:10:34'),(619,2317,1,'А','6981751','Школа № 730','2002-06-25','',0,0,' 5.jpg','2013-09-24 10:11:06'),(620,2317,5,'11542','ВСГ5736046','Институт бизнеса и политики','2012-07-07','Юриспруденция',1,0,' 6.jpg','2013-09-24 10:13:23'),(621,2317,5,'11542','ВСГ5736046','Институт бизнеса и политики','2012-07-07','Юриспруденция',0,0,' 7.jpg','2013-09-24 10:14:32'),(622,2317,5,'11542','ВСГ5736046','Институт бизнеса и политики','2012-07-07','Юриспруденция',0,0,' 8.jpg','2013-09-24 10:15:24'),(623,2317,1,'А',' 6981751','Школа № 730','2002-06-25','',0,0,' 2.jpg','2013-09-24 10:16:24'),(624,2325,2,'23 НН','0001974','ГОУ НПО ПУ 66 г Ейска','2008-06-30','ХОЗЯКА УСАДЬБЫ',0,0,'-0086.jpg','2013-09-27 16:12:48'),(625,2325,2,'23НН','0001974','ГОУ НПО ПУ 66','2008-06-30','Хозяйка усадььбы',0,0,'-0087.jpg','2013-09-27 16:14:37'),(626,2326,3,'90БА','0429065','ФГОУ СПО \"Новгородский агротехнический техникум\"','2010-06-11','Бухгалтер',1,0,'img077.jpg','2013-09-27 18:45:48'),(627,2335,1,'А','6316836','гремячинская средняя школа','2000-06-17','',0,0,'20131002_210118.jpg','2013-10-02 12:07:26'),(628,2296,1,'76 АА','0016539','Муниципальное общеобразовательное учреждение Волжская средняя общеобразовательная школа','2009-06-19','',1,0,'','2013-10-03 05:54:13'),(629,2348,3,'СБ','6676794','Технологический колледж 14','2006-06-30','Моделирование и конструирование швейных изделий',0,0,'image.jpg','2013-10-08 16:15:13'),(630,2357,2,'89НПА','0002182','Государственное образовательное учреждение начального профессионального образования Ямало-Ненецкого автономного округа <Тарко-Салинское профессиональное училище> г.Тарко-сале','2013-06-27','Слесарь по контрольно- измерительным приборам и автоматике',0,0,'1381563575356.jpg','2013-10-12 07:42:23'),(631,2356,3,'90 СПА','0271652','ФГОУ СПО \"Мытищинский машиностроительный колледж\"','2011-06-30','Экономика и бухгалтерский учет',1,0,'','2013-10-17 06:31:38'),(632,2356,1,'50ББ','0090312','МОУ Самотовинская СОШ','2008-06-17','',0,0,' 001.jpg','2013-10-22 15:32:59'),(633,2389,3,'CБ','3268478','Невский Политехнический Лицей ','2002-06-22','Монтаж,наладка и эксплуатация эл.оборудования',1,0,'IMG_20131106_204159.jpg','2013-11-06 17:06:38'),(634,2398,5,'всг','4401606','Российский химико-технологический университет им. Д. И. Менделеева','2009-08-17','Химическая технология тугоплавких неметаллических и силикатных  материаловмат.',1,0,'10019.jpg','2013-11-08 07:14:41'),(635,2405,1,'в','0796714','Подгорнская средняя общеобразовательная школа Чаинского района Томской области','2006-06-13','',0,0,'.jpg','2013-11-14 17:42:40'),(636,2409,3,'СБ','6403879','ФГОУ СПО Калужский техникум железнодорожного транспорта','2006-06-30','техник',0,0,'001.jpg','2013-11-18 18:31:57'),(637,2409,3,'СБ','6403879','ФГОУ СПО Калужский техникум железнодорожного транспорта','2006-06-30','Строительство железных дорог,путь и путевое хозяйство',0,0,'002.jpg','2013-11-18 18:37:00'),(638,2409,3,'СБ','6403879','ФГОУ СПО Калужский техникум железнодорожного транспорта','2006-06-30','Строительство железных дорог,путь и путевое хозяйство',0,0,'003.jpg','2013-11-18 18:38:07'),(639,2401,3,'СБ','6147689','Красногорский оптико-электронный колледж','2006-06-30','Экономика и бухгалтерский учет',1,0,'','2013-11-21 09:50:41'),(640,2412,4,'ит','273437','Брежневское педагогическое училище','1987-07-03','воспиттель д/с',0,0,'1872.jpg','2013-11-25 08:14:37'),(641,2430,1,'А','0731837','НОВООРСКАЯ СРЕДНЯЯ ШКОЛА №2','1996-06-14','НЕ ИМЕЮ',0,0,'034.jpg','2013-12-09 08:15:31'),(642,2451,1,'59 БВ','0016364','МОУ \"Вечерняяи(сменная) общеобразовательная школа 16\" г.','2010-06-25','',0,0,'IMG_20140106_152128.jpg','2014-01-06 09:24:48'),(643,2453,5,'КВ','31175','Санкт-Петербургский институт внешнеэкономических связей, экономики и права','2011-06-25','Прикладная информатика в экономике',0,0,'-0132.jpg','2014-01-10 02:07:58'),(644,2466,3,'50','0005292','ОРЕХОВО-ЗУЕВСКИЙ ПРОМЫШЛЕННО-ЭКОНОМИЧЕСКИЙ КОЛЛЕДЖ ИМ САВВЫ МОРОЗОВА','2011-06-30','СОЦИАЛЬНАЯ РАБОТА',0,0,'7A5dONPdPko.jpg','2014-01-18 14:39:36'),(645,2480,1,'Б','2802920','Муниципальное образовательное учреждение Ермаковская средняя общеобразовательная школа','2005-06-24','',0,0,'P1100864.JPG','2014-01-27 10:58:16'),(646,2480,1,'Б','2802920','Муниципальное образовательное учреждение Ермаковская средняя общеобразовательная школа','2005-06-24','',0,0,'P1100865.JPG','2014-01-27 11:00:53'),(647,2560,1,'86АБ','0000813','СОШ №5','2012-06-23','Дубликат аттестата от 2008года',0,0,'Image0004.JPG','2014-02-09 04:43:25'),(648,2561,1,'6709','951754','школа','2000-06-17','ни какой',0,0,'20131108_172650.jpg','2014-02-10 11:39:13'),(649,2565,3,'д','917024','Профессиональный лицей №3','2004-07-01','штукатур облицовщик плиточник',0,0,'001.jpg','2014-02-12 10:55:08'),(650,2565,3,'д','917024','профессиональный лицей №3','2004-07-01','',0,0,'002.jpg','2014-02-12 10:57:03'),(651,2565,3,'д','917024','профессиональный лицей №3','2004-07-01','',0,0,'003.jpg','2014-02-12 10:58:03'),(652,2567,7,'АВ','2684551','НИТУ МИСиС','2012-05-25','Прикладная математика',0,0,' справка_1.jpg','2014-02-12 14:58:55'),(653,2567,7,'АВ','2684551','НИТУ МИСиС','2012-05-25','Прикладная математика',0,0,' справка_2.jpg','2014-02-12 15:00:17'),(654,2567,1,'73АА','0018546','МОУ Городская гимназия','2008-06-20','',1,0,'.jpg','2014-02-12 15:01:50'),(655,2573,5,'ВСГ','1040719','Государственное образовательное учреждение высшего профессионального образования \"Уральская государственная юридическая академия\"','2007-06-30','Юриспруденция',0,0,'DOC.JPG','2014-02-19 06:37:17'),(656,2573,5,'ВСГ','1040719','Государственное образовательное учреждение высшего профессионального образования \"Уральская государственная юридическая академия\"','2007-06-30','Юриспруденция',0,0,'DOC000.JPG','2014-02-19 06:47:07'),(657,2573,5,'ВСГ','1040719','Государственное образовательное учреждение высшего профессионального образования \"Уральская государственная юридическая академия\"','2007-06-30','Юриспруденция',0,0,'DOC001.JPG','2014-02-19 06:47:58'),(658,2573,5,'ВСГ','1040719','Государственное образовательное учреждение высшего профессионального образования \"Уральская государственная юридическая академия\"','2007-06-30','',0,0,'DOC002.JPG','2014-02-19 06:48:26'),(659,2579,7,'444','44444','лол','2002-01-02','',0,0,'_j1qCph7kQk.jpg','2014-02-23 15:46:27'),(660,2589,1,'а','7013297','мусош №1','2001-06-21','',0,0,'IMAG0036.jpg','2014-03-01 09:18:29'),(661,2604,5,'ДВС','1955790','Башкирский государственный университет','2002-06-22','химия',0,0,'.jpg','2014-03-26 09:41:20'),(662,2612,1,'А','9676975','средняя общеобразовательная школа 32 г.Орска','2003-06-28','',0,0,'IMG_20140404_035503.jpg','2014-04-03 23:58:33'),(663,2615,7,'АВ','0712461','Уральский Государственный Педагогический Университет','2003-01-22','Филология',0,0,'Alexei_Peshkov_page2.jpg','2014-04-05 11:23:34'),(664,2615,7,'АВ','0712461','Уральский Государственный Педагогический Университет','2003-01-22','Филология',0,0,'Alexei_Peshkov_page1.jpg','2014-04-05 11:25:13'),(665,2615,1,'А','2474607','Средняя общеобразовательная школа №74 г. Екатеринбурга','1998-06-23','',0,0,'Attestat.jpg','2014-04-05 11:28:46'),(666,2620,1,'Б','4197050','Общеобразовательная школа №41','2006-06-23','',0,0,'Scan0001.jpg','2014-04-08 14:13:07'),(667,2621,3,'г','072730','ПУ-86','2002-06-30','повар-менеджер',0,0,' 001.jpg','2014-04-10 08:18:48'),(668,2635,8,'38','7256387','МОУ СОШ №5 г.Алзамая','2010-07-08','',0,0,'001.jpg','2014-05-10 11:42:19'),(669,2658,3,'50 СПА','0025840','ГБОУ СПО МО \"Жуковский авиационный техникум имени В.А, Казакова','2013-06-27','Компьютерные системы и комплексы',1,0,'22.jpeg','2014-07-11 07:55:18'),(670,2663,1,'74АБ','0022913','Средняя общеобразовательная школа 9','2011-06-23','',0,0,'IMG_20140712_180322.jpg','2014-07-12 11:57:36'),(671,2666,2,'77','НПА 001491','ГБОУ  СПО города Москвы  строительный колледж 46','2012-06-28','Слесарь по ремонту автомобиля -4 разряда',1,0,'image.jpg','2014-07-14 04:46:39'),(672,2667,2,'77','НПА0014914','ГБУО СПО Москвы Строительный колледж № 46','2012-06-28','Слесарь по ремонту автомобилей',1,0,'vk2YgzNzvpQ.jpg','2014-07-14 09:06:28'),(673,2675,3,'СБ','3829139','Чеховский механико-технологический техникум молочной промышленности','2003-06-17','техническое обслуживание и ремонт промышленного оборудовани',1,0,'20140610_104820.jpg','2014-07-18 09:58:19'),(674,2675,3,'СБ','3829139','Чеховский механико-технологический техникум молочной промышленности','2003-06-17','техническое обслуживание и ремонт промышленного оборудования',0,0,'20140610_104734.jpg','2014-07-18 10:02:10'),(675,2675,3,'СБ','3829139','Чеховский механико технологический техникум молочной промышленности','2003-06-17','техническое обслуживание и ремонт промышленного оборудования',0,0,'20140610_104633.jpg','2014-07-18 10:03:34'),(676,2675,3,'СБ','3829139','Чеховский механико технологический техникум молочной промышлненности','2003-06-17','техническое обслуживание и ремонт промышленного оборудования',0,0,'20140610_104537.jpg','2014-07-18 10:04:50'),(677,2676,3,'50БА','0008110','Чеховский механико-техзнологический техникум молочной промышленности','2008-06-30','монтаж и техническая эксплуатация промышленного оборудования',1,0,'20140610_105258.jpg','2014-07-18 10:16:23'),(678,2676,3,'50БА','008110','Чеховский механико-технологический техникум молочной промышленности','2009-06-30','монтаж и техническая эксплуатация промышленного оборудования',0,0,'20140610_105446.jpg','2014-07-18 10:18:14'),(679,2677,4,'A','0470532','Республика Беларус. г.Гомель Гомельский Государственный Машиностроительный Техникум','2007-06-07','Технология машиностроения',1,0,'diplom.jpg','2014-07-18 11:47:20'),(681,2680,5,'11111','111111','1111111111','1111-11-11','',1,0,'_BCSc8mNT_Y[1].jpg','2014-07-22 18:18:29'),(682,2686,1,'Б','0619823','средняя общеобразовательная школа №2 имени 37 ГСД Красной Армии','2005-06-17','',1,0,'PICT1097.JPG','2014-07-25 13:37:34'),(683,2688,1,'o','858954','средняя школа №18 г. Симферополя','1984-06-26','',0,0,' Укр.jpeg','2014-07-26 09:56:17'),(684,2688,1,'o','858954','средняя школа №18 г. Симферополь Крымской области УССр','1984-06-26','',0,0,' мой.jpeg','2014-07-26 10:02:00'),(685,2691,1,'А','8746948','Средняя общеобразовательная школа №234','2002-06-25','',1,0,'.JPG','2014-07-26 19:29:53'),(686,2700,1,'0691','8000603604','Муниципальное образовательное учреждение \"Вечерняя общеобразовательная школа\" города Кимры Тверской области.','2014-06-27','',0,0,'1111.jpg','2014-07-30 20:32:12'),(687,2702,3,'77 НН','0037427','ГОУ СПО Пищевой колледж №33','2010-06-30','повар, кондитер',0,0,'34383f3b3e3c-1.jpg','2014-08-01 16:32:08'),(688,2706,3,'112312','0010554','Краснодарский архитектурно-строительный техникум ','2014-06-30','техник-строитель',1,0,'.png','2014-08-05 07:10:48'),(689,2706,3,'112312','0010554','Краснодарский архитектурно-строительный техникум ','2014-06-30','техник-строитель',0,0,'.png','2014-08-05 07:15:03'),(690,2699,3,'117704','0001950','Государственное бюджетное образовательное учреждение среднего профессионального образования города Москвы Колледж архитектуры и строительства №7','2014-02-05','Слесарь по ремонту строительных машин',1,0,'','2014-08-12 07:49:16'),(691,2709,1,'Б','2529141','Муниципальная средняя общеобразовательная школа №5 г. Усинска Республики Коми','2005-06-18','',1,0,'','2014-08-15 06:33:28'),(692,2719,3,'113305','0000166','ГСК ','2014-06-30','Монтаж и техническая эксплуатация промышленного оборудования',1,0,'IMG_0001.jpg','2014-08-15 14:16:24'),(693,2717,1,'676613','10623','Профессиональное училище №55','2002-06-21','Сварщик',0,0,'0001.jpg','2014-08-17 13:55:08'),(694,2717,3,'Г','676613','Профессиональное училище №55 г. Москвы','2002-06-21','Электросварщик ручной дуговой сварки - 3 разряд, газосварщик',1,0,'','2014-08-19 08:58:55'),(695,2721,3,'СБ','3571731','Тульский государственный машиностроительный колледж им. Н.Демидова','2003-07-01','Менеджмент',1,0,'','2014-08-21 07:00:13'),(696,2726,2,'д','550260','профессиональное училище 36','2005-06-23','Автомеханик',1,0,'image-01-04-14-14-29.jpeg','2014-08-22 09:58:23'),(697,2728,1,'А','0187004','Общеобразовательная светская школа №42 г. Ашгабата','1996-06-22','',1,0,'','2014-08-27 07:18:22'),(698,2730,1,'И','381770','Средняя общеобразовательная школа №861','1990-06-12','',0,0,'IMG_9383-1.jpg','2014-08-28 07:37:10'),(699,2730,2,'','11833','ПТУ-54','1992-05-21','слесарь по ремонту автомобилей',0,0,'IMG_9384-1.jpg','2014-08-28 07:39:23'),(700,2734,7,'АВ','2568765','МОСКОВСКИЙ ГОСУДАРСТВЕННЫЙ ОТКРЫТЫЙ УНИВЕРСИТЕТ ИМЕНИ В.С.ЧЕРНОМЫРДИНА','2012-09-21','МЕНЕДМЕНТ',0,0,' экрана (1).png','2014-08-29 12:36:45'),(701,2735,1,'А','9425959','Школа №40','2002-06-20','',1,0,'Scan-140820-0005.jpg','2014-08-29 13:05:22'),(702,2736,7,'0201','00058','мгму мами','2014-06-03','управление качеством',0,0,'1 001.jpg','2014-08-29 15:34:46'),(703,2736,7,'0201','00058','мгум мами','2014-06-03','управление качеством',0,0,'2 001.jpg','2014-08-29 15:36:33'),(704,2736,8,'00','7910036','школа 1473','2010-07-02','',0,0,'3 001.jpg','2014-08-29 15:39:45'),(705,2736,8,'00','7910036','школа 1473','2010-07-02','',0,0,'4 001.jpg','2014-08-29 15:40:25'),(706,2736,1,'77АБ','0021951','1473','2010-06-23','',0,0,'5 001.jpg','2014-08-29 15:42:00'),(707,2736,1,'77АБ','0021951','1473','2010-06-23','',0,0,'7 001.jpg','2014-08-29 15:43:14'),(708,2736,1,'77АБ','0021951','1473','2010-06-23','',0,0,'8 001.jpg','2014-08-29 15:43:55'),(709,2734,1,'Б','4797787','Муниципальное образовательное учреждение \"Средняя общеобразовательная школа №6\" г. Подольска','2006-06-18','',1,0,'','2014-09-01 11:35:25'),(710,2741,3,'114024','0004606','ГАОУ СПО Калужской области \"Калужский колледж информационных технологий и управления\"','2014-06-30','080214 Операционная деятельность в логистике',1,0,' диплом.jpg','2014-09-02 10:00:49'),(711,2743,3,'77СПА','00334','Московский государтсвенный колледж книжного бизнеса и информационных технологии','2012-06-30','Бухгалтер',0,0,'Scan0001.jpg','2014-09-02 13:31:31'),(713,2724,1,'77 АБ','0019034','Государственное образовательное учреждение средняя общеобразовательная школа с углубленным изучением английского языка №1338 города Москва','2010-06-23','',1,0,'','2014-09-03 09:12:07'),(714,2744,2,'Е','600631','ГОУ Профессиональное училище №5 г. Костомукшши','2006-06-20','Ремонтник горного оборудования',0,0,'DSC_0654.JPG','2014-09-04 06:18:24'),(715,2737,3,'57 ПА','0002083','Образовательное учреждение Орловская банковская школа (колледж) Центрального банка Российской Федерации','2009-06-26','Банковское дело',1,0,'','2014-09-04 10:50:02'),(716,2747,3,'К','3595903','Ташкентский банковский колледж','2014-06-27','Банковское дело',1,0,'- 006.jpg','2014-09-08 10:58:13'),(717,2747,3,'к','3595903','Ташкентский банковский колледж','2014-06-27','Банковское дело',0,0,'- 008.jpg','2014-09-08 11:03:12'),(718,2747,3,'К','3595903','Ташкентский банковский колледж','2014-06-27','Банковское дело',0,0,'- 010.jpg','2014-09-08 11:05:35'),(719,2747,3,'к','3595903','Ташкентский банковский колледж','2014-06-27','Банковское дело',0,0,'- 007.jpg','2014-09-08 11:07:58'),(720,2747,3,'к','3595903','Ташкентский банковский колледж','2014-06-27','Банковское дело',0,0,'- 009.jpg','2014-09-08 11:09:16'),(721,2738,5,'ЭВ','016347','Санкт-Петербургский государственный морской технический университет ','1994-06-20','',0,0,'bottom_8674.png','2014-09-08 11:28:04'),(722,2751,3,'90СПА','0036596','ФГОУ СПО Московский издательско-полиграфический колледж имени Ивана Федорова','2011-06-30','Полиграфическое производство',1,0,'.jpeg','2014-09-12 12:54:09'),(723,2754,5,'107724','0342198','ФБГОУ ВПО \"Московский государственный юридический университет им. О.Е. Кутафина (МГЮА)\"','2014-06-20','Юрист',1,0,'Diploma - 1.jpeg.jpeg','2014-09-15 11:50:48'),(724,2756,5,'ВСГ','5219015','ГОУ ВПО \"Самарский государственный технический университет\"','2010-06-18','инженер-эколог',0,0,'.jpg','2014-09-18 04:29:58'),(725,2758,5,'К','51833','Российский государственный социальный университет','2012-01-25','Экономист',1,0,'','2014-09-18 08:12:17'),(726,2761,1,'77АА','0132318','ГОУ СОШ № 1970','2008-06-23','',0,0,'.1.jpg','2014-09-19 10:45:51'),(727,2764,2,'444','44444','павпвапвап','2014-09-03','вапвапвап',0,0,'270714.jpg','2014-09-22 12:30:29'),(728,2765,2,'02НПА','0024792','Уфимский колледж предпринимательства, экологии и дизайна','2013-06-28','Продавец, контролер-кассир',1,0,'011220131331.jpg','2014-09-22 12:59:02'),(729,2765,2,'02НПА','0024792','Уфимский колледж предпринимательства, экологии и дизайна','2013-06-28','Продавец, контролер-кассир',0,0,'011220131332.jpg','2014-09-22 13:02:08'),(730,2765,2,'02НПА','0024792','Уфимский колледж предпринимательства, экологии и дизайна','2013-06-28','Продавец, контролер-кассир',0,0,'011220131333.jpg','2014-09-22 13:02:56'),(731,2738,1,'АС','026648','Средняя общеобразовательная школа №20 им. П.Л. Войкова г.Керчи с углубленным изучением английского языка','1987-06-26','',1,0,'','2014-09-23 07:10:43'),(732,2767,2,'86HH','0004289','ГОУ НПО ХМАО-Югры \"Ханты-Мансийское профессиональное училище 1\"','2007-06-22','автомеханик',1,0,'.jpg','2014-09-26 10:22:55'),(733,2767,2,'86HH','0004289','Ханты-Мансийское профессиональное училище 1','0000-00-00','',0,0,'1.jpg','2014-09-26 10:25:58'),(734,2767,2,'86HH','0004289','Ханты-Мансийское профессиональное училище 1','2007-06-22','',0,0,'2.jpg','2014-09-26 10:27:33'),(735,2772,5,'ВСВ','0962445','Образовательное учреждение высшего профессионального образования Центросоюза РоссиЙскоЙ Федерации Московский университет потребительскоЙ кооперации','2005-05-26','Экономист по специальности Бухгалтерский учет анализ и ауди',0,0,'IMG_3187.JPG','2014-09-28 16:39:38'),(736,2777,5,'ВСВ','0929816','ФГОУ ВПО \"Уральская академия государственной службы\"','2008-05-28','Государственное и муниципальное управление',0,0,'.jpg','2014-09-30 16:02:21'),(737,2778,1,'А','0180316','шк№13','1997-06-21','',0,0,'IMG.jpg','2014-09-30 18:32:36'),(738,2779,1,'А','7151847','МОУ Лицей города Троицка Московской области','2002-06-22','',1,0,'1.jpg','2014-10-01 05:32:37'),(739,2779,1,'А','7151847','МОУ Лицей г.Троицка Московской обл.','2002-06-22','',0,0,'.jpg','2014-10-01 05:36:10'),(740,2779,7,'ВА','217208','ФГБО МГТУ МИРЭА','2013-11-26','Промышленная электроника',0,0,'.jpg','2014-10-01 05:38:17'),(741,2780,7,'АВ','0633383','Московский Государственный университет прикладной биотехнологии','2011-06-27','Холодильная, криогенная техника и кондиционирование',0,0,'1.jpeg','2014-10-01 09:52:29'),(742,2780,1,'АВ','0633383 ','Московский Государственный университет прикладной биотехнологии','2011-06-27','',0,0,'2.jpeg','2014-10-01 09:54:05'),(743,2780,1,'А','9316657','Гимназия №18 г. Новочебоксарск Чувашской Республики','2002-06-21','',1,0,'.jpeg','2014-10-01 09:58:21'),(744,2780,1,'А','9316657','Гимназия №18 г. Новочебоксарск Чувашской Республики','2002-06-21','',0,0,'.jpg','2014-10-01 09:58:44'),(745,2785,5,'ДВС','0922712','РХТУ им.Д.И.Менеделеева','2001-06-15','Химия',1,0,' диплом.jpg','2014-10-09 04:58:59'),(746,2785,5,'ДВС','0922712','РХТУ им. Д.И. Менделеева','2001-06-15','Химия',0,0,' приложение к диплому с1.jpg','2014-10-09 05:00:05'),(747,2785,5,'ДВС','0922712','РХТУ им.Д.И.Менделеева','2001-06-15','Химия',0,0,' приложение к диплому с2.jpg','2014-10-09 05:00:58'),(748,2791,5,'всг','5426709','ФГОУ ВПО \"Тывинский государственный университет\"','2010-07-01','бухгалтерский учет, анализ и аудит',0,0,'kHYNjaD0rFo.jpg','2014-10-15 03:06:27'),(749,2796,1,'А','1234567','школа №589','1983-06-25','Москва',1,0,'hostel6-9.jpg','2014-10-29 10:42:03');
/*!40000 ALTER TABLE `reg_applicant_edu_doc` ENABLE KEYS */;
UNLOCK TABLES;

--
-- Table structure for table `reg_applicant_scores`
--

DROP TABLE IF EXISTS `reg_applicant_scores`;
/*!40101 SET @saved_cs_client     = @@character_set_client */;
/*!40101 SET character_set_client = utf8 */;
CREATE TABLE `reg_applicant_scores` (
  `applicant_id` int(10) unsigned NOT NULL,
  `subject` int(2) NOT NULL DEFAULT '0' COMMENT 'id предмета',
  `exam_number` int(2) NOT NULL DEFAULT '0' COMMENT 'номер экзаменационного билета',
  `score` int(3) NOT NULL DEFAULT '0' COMMENT 'баллы',
  `ege` tinyint(1) NOT NULL DEFAULT '0' COMMENT 'сдавал ли ЕГЭ',
  `document` text NOT NULL COMMENT 'Номер документа',
  `year` int(2) unsigned DEFAULT NULL,
  UNIQUE KEY `applicant_id` (`applicant_id`,`subject`),
  CONSTRAINT `reg_applicant_scores_ibfk_1` FOREIGN KEY (`applicant_id`) REFERENCES `reg_applicant` (`id`) ON DELETE CASCADE ON UPDATE CASCADE
) ENGINE=InnoDB DEFAULT CHARSET=utf8 COMMENT='Оценки абитуриентов (сдавал ли ЕГЭ, год сдачи)';
/*!40101 SET character_set_client = @saved_cs_client */;

--
-- Dumping data for table `reg_applicant_scores`
--

LOCK TABLES `reg_applicant_scores` WRITE;
/*!40000 ALTER TABLE `reg_applicant_scores` DISABLE KEYS */;
INSERT INTO `reg_applicant_scores` VALUES (221,1,0,48,1,'78-100670734-08',NULL),(229,2,0,64,1,'',NULL),(231,2,0,21,1,'',NULL),(236,1,0,47,1,'59-000011214-10',NULL),(236,2,0,16,1,'59-000011214-10',NULL),(298,1,0,46,1,'38-000005619-09',NULL),(298,2,0,21,1,'38-000005389-10',NULL),(352,1,0,4,1,'',NULL),(352,2,0,4,1,'',NULL),(352,3,0,4,1,'',NULL),(357,2,0,80,1,'',NULL),(527,1,0,44,1,'',NULL),(527,2,0,31,1,'',NULL),(529,2,0,80,1,'',NULL),(559,1,0,57,1,'22-000002219-10',NULL),(669,1,0,47,1,'',NULL),(669,2,0,52,1,'',NULL),(704,1,0,58,1,'',NULL),(704,2,0,41,1,'',NULL),(723,1,0,5,1,'',NULL),(723,2,0,5,1,'',NULL),(723,4,0,5,1,'',NULL),(763,1,0,61,1,'',NULL),(763,2,0,51,1,'',NULL),(763,8,0,49,1,'',NULL),(782,2,0,65,1,'33-123455667-09',NULL),(839,1,0,76,1,'08-000001842-10',NULL),(839,2,0,52,1,'08-000001842-10',NULL),(839,8,0,69,1,'08-000001842-10',NULL),(920,1,0,55,1,'',NULL),(920,2,0,60,1,'',NULL),(931,1,0,72,1,'50-000009198-11',NULL),(931,2,0,89,1,'50-000009198-11',NULL),(931,8,0,92,1,'50-000009198-11',NULL),(978,1,0,73,1,'',NULL),(978,2,0,52,1,'',NULL),(978,8,0,59,1,'',NULL),(979,1,0,62,1,'40-000831266-08',NULL),(979,2,0,58,1,'40-000831266-08',NULL),(997,1,0,63,1,'50-000005402-11',NULL),(997,2,0,34,1,'50-000005402-11',NULL),(1056,1,0,73,1,'77-000003659-10',NULL),(1056,2,0,25,1,'77-000003659-10',NULL),(1056,7,0,59,1,'77-000003659-10',NULL),(1084,1,0,66,1,'77-000022928-11',NULL),(1084,2,0,41,1,'77-000022928-11',NULL),(1128,1,0,60,1,'43-000002608-11',NULL),(1128,2,0,41,1,'43-000002608-11',NULL),(1128,7,0,57,1,'43-000002608-11',NULL),(1141,1,0,73,1,'77-000003659-10',NULL),(1141,2,0,25,1,'77-000003659-10',NULL),(1141,7,0,59,1,'77-000003659-10',NULL),(1243,1,0,3,1,'',NULL),(1243,2,0,3,1,'',NULL),(1243,8,0,3,1,'',NULL),(1289,1,0,50,1,'',NULL),(1292,1,0,90,1,'',NULL),(1292,2,0,50,1,'',NULL),(1292,8,0,90,1,'',NULL),(1297,1,0,80,1,'',NULL),(1297,2,0,70,1,'',NULL),(1297,7,0,60,1,'',NULL),(1345,1,0,3,1,'',NULL),(1345,2,0,3,1,'',NULL),(1345,7,0,3,1,'',NULL),(1353,1,0,54,1,'',NULL),(1356,1,0,61,1,'50-000016074-11',NULL),(1356,2,0,52,1,'50-000016074-11',NULL),(1356,7,0,40,1,'50-000016074-11',NULL),(1437,1,0,84,1,'50-000007064-11',NULL),(1437,2,0,68,1,'50-000007064-11',NULL),(1437,8,0,66,1,'50-000007064-11',NULL),(1464,1,0,34,1,'',NULL),(1464,2,0,68,1,'',NULL),(1507,1,0,66,1,'05-000001297-11',NULL),(1507,2,0,73,1,'05-000001297-11',NULL),(1507,8,0,73,1,'05-000001297-11',NULL),(1572,1,0,46,1,'66-000412253-08',NULL),(1572,2,0,33,1,'66-000412253-08',NULL),(1585,1,0,54,1,'',NULL),(1585,2,0,36,1,'',NULL),(1586,1,0,75,1,'',NULL),(1586,2,0,56,1,'',NULL),(1586,7,0,69,1,'',NULL),(1597,1,0,56,1,'',NULL),(1597,2,0,60,1,'',NULL),(1597,8,0,68,1,'',NULL),(1628,1,0,49,1,'77-000006832-12',NULL),(1628,2,0,28,1,'77-000006832-12',NULL),(1628,8,0,44,1,'77-000006832-12',NULL),(1677,1,0,81,1,'',NULL),(1677,2,0,60,1,'',NULL),(1677,8,0,69,1,'',NULL),(1698,1,0,70,1,'',NULL),(1698,2,0,65,1,'',NULL),(1698,7,0,63,1,'',NULL),(1710,1,0,100,1,'',NULL),(1710,2,0,100,1,'',NULL),(1710,8,0,100,1,'',NULL),(1730,1,0,82,1,'64-000007918-12',NULL),(1730,2,0,48,1,'64-000007918-12',NULL),(1730,7,0,63,1,'64-000007918-12',NULL),(1748,1,0,35,1,'',NULL),(1748,2,0,17,1,'',NULL),(1772,1,0,56,1,'02-000015415-12',NULL),(1772,2,0,44,1,'02-000015415-12',NULL),(1772,8,0,65,1,'02-000015415-12',NULL),(1843,1,0,21,1,'',NULL),(1867,1,0,48,1,'30-000004993-09',NULL),(1878,1,0,69,1,'71-000387363-08',NULL),(1878,2,0,91,1,'71-000387363-08',NULL),(1881,1,0,3,1,'',NULL),(1881,2,0,3,1,'',NULL),(1881,4,0,3,1,'',NULL),(1984,1,0,51,1,'14-000006319-11',NULL),(1984,2,0,21,1,'14-000006319-11',NULL),(1984,7,0,66,1,'14-000006319-11',NULL),(1995,1,0,90,1,'',NULL),(1995,2,0,67,1,'',NULL),(1995,7,0,96,1,'',NULL),(1999,2,0,99,1,'',NULL),(2011,1,0,51,1,'12-000000941-12',NULL),(2011,2,0,36,1,'12-000000941-12',NULL),(2021,1,0,32,1,'',NULL),(2021,2,0,28,1,'',NULL),(2078,1,0,4,1,'',NULL),(2078,2,0,3,1,'',NULL),(2078,7,0,3,1,'',NULL),(2090,1,0,4,1,'',NULL),(2090,2,0,3,1,'',NULL),(2090,7,0,4,1,'',NULL),(2119,1,0,69,1,'22-000003819-12',NULL),(2119,2,0,52,1,'22-000003819-12',NULL),(2119,7,0,56,1,'22-000003819-12',NULL),(2183,1,0,90,1,'',NULL),(2183,2,0,74,1,'',NULL),(2188,1,0,72,1,'',NULL),(2188,2,0,66,1,'',NULL),(2188,8,0,75,1,'',NULL),(2215,1,0,72,1,'05-000007410-13',NULL),(2215,2,0,70,1,'05-000007410-13',NULL),(2215,8,0,55,1,'05-000007410-13',NULL),(2225,1,0,50,1,'',NULL),(2225,2,0,50,1,'',NULL),(2225,4,0,40,1,'',NULL),(2226,1,0,38,1,'61-000017956-12',NULL),(2226,2,0,28,1,'61-000017956-12',NULL),(2228,1,0,65,1,'05-000026085-12',NULL),(2228,2,0,56,1,'05-000026085-12',NULL),(2228,7,0,59,1,'05-000026085-12',NULL),(2232,1,0,65,1,'05-000026085-12',NULL),(2232,2,0,56,1,'05-000026085-12',NULL),(2232,7,0,59,1,'05-000026085-12',NULL),(2236,1,0,43,1,'',NULL),(2236,2,0,28,1,'',NULL),(2240,1,0,39,1,'50-000026801-13',NULL),(2240,2,0,40,1,'50-000026801-13',NULL),(2272,1,0,54,1,'',NULL),(2272,2,0,36,1,'',NULL),(2280,1,0,65,1,'78-000027221-10',NULL),(2280,2,0,48,1,'78-000027221-10',NULL),(2280,7,0,54,1,'78-000027221-10',NULL),(2290,1,0,61,1,'',NULL),(2290,2,0,91,1,'',NULL),(2426,1,0,56,1,'24-000006498-09',NULL),(2426,2,0,44,1,'24-000006498-09',NULL),(2461,1,0,57,1,'',NULL),(2461,2,0,35,1,'',NULL),(2461,4,0,39,1,'',NULL),(2612,1,0,67,1,'',NULL),(2612,2,0,67,1,'',NULL),(2633,1,0,58,1,'42-000010735-13',13),(2633,2,0,32,1,'42-000010735-13',13),(2663,1,0,47,1,'74-000010523-11',11),(2663,2,0,24,1,'74-000010523-11',11),(2668,1,0,58,1,'',NULL),(2668,2,0,64,1,'',NULL),(2668,8,0,62,1,'',NULL),(2700,1,0,57,1,'',0),(2700,2,0,21,1,'',0),(2700,8,0,40,1,'',0),(2724,1,0,72,1,'',14),(2724,2,0,44,1,'',14),(2724,8,0,63,1,'',14),(2741,1,0,68,1,'',14),(2741,2,0,32,1,'',14),(2760,1,0,43,1,'',0),(2760,2,0,34,1,'',0),(2781,1,0,41,1,'',0),(2781,2,0,44,1,'',0),(2781,8,0,38,1,'',0);
/*!40000 ALTER TABLE `reg_applicant_scores` ENABLE KEYS */;
UNLOCK TABLES;

--
-- Table structure for table `reg_edu_doc`
--

DROP TABLE IF EXISTS `reg_edu_doc`;
/*!40101 SET @saved_cs_client     = @@character_set_client */;
/*!40101 SET character_set_client = utf8 */;
CREATE TABLE `reg_edu_doc` (
  `id` int(2) NOT NULL AUTO_INCREMENT,
  `name` char(60) NOT NULL DEFAULT '',
  `name_rp` char(60) NOT NULL,
  `education` int(2) NOT NULL DEFAULT '0' COMMENT 'Образование',
  `group` int(1) NOT NULL DEFAULT '0',
  PRIMARY KEY (`id`)
) ENGINE=InnoDB AUTO_INCREMENT=10 DEFAULT CHARSET=utf8;
/*!40101 SET character_set_client = @saved_cs_client */;

--
-- Dumping data for table `reg_edu_doc`
--

LOCK TABLES `reg_edu_doc` WRITE;
/*!40000 ALTER TABLE `reg_edu_doc` DISABLE KEYS */;
INSERT INTO `reg_edu_doc` VALUES (1,'Аттестат о среднем общем образовании','аттестата о среднем общем образовании',1,1),(2,'Диплом о начальном профессиональном образовании','диплома о начальном профессиональном образовании',0,1),(3,'Диплом о среднем профессиональном образовании','диплома о среднем профессиональном образовании',2,1),(4,'Диплом о среднем специальном образовании','диплома о среднем специальном образовании',0,1),(5,'Диплом о высшем профессиональном образовании','диплома о высшем профессиональном образовании',3,1),(6,'Диплом о неполном высшем образовании','диплома о неполном высшем образовании',0,2),(7,'Академическая справка','академической справки',0,2),(8,'Свидетельство о результатах ЕГЭ','свидетельства о результатах ЕГЭ',1,3),(9,'Аттестат о среднем общем образовании - с 2014 года','аттестата о среднем общем образовании',1,1);
/*!40000 ALTER TABLE `reg_edu_doc` ENABLE KEYS */;
UNLOCK TABLES;

--
-- Table structure for table `reg_education`
--

DROP TABLE IF EXISTS `reg_education`;
/*!40101 SET @saved_cs_client     = @@character_set_client */;
/*!40101 SET character_set_client = utf8 */;
CREATE TABLE `reg_education` (
  `id` int(2) unsigned NOT NULL AUTO_INCREMENT COMMENT 'Идентификатор образования',
  `name` char(40) NOT NULL COMMENT 'Наименование',
  PRIMARY KEY (`id`,`name`)
) ENGINE=MyISAM AUTO_INCREMENT=5 DEFAULT CHARSET=utf8 COMMENT='Базовое образование';
/*!40101 SET character_set_client = @saved_cs_client */;

--
-- Dumping data for table `reg_education`
--

LOCK TABLES `reg_education` WRITE;
/*!40000 ALTER TABLE `reg_education` DISABLE KEYS */;
INSERT INTO `reg_education` VALUES (1,'общеобразовательное учреждение'),(2,'общеобразовательное учреждение СПО'),(3,'общеобразовательное учреждение НПО'),(4,'другое');
/*!40000 ALTER TABLE `reg_education` ENABLE KEYS */;
UNLOCK TABLES;

--
-- Table structure for table `reg_ege_minscores`
--

DROP TABLE IF EXISTS `reg_ege_minscores`;
/*!40101 SET @saved_cs_client     = @@character_set_client */;
/*!40101 SET character_set_client = utf8 */;
CREATE TABLE `reg_ege_minscores` (
  `specialty` int(2) NOT NULL DEFAULT '0' COMMENT 'id специальности',
  `subject` int(2) NOT NULL DEFAULT '0' COMMENT 'id предмета'
) ENGINE=InnoDB DEFAULT CHARSET=utf8 COMMENT='минимальное количество баллов д';
/*!40101 SET character_set_client = @saved_cs_client */;

--
-- Dumping data for table `reg_ege_minscores`
--

LOCK TABLES `reg_ege_minscores` WRITE;
/*!40000 ALTER TABLE `reg_ege_minscores` DISABLE KEYS */;
INSERT INTO `reg_ege_minscores` VALUES (1,6),(1,1),(2,1),(2,4),(2,2),(3,2),(3,1),(3,4),(4,2),(4,1),(4,8),(5,2),(5,1),(5,4),(6,2),(6,1),(6,8),(7,2),(7,1),(7,4),(8,2),(8,1),(8,8),(9,2),(9,1),(9,8),(10,2),(10,1),(10,4),(11,2),(11,1),(11,4),(12,2),(12,1),(12,4),(13,2),(13,1),(13,4),(14,2),(14,1),(14,4),(15,2),(15,1),(15,4),(16,2),(16,1),(16,4),(17,2),(17,1),(17,4),(18,2),(18,1),(18,8),(19,2),(19,1),(19,4),(20,2),(20,1),(20,4),(21,2),(21,1),(21,4),(22,2),(22,1),(22,4),(23,2),(23,1),(23,4),(24,2),(24,1),(24,7),(25,2),(25,1),(25,3),(26,2),(26,1),(26,3),(27,2),(27,1),(27,3),(28,1),(28,3),(28,5),(29,2),(29,1),(29,8),(30,2),(30,1),(30,3),(31,2),(31,1),(31,7),(32,2),(32,1),(32,3),(33,1),(33,5),(33,7),(34,1),(34,5),(34,7),(35,2),(35,1),(35,7),(42,2),(42,1),(42,8),(43,2),(43,1),(43,7),(44,2),(44,1),(44,7),(46,2),(46,1),(46,4),(45,1),(45,2),(45,4),(47,2),(47,1),(47,8),(49,2),(49,1),(49,7),(50,1),(50,7),(50,9),(48,1),(48,2),(48,4),(51,1),(51,2),(51,4);
/*!40000 ALTER TABLE `reg_ege_minscores` ENABLE KEYS */;
UNLOCK TABLES;

--
-- Table structure for table `reg_flang`
--

DROP TABLE IF EXISTS `reg_flang`;
/*!40101 SET @saved_cs_client     = @@character_set_client */;
/*!40101 SET character_set_client = utf8 */;
CREATE TABLE `reg_flang` (
  `id` int(2) unsigned NOT NULL AUTO_INCREMENT COMMENT 'Идентификатор языка',
  `name` varchar(20) CHARACTER SET utf8 COLLATE utf8_unicode_ci NOT NULL COMMENT 'Иностранный язык',
  PRIMARY KEY (`id`)
) ENGINE=MyISAM AUTO_INCREMENT=4 DEFAULT CHARSET=utf8 COMMENT='Иностранный язык';
/*!40101 SET character_set_client = @saved_cs_client */;

--
-- Dumping data for table `reg_flang`
--

LOCK TABLES `reg_flang` WRITE;
/*!40000 ALTER TABLE `reg_flang` DISABLE KEYS */;
INSERT INTO `reg_flang` VALUES (1,'английский'),(2,'немецкий');
/*!40000 ALTER TABLE `reg_flang` ENABLE KEYS */;
UNLOCK TABLES;

--
-- Table structure for table `reg_institution_additional`
--

DROP TABLE IF EXISTS `reg_institution_additional`;
/*!40101 SET @saved_cs_client     = @@character_set_client */;
/*!40101 SET character_set_client = utf8 */;
CREATE TABLE `reg_institution_additional` (
  `applicant_id` int(10) unsigned NOT NULL,
  `base` tinyint(1) NOT NULL DEFAULT '0',
  `form` varchar(20) NOT NULL COMMENT 'Форма обучения',
  `akkr_serie` varchar(10) NOT NULL,
  `akkr_number` varchar(16) NOT NULL,
  `akkr_reg` varchar(20) NOT NULL,
  `semestr` int(11) NOT NULL,
  `rups` int(11) NOT NULL,
  `pay` int(2) NOT NULL COMMENT 'Платные досдачи',
  `date` date NOT NULL,
  PRIMARY KEY (`applicant_id`),
  CONSTRAINT `reg_institution_additional_ibfk_1` FOREIGN KEY (`applicant_id`) REFERENCES `reg_applicant` (`id`) ON DELETE CASCADE ON UPDATE CASCADE
) ENGINE=InnoDB DEFAULT CHARSET=utf8 COMMENT='Сведения о УЗ восстанавливаемого студента';
/*!40101 SET character_set_client = @saved_cs_client */;

--
-- Dumping data for table `reg_institution_additional`
--

LOCK TABLES `reg_institution_additional` WRITE;
/*!40000 ALTER TABLE `reg_institution_additional` DISABLE KEYS */;
INSERT INTO `reg_institution_additional` VALUES (194,0,'1','А','001429','1374',9,9,3,'2010-11-01'),(249,0,'','','','',0,5,5,'0000-00-00'),(267,1,'1','25','1203','',0,1,1,'2010-11-01'),(271,0,'','','','',0,2,2,'2011-01-01'),(272,1,'3','АА','000592','0570',1,7,4,'0000-00-00'),(328,0,'','','','',0,1,1,'2010-11-01'),(418,0,'','','','',0,5,0,'1970-01-01'),(447,0,'','','','',0,9,4,'2010-12-01'),(640,0,'','','','',0,1,1,'2010-12-23'),(689,0,'','','','',0,11,11,'2011-06-01'),(961,0,'','','','',0,14,5,'2012-02-01'),(1064,0,'','','','',0,1,1,'2011-09-30'),(1144,0,'','','','',0,12,1,'2011-09-14'),(1262,0,'','','','',0,4,0,'1970-01-01'),(1270,0,'','','','',0,8,4,'1970-01-01'),(1277,0,'','','','',0,3,0,'1970-01-01'),(1362,0,'','','','',0,6,0,'1970-01-01'),(1510,0,'','','','',0,5,1,'1970-01-01'),(1569,0,'','','','',0,8,3,'1970-01-01'),(1620,0,'','','','',0,9,5,'1970-01-01'),(1638,0,'','','','',0,15,6,'0000-00-00'),(1704,0,'','','','',0,7,3,'0000-00-00'),(1926,0,'','','','',0,12,6,'0000-00-00'),(2038,0,'','','','',0,7,6,'0000-00-00'),(2199,0,'','','','',0,8,4,'0000-00-00'),(2254,0,'','','','',0,8,2,'0000-00-00'),(2290,0,'','','','',0,8,3,'0000-00-00'),(2301,0,'','','','',0,11,5,'0000-00-00'),(2304,0,'','','','',0,17,5,'0000-00-00'),(2317,0,'','','','',0,5,0,'0000-00-00'),(2331,0,'','','','',0,6,2,'0000-00-00'),(2398,0,'','','','',0,8,7,'0000-00-00');
/*!40000 ALTER TABLE `reg_institution_additional` ENABLE KEYS */;
UNLOCK TABLES;

--
-- Table structure for table `reg_rf_subject`
--

DROP TABLE IF EXISTS `reg_rf_subject`;
/*!40101 SET @saved_cs_client     = @@character_set_client */;
/*!40101 SET character_set_client = utf8 */;
CREATE TABLE `reg_rf_subject` (
  `id` int(2) unsigned zerofill NOT NULL AUTO_INCREMENT COMMENT 'идентификатор региона',
  `name` varchar(100) COLLATE utf8_unicode_ci NOT NULL COMMENT 'имя',
  PRIMARY KEY (`id`)
) ENGINE=InnoDB AUTO_INCREMENT=96 DEFAULT CHARSET=utf8 COLLATE=utf8_unicode_ci COMMENT='Коды регионов РФ';
/*!40101 SET character_set_client = @saved_cs_client */;

--
-- Dumping data for table `reg_rf_subject`
--

LOCK TABLES `reg_rf_subject` WRITE;
/*!40000 ALTER TABLE `reg_rf_subject` DISABLE KEYS */;
INSERT INTO `reg_rf_subject` VALUES (01,'Республика Адыгея'),(02,'Республика Башкортостан'),(03,'Республика Бурятия'),(04,'Республика Алтай (Горный Алтай)'),(05,'Республика Дагестан'),(06,'Республика Ингушетия'),(07,'Кабардино-Балкарская Республика'),(08,'Республика Калмыкия'),(09,'Республика Карааево-Черкесия'),(10,'Республика Карелия'),(11,'Республика Коми'),(12,'Республика Марий Эл'),(13,'Республика Мордовия'),(14,'Республика Саха (Якутия)'),(15,'Республика Северная Осетия (Алания)'),(16,'Республика Татарстан'),(17,'Республика Тыва'),(18,'Удмуртская республика'),(19,'Республика Хакасия'),(21,'Чувашская республика'),(22,'Алтайский край'),(23,'Краснодарский край'),(24,'Красноярский край'),(25,'Приморский край'),(26,'Ставропольский край'),(27,'Хабаровский край'),(28,'Амурская область'),(29,'Архангельская область'),(30,'Астраханская область'),(31,'Белгородская область'),(32,'Брянская область'),(33,'Владимирская область'),(34,'Волгоградская область'),(35,'Вологодская область'),(36,'Воронежская область'),(37,'Ивановская область'),(38,'Иркутская область'),(39,'Калининградская область'),(40,'Калужская область'),(41,'Камчатский край'),(42,'Кемеровская область'),(43,'Кировская область'),(44,'Костромская область'),(45,'Курганская область'),(46,'Курская область'),(47,'Ленинградская область'),(48,'Липецкая область'),(49,'Магаданская область'),(50,'Московская область'),(51,'Мурманская область'),(52,'Нижегородская область'),(53,'Новгородская область'),(54,'Новосибирская область'),(55,'Омская область'),(56,'Оренбургская область'),(57,'Орловская область'),(58,'Пензенская область'),(59,'Пермский край'),(60,'Псковская область'),(61,'Ростовская область'),(62,'Рязанская область'),(63,'Самарская область'),(64,'Саратовская область'),(65,'Сахалинская область'),(66,'Свердловская область'),(67,'Смоленская область'),(68,'Тамбовская область'),(69,'Тверская область'),(70,'Томская область'),(71,'Тульская область'),(72,'Тюменская область'),(73,'Ульяновская область'),(74,'Челябинская область'),(75,'Забайкальский край'),(76,'Ярославская область'),(77,'г. Москва'),(78,'г. Санкт-Петербург'),(79,'Еврейская автономная область'),(80,'Забайкальский край'),(81,'Пермский край'),(82,'Камчатский край'),(83,'Ненецкий автономный округ'),(84,'Красноярский край'),(85,'Иркутская область'),(86,'ХМАО - Югра'),(87,'Чукотский автономный округ'),(88,'Красноярский край'),(89,'Ямало-Ненецкий автономный округ'),(94,'Территории, обслуживаемые УРО МВД России'),(95,'Чеченская республика');
/*!40000 ALTER TABLE `reg_rf_subject` ENABLE KEYS */;
UNLOCK TABLES;

--
-- Table structure for table `reg_subjects`
--

DROP TABLE IF EXISTS `reg_subjects`;
/*!40101 SET @saved_cs_client     = @@character_set_client */;
/*!40101 SET character_set_client = utf8 */;
CREATE TABLE `reg_subjects` (
  `id` int(2) unsigned NOT NULL AUTO_INCREMENT,
  `name` char(20) NOT NULL DEFAULT '',
  `teacher` int(2) unsigned NOT NULL DEFAULT '0' COMMENT 'id преподавателя',
  `code` int(2) unsigned DEFAULT NULL COMMENT 'Код предмета ЕГЭ',
  `comment` text NOT NULL COMMENT 'Комментарий',
  `min` int(2) unsigned NOT NULL,
  `mid` int(4) unsigned NOT NULL,
  `mid_old` int(4) unsigned DEFAULT NULL,
  PRIMARY KEY (`id`),
  UNIQUE KEY `name` (`name`)
) ENGINE=InnoDB AUTO_INCREMENT=10 DEFAULT CHARSET=utf8;
/*!40101 SET character_set_client = @saved_cs_client */;

--
-- Dumping data for table `reg_subjects`
--

LOCK TABLES `reg_subjects` WRITE;
/*!40000 ALTER TABLE `reg_subjects` DISABLE KEYS */;
INSERT INTO `reg_subjects` VALUES (1,'Русский язык',7,1,'',37,431,431),(2,'Математика',6,2,'',25,2592,432),(3,'Иностранный язык',2,1,'',21,430,430),(4,'Физика',8,3,'',37,2593,2581),(5,'История',4,7,'',33,982,982),(6,'Литература',0,18,'',0,0,0),(7,'Обществознание',4,12,'',40,654,654),(8,'Информатика и ИКТ',6,5,'В экзаменационных заданиях используются следующие соглашения:\r\n<OL>\r\n<LI>Обозначения для логических связок (операций):\r\n<OL type=\"a\">\r\n<LI>отрицание (инверсия, логическое НЕ) обозначается $$\\neg$$ \r\n(например, $$\\neg$$А);\r\n<LI>конъюнкция (логическое умножение, логическое И) обозначается $$\\land$$ \r\n(например, А $$\\land$$ В) либо & (например, А & В);\r\n<LI>дизъюнкция (логическое сложение, логическое ИЛИ) обозначается $$\\lor$$ \r\n(например, А $$\\lor$$ В) либо | (например, А | В);\r\n<LI>следование (импликация) обозначается –> (например, А –> В);\r\n<LI>символ 1 используется для обозначения истины (истинного высказывания); символ 0 – для обозначения лжи (ложного высказывания).\r\n</OL></LI>\r\n<LI>Два логических выражения, содержащих переменные, называются равносильными (эквивалентными), если значения этих выражений совпадают при любых значениях переменных. Так, выражения А –> В и ($$\\neg$$А) $$\\lor$$ В равносильны, а А $$\\lor$$ В и А /\\ В – нет (значения выражений разные, например, при А = 1, В = 0).\r\n</LI>\r\n<LI>Приоритеты логических операций: инверсия (отрицание), конъюнкция (логическое умножение), дизъюнкция (логическое сложение), импликация (следование), эквивалентность (равносильность). Таким образом, $$\\neg$$А /\\ В $$\\lor$$ С /\\ D совпадает с (($$\\neg$$А) /\\ В) \\/ (С /\\ D). Возможна запись А /\\ В /\\ С вместо (А /\\ В) /\\ С. То же относится и к дизъюнкции: возможна запись А $$\\lor$$ В $$\\lor$$ С вместо (А $$\\lor$$ В) $$\\lor$$ С.\r\n',41,579,579),(9,'География',0,NULL,'',35,0,0);
/*!40000 ALTER TABLE `reg_subjects` ENABLE KEYS */;
UNLOCK TABLES;

--
-- Table structure for table `reg_test_answers`
--

DROP TABLE IF EXISTS `reg_test_answers`;
/*!40101 SET @saved_cs_client     = @@character_set_client */;
/*!40101 SET character_set_client = utf8 */;
CREATE TABLE `reg_test_answers` (
  `id` int(6) unsigned NOT NULL AUTO_INCREMENT,
  `question_id` int(4) NOT NULL,
  `text` text NOT NULL,
  `right` tinyint(1) NOT NULL DEFAULT '0',
  PRIMARY KEY (`id`)
) ENGINE=InnoDB AUTO_INCREMENT=1082 DEFAULT CHARSET=utf8 COMMENT='Ответы на вопросы теста';
/*!40101 SET character_set_client = @saved_cs_client */;

--
-- Dumping data for table `reg_test_answers`
--

LOCK TABLES `reg_test_answers` WRITE;
/*!40000 ALTER TABLE `reg_test_answers` DISABLE KEYS */;
INSERT INTO `reg_test_answers` VALUES (0,0,'1',0),(1,0,'2',0),(2,0,'3',0),(3,0,'4',0),(4,0,'5',1),(5,1,'-2',0),(6,1,'-1',1),(7,1,'0',0),(8,1,'2',0),(9,1,'1',0),(10,2,'–1',0),(11,2,'–0,5',0),(12,2,'0',0),(13,2,'0.5',1),(14,2,'1',0),(15,3,'–3',0),(16,3,'–1',0),(17,3,'1',0),(18,3,'3',0),(19,3,'5',1),(20,4,'–1',0),(21,4,'–0,75',0),(22,4,'–0,5',0),(23,4,'–0,25',0),(24,4,'0',1),(25,5,'20',0),(26,5,'26',0),(27,5,'32',1),(28,5,'38',0),(29,5,'44',0),(30,6,'10 см',0),(31,6,'5 см',0),(32,6,'30 см',0),(33,6,'55 см',0),(34,6,'26 см',1),(35,7,'390 $$\\pi$$ см3',0),(36,7,'625 $$\\pi$$ см3',0),(37,7,'392 $$\\pi$$ см3',1),(38,7,'500 $$\\pi$$ см3',0),(39,7,'510 $$\\pi$$ см3',0),(40,8,'26 см',0),(41,8,'36 см',0),(42,8,'46 см',0),(43,8,'76 см',1),(44,8,'84 см',0),(45,9,'$$3\\sqrt{29}$$ см',1),(46,9,'$$\\sqrt{29}$$ см',0),(47,9,'$$2\\sqrt{29}$$ см',0),(48,9,'36 см',0),(49,9,'$$5\\sqrt{29}$$ см',0),(151,31,'оскал…вать',0),(152,31,'захр…петь',0),(153,31,'восх…щать',0),(154,31,'об…жать вокруг',1),(155,31,'вж…вить',0),(156,32,'экск…ватор',0),(157,32,'препод…ватель',0),(158,32,'водор…сли',1),(159,32,'кр…хмал',0),(160,32,'б…хвальство',0),(161,33,'съеш...те',1),(162,33,'пугач…',0),(163,33,'москвич…',0),(164,33,'камыш…',0),(165,33,'много чудовищ…',0),(166,34,'написан...о',0),(167,34,'изумлен...а',0),(168,34,'ночь туман...а',1),(169,34,'беспредметн...о',0),(170,34,'прекращен...ы',0),(171,35,'ше...ствовать по улице',0),(172,35,'плес...нуть',0),(173,35,'опас…ный',0),(174,35,'искус...ный',0),(175,35,'чу…ствовать',1),(176,36,'1',1),(177,36,'2',1),(178,36,'3',1),(179,36,'4',0),(180,36,'5',1),(181,37,'подиум',0),(182,37,'процент',1),(183,37,'грация',0),(184,37,'диапазон',0),(185,37,'каталог',0),(186,38,'бе...предельный',0),(187,38,'ра...нарядка',1),(188,38,'ра...парка',0),(189,38,'бе...кровный',0),(190,38,'и...пачканный',0),(191,39,'контр…адмирал',1),(192,39,'пол…зала',0),(193,39,'в…последних рядах',0),(194,39,'кое…с… кем',0),(195,39,'средне…дольный',0),(196,40,'зав…южило',0),(197,40,'соб…ют',0),(198,40,'из…ездить',1),(199,40,'оп...яненный',0),(200,40,'грозд...я',0),(201,41,'легал…зация',0),(202,41,'нев…даль',0),(203,41,'пр…тон',0),(204,41,'т…снение',0),(205,41,'вет…ринар',1),(206,42,'м…нгуст',0),(207,42,'гон…рар',1),(208,42,'ур…ган',0),(209,42,'тр…фарет',0),(210,42,'декл…рация',0),(211,43,'падеж…скота',0),(212,43,'спряч…те',1),(213,43,'линюч…',0),(214,43,'шабаш…',0),(215,43,'с груш…',0),(216,44,'пан…ический',0),(217,44,'искрен…ий',1),(218,44,'пчелин…ый',0),(219,44,'смолян…ой',0),(220,44,'торфян...ой',0),(221,45,'радос...но',1),(222,45,'интерес...ный',0),(223,45,'безвкус...ный',0),(224,45,'де...ственные леса',0),(225,45,'чудес...ный',0),(226,46,'1',0),(227,46,'2',0),(228,46,'3',1),(229,46,'4',1),(230,46,'5',1),(231,47,'столяр',1),(232,47,'зарисовка',0),(233,47,'донор',0),(234,47,'заграждение',0),(235,47,'присказка',0),(236,48,'бе…корыстный',0),(237,48,'ра...каиваться',0),(238,48,'и...пахать',0),(239,48,'ра...кисать',0),(240,48,'ра…жать',1),(241,49,'по…моему лицу',0),(242,49,'руко…плескания',0),(243,49,'пол…избы',1),(244,49,'по…новому берегу',0),(245,49,'бок…о…бок',0),(246,50,'под…езд',1),(247,50,'в…юнок',0),(248,50,'сер…езный',0),(249,50,'батал…он',0),(250,50,'транс…альпийский',0),(251,51,'абон…мент',1),(252,51,'трен…ровка',0),(253,51,'пр…чёска',0),(254,51,'м…теж',0),(255,51,'эп…демия',0),(256,52,'д…лече',0),(257,52,'н…глец',0),(258,52,'гр…вюра',0),(259,52,'эксп…зиция',1),(260,52,'декл…рация',0),(261,53,'ветош…',1),(262,53,'зародыш…',0),(263,53,'с крыш…',0),(264,53,'плач… ребенка',0),(265,53,'похож…',0),(266,54,'несушен…ые грибы',0),(267,54,'безветрен…ый',1),(268,54,'кован…ый',0),(269,54,'серебрян…ый',0),(270,54,'зверин…ый',0),(271,55,'кос…ный человек',0),(272,55,'интриган…ский',0),(273,55,'гнус...ный',0),(274,55,'лес...ный',1),(275,55,'безглас...ный',0),(276,56,'1',1),(277,56,'2',1),(278,56,'3',1),(279,56,'4',1),(280,56,'5',0),(281,57,'наволочка',0),(282,57,'шасси',1),(283,57,'святки',0),(284,57,'фауна',0),(285,57,'фирма',0),(286,58,'бе…дарный',1),(287,58,'бе…ценный',0),(288,58,'и...кусанный',0),(289,58,'сни…хождение',0),(290,58,'ра...катывание',0),(291,59,'кое…с кем',0),(292,59,'по…умному совету',0),(293,59,'пол…батона',0),(294,59,'пол…Киева',1),(295,59,'светло…глазый',0),(296,60,'с…экономить',0),(297,60,'с…язвить',1),(298,60,'усад…ба',0),(299,60,'с морков...ю',0),(300,60,'сверх…изящный',0),(499,99,'Was the French women',0),(500,99,'Were the French women some',0),(501,99,'Was the French women an',0),(502,99,'Were the French women',1),(503,100,'had to',1),(504,100,'must',0),(505,100,'had',0),(506,100,'will have to',0),(507,101,'was you looked',0),(508,101,'were you looking',1),(509,101,'are you looked',0),(510,101,'did you look',0),(511,102,'speak',0),(512,102,'spoken',0),(513,102,'is spoken',1),(514,102,'speaks',0),(515,103,'made',1),(516,103,'done',0),(517,103,'prepared',0),(518,103,'created',0),(519,104,'into',0),(520,104,'in',0),(521,104,'out',1),(522,104,'from',0),(523,105,'in north',0),(524,105,'at the north',0),(525,105,'at north',0),(526,105,'in the north',1),(527,106,'while',0),(528,106,'that',0),(529,106,'until',1),(530,106,'as soon as',0),(531,107,'often',0),(532,107,'used to',1),(533,107,'used',0),(534,107,'usually',0),(535,108,'put up',0),(536,108,'pay',0),(537,108,'make',0),(538,108,'afford',1),(1000,500,'11011001',1),(1001,500,'11101000',0),(1002,500,'11011100',0),(1003,500,'10110001',0),(1004,501,'80',0),(1005,501,'120',0),(1006,501,'112',0),(1007,501,'96',1),(1008,502,'32 Кбайта',0),(1009,502,'512 бит',1),(1010,502,'64 бита',0),(1011,502,'32 байта',0),(1012,503,'10001111',0),(1013,503,'1100101',0),(1014,503,'101011',0),(1015,503,'1010111',1),(1016,504,'a = 22, b = 20',0),(1017,504,'a = 4682,  b = 4680',1),(1018,504,'a = 8246,  b = 246',0),(1019,504,'a = 470,    b = 468',0),(1020,505,'1',1),(1021,505,'2',0),(1022,505,'3',0),(1023,505,'4',0),(1024,506,'49',0),(1025,506,'28',0),(1026,506,'21',1),(1027,506,'7',0),(1028,507,'[tex]$\\left(A \\land \\neg B\\right)\\lor \\neg C$[/tex]',1),(1029,507,'[tex]$\\neg A \\lor B \\lor \\neg C$[/tex]',0),(1030,507,'[tex]$A \\lor \\neg B \\lor \\neg C$[/tex]',0),(1031,507,'[tex]$\\left(\\neg A \\land B \\right) \\lor \\neg C$[/tex]',0),(1032,508,'[tex]$\\neg X \\lor \\neg Y \\lor \\neg Z$[/tex]',0),(1033,508,'[tex]$X \\land \\neg Y \\land \\neg Z$[/tex]',0),(1034,508,'[tex]$X \\lor Y \\lor Z$[/tex]',1),(1035,508,'[tex]$X \\land Y \\land Z$[/tex]',0),(1036,509,'SMP',0),(1037,509,'MSO',0),(1038,509,'SNO',0),(1039,509,'OSN',1),(1040,510,'[tex]\\begin{tikzpicture}[scale=0.5] \\node (c) at (0,0) [fill,circle,inner sep=1pt] {}; \\node (e) at (3,0) [fill,circle,inner sep=1pt] {}; \\node (a) at (0,2) [fill,circle,inner sep=1pt] {}; \\node (d) at (4.5,3) [fill,circle,inner sep=1pt] {}; \\node (b) at (3,2) [fill,circle,inner sep=1pt] {};  \\draw (a) node [above] {$A$}       (d) node [above] {$D$}       (c) node [below] {$C$}       (e) node [below] {$E$}       (b) node [above] {$B$};   \\draw [thick]  (a) to (b) node [midway,above=1pt] {\\footnotesize $1$} (b) to (d) node [midway,above=1pt] {\\footnotesize $3$} (c) to (e) node [midway,below=1pt] {\\footnotesize $1$} (a) to (e) node [midway,above=1pt] {\\footnotesize $2$} (a) to (c) node [midway,xshift=-3pt] {\\footnotesize $4$};  \\end{tikzpicture}[/tex]',0),(1041,510,'2',1),(1042,510,'3',0),(1043,510,'[tex]\\begin{tikzpicture}[scale=0.5] \\node (c) at (5,2) [fill,circle,inner sep=1pt] {}; \\node (e) at (3.5,0) [fill,circle,inner sep=1pt] {}; \\node (a) at (2,2) [fill,circle,inner sep=1pt] {}; \\node (d) at (7,2) [fill,circle,inner sep=1pt] {}; \\node (b) at (0,2) [fill,circle,inner sep=1pt] {};  \\draw (a) node [above] {$A$}       (d) node [above] {$D$}       (c) node [above] {$C$}       (e) node [below] {$E$}       (b) node [above] {$B$};   \r\n\r\n\\draw [thick]  \r\n(a) to (b) node [midway,above=1pt] {\\footnotesize $1$}\r\n(a) to (c) node [midway,above=1pt] {\\footnotesize $4$}\r\n(c) to (d) node [midway,above=1pt] {\\footnotesize $3$}\r\n(a) to (e) node [midway,xshift=-5pt] {\\footnotesize $1$}\r\n(e) to (c) node [midway,xshift=5pt] {\\footnotesize $2$}; \r\n\\end{tikzpicture}[/tex]',0),(1044,511,'110100000100110011',0),(1045,511,'111010000010010011',0),(1046,511,'110100001001100111',1),(1047,511,'110110000100110010',0),(1048,512,'=E1-$E2',0),(1049,512,'=E1-$D2',1),(1050,512,'=E2-$D2',0),(1051,512,'=D1-$E2',0),(1052,513,'MAY',0),(1053,513,'A:\\SCHOOL\\USER\\TXT',1),(1054,513,'TXT',0),(1055,513,'A:\\SCHOOL\\USER\\TXT\\MAY',0),(1056,514,'5',0),(1057,514,'2',0),(1058,514,'3',0),(1059,514,'4',1),(1060,515,'1',0),(1061,515,'[tex]\\newcommand{\\slice}[4]{\r\n  \\pgfmathparse{0.5*#1+0.5*#2}\r\n  \\let\\midangle\\pgfmathresult\r\n\r\n  % slice\r\n  \\draw[thick,fill=black!10] (0,0) -- (#1:1) arc (#1:#2:1) -- cycle;\r\n\r\n  % outer label\r\n  \\node[label=\\midangle:#4] at (\\midangle:1) {};\r\n\r\n  % inner label\r\n  \\pgfmathparse{min((#2-#1-10)/110*(-0.3),0)}\r\n  \\let\\temp\\pgfmathresult\r\n  \\pgfmathparse{max(\\temp,-0.5) + 0.8}\r\n  \\let\\innerpos\\pgfmathresult\r\n  \\node at (\\midangle:\\innerpos) {#3};\r\n}\r\n\r\n\\begin{tikzpicture}[scale=3]\r\n\r\n\\newcounter{a}\r\n\\newcounter{b}\r\n\\foreach \\p/\\t in {12.5/type A, 12.5/type B, 25/type C,\r\n                   50/type D}\r\n  {\r\n    \\setcounter{a}{\\value{b}}\r\n    \\addtocounter{b}{\\p}\r\n    \\slice{\\thea/100*360}\r\n          {\\theb/100*360}\r\n          {\\p\\%}{\\t}\r\n  }\r\n\r\n\\end{tikzpicture}\r\n[/tex]',1),(1062,515,'[tex]\\begin{figure}\r\n\\begin{tikzpicture}\r\n\\begin{axis}[xbar,tick align=outside,\r\n             width=11cm,\r\n             height=8cm,\r\n             bar width={10pt},\r\n             enlargelimits=0.13,\r\n             legend pos=south east,\r\n             nodes near coords,\r\n             nodes near coords align=horizontal,\r\n             point meta=x * 1, % The displayed number.\r\n             xlabel=\\textbf{Frequency of Winning the Final},\r\n             xtick={0,5,...,35},\r\n             ytick={1,...,13},\r\n\r\nyticklabels={Kerry,Laois,London,Waterford,Clare,Offaly,Galway,Wexford,Dublin,Limerick,Tipperary,Cork,Kilkenny}\r\n            ]\r\n\\addplot\r\n[draw=blue,fill=blue!15]\r\ncoordinates\r\n{(1,1) (1,2) (1,3) (2,4) (3,5) (4,6) (4,7) (6,8) (6,9) (7,10) (25,11)\r\n(30,12) (32,13)};\r\n\\end{axis}\r\n\\end{tikzpicture}\r\n\\caption[Bar graph.]\r\n        {All-Ireland hurling champions\r\n          and the number of times they\'ve won the title\r\n          before 2010.}\r\n\\end{figure} [/tex]',0),(1063,515,'4',0),(1064,516,'30',0),(1065,516,'45',0),(1066,516,'50',0),(1067,516,'60',1),(1068,517,'128',0),(1069,517,'2',0),(1070,517,'256',0),(1071,517,'4',0),(1072,518,'4',1),(1073,519,'55',1),(1074,520,'1',1),(1075,521,'1010',1),(1076,522,'414',1),(1077,523,'М',1),(1078,524,'50',1),(1079,525,'1',1),(1080,526,'БГЖДВЕА',1),(1081,527,'АГВБ',1);
/*!40000 ALTER TABLE `reg_test_answers` ENABLE KEYS */;
UNLOCK TABLES;

--
-- Table structure for table `reg_test_questions`
--

DROP TABLE IF EXISTS `reg_test_questions`;
/*!40101 SET @saved_cs_client     = @@character_set_client */;
/*!40101 SET character_set_client = utf8 */;
CREATE TABLE `reg_test_questions` (
  `id` int(11) unsigned NOT NULL AUTO_INCREMENT COMMENT 'идентификатор вопроса теста',
  `subject_id` int(11) NOT NULL COMMENT 'идентификатор предмета',
  `variant` int(11) NOT NULL COMMENT 'номер варианта',
  `text` text NOT NULL COMMENT 'текст вопроса',
  `type` int(1) NOT NULL COMMENT 'тип вопроса',
  PRIMARY KEY (`id`)
) ENGINE=InnoDB AUTO_INCREMENT=528 DEFAULT CHARSET=cp1251;
/*!40101 SET character_set_client = @saved_cs_client */;

--
-- Dumping data for table `reg_test_questions`
--

LOCK TABLES `reg_test_questions` WRITE;
/*!40000 ALTER TABLE `reg_test_questions` DISABLE KEYS */;
INSERT INTO `reg_test_questions` VALUES (0,1,1,'Чему равна сумма корней уравнения: <BR>\r\n$$\\frac{x}{x-8}+\\frac{10}{x^2-10x+16}=\\frac{5x}{x^2-10x+16}$$ ?',1),(1,1,1,'Чему равна разность арифметической прогрессии, если ее десятый член равен 13, а пятый член равен 18?',1),(2,1,1,'Чему равна $$f\'\\left(3\\right)$$, если $$f\\left(x\\right) = \\sqrt[3]{x^2-1}$$ ?',1),(3,1,1,'Какое наибольшее целое число удовлетворяет неравенству: \r\n$$\\frac{5x-1}{4}-\\frac{8x-3}{5}>-\\frac{3}{2}$$ ?',1),(4,1,1,'Чему равно:\r\n$$\\left(\\sin{\\frac{7\\pi}{18}-\\sin{\\frac{\\pi}{9}}\\right):\\left(\\cos{\\frac{7\\pi}{18}-\\cos{\\frac{\\pi}{9}}\\right)$$ ?',1),(5,1,1,'Из пункта А в пункт В со скоростью 12 км/час выехал велосипедист, а через 32 минуты вслед за ним выехал другой со скоростью 15 км/час. Сколько километров от А до В, если в пункт В велосипедисты прибыли одновременно?',1),(6,1,1,'Длина ребер прямоугольного параллелепипеда равны 6 см, 8 см и 24 см. Найдите длины его диагоналей.',1),(7,1,1,'Образующая конуса равна 25 см, а радиус основания 7 см. Найдите его объем.',1),(8,1,1,'В правильной треугольной призме $$ABCA_1B_1C_1$$ проведено сечение через вершину $$C_1$$ и ребро АВ. Найдите периметр сечения, если сторона основания равна 24 см, а боковое ребро - 10 см.',1),(9,1,1,'В правильной четырехугольной пирамиде сторона основания равна 12 см, а апофема – 15 см. Найдите боковое ребро пирамиды.',1),(31,2,1,'В каком слове пропущена буква “е”?',1),(32,2,1,'В каком слове пропущена буква “о”?',1),(33,2,1,'В каком слове за шипящей следует мягкий знак?',1),(34,2,1,'Какое слово содержит удвоенное “нн”?',1),(35,2,1,'В каком слове пропущена согласная буква?',1),(36,2,1,'В каких позициях должны стоять запятые?<BR>\r\n“Лучи солнца $$\\scriptsize\\fbox{1}$$ пробиваясь сквозь листву $$\\scriptsize\\fbox{2}$$ скользят по стволам $$\\scriptsize\\fbox{3}$$ по нижним ветвям $$\\scriptsize\\fbox{4}$$ и небольшими кругами ложатся на темную землю $$\\scriptsize\\fbox{5}$$ сплошь покрытую иглами.”',2),(37,2,1,'В каком слове ударение падает на второй слог?',1),(38,2,1,'В каком слове приставка заканчивается на букву “з”?',1),(39,2,1,'В каком слове пропущен дефис?',1),(40,2,1,'В каком слове пропущен твердый знак?',1),(41,2,2,'В каком слове пропущена буква “е”?',1),(42,2,2,'В каком слове пропущена буква “о”?',1),(43,2,2,'В каком слове за шипящей следует мягкий знак?',1),(44,2,2,'Какое слово содержит удвоенное “нн”?',1),(45,2,2,'В каком слове пропущена согласная буква?',1),(46,2,2,'В каких позициях должны стоять запятые?<BR>\r\n“Иногда $$\\scriptsize\\fbox{1}$$ по праздникам $$\\scriptsize\\fbox{2}$$ отец доставал из комода свой пистолет $$\\scriptsize\\fbox{3}$$ и тогда сыну было позволено придержать его за желтую деревянную кобуру $$\\scriptsize\\fbox{4}$$ чтобы отец мог вытянуть из нее маузер – вынуть его самому отцу было неловко $$\\scriptsize\\fbox{5}$$ его искалеченная на войне рука постепенно отнималась.”',2),(47,2,2,'В каком слове ударение падает на второй слог?',1),(48,2,2,'В каком слове приставка заканчивается на букву “з”?',1),(49,2,2,'В каком слове пропущен дефис?',1),(50,2,2,'В каком слове пропущен твердый знак?',1),(51,2,3,'В каком слове пропущена буква “е”?',1),(52,2,3,'В каком слове пропущена буква “о”?',1),(53,2,3,'В каком слове за шипящей следует мягкий знак?',1),(54,2,3,'Какое слово содержит удвоенное “нн”?',1),(55,2,3,'В каком слове пропущена согласная буква?',1),(56,2,3,'В каких позициях должны стоять запятые?<BR>\r\n“Мне неизвестно $$\\scriptsize\\fbox{1}$$ сколько лет он нес службу в пешей почте $$\\scriptsize\\fbox{2}$$ беспрестанно таская суму и Библию, но $$\\scriptsize\\fbox{3}$$ кажется $$\\scriptsize\\fbox{4}$$ это было долго $$\\scriptsize\\fbox{5}$$ и кончилось заменой пешей почты конною.”',2),(57,2,3,' В каком слове ударение падает на второй слог?',1),(58,2,3,' В каком слове приставка заканчивается на букву “з”?',1),(59,2,3,' В каком слове пропущен дефис?',1),(60,2,3,' В каком слове пропущен твердый знак?',1),(99,3,1,'_____ old?',1),(100,3,1,'I’m sorry I couldn’t come yesterday. I _____ work late.',1),(101,3,1,'What magazine _________ through when you came into the hall?',1),(102,3,1,'Only English ______ in the shop.',1),(103,3,1,'This dress is _____ of cotton.',1),(104,3,1,'The policeman took his notebook ______ his top pocket.',1),(105,3,1,'Is the church _______ of England?',1),(106,3,1,'Don\'t start yet. Wait ____ father comes home.',1),(107,3,1,'When I was a child I _____ eat a lot of sweets.',1),(108,3,1,'I\'d like a new car, but I can\'t ______ one at the moment.',1),(109,3,2,'Your coat is new, but ______ isn\'t.',1),(110,3,2,'Yesterday _____ a collision in the English Channel between the \"S.P.Titan\" and a Dutch cargo ship.',1),(111,3,2,'Let\'s go out for dinner, _____ we?',1),(112,3,2,'- Was there any trouble at the demonstration? <BR> - Yes. About 20 people ______.',1),(113,3,2,'We spent yesterday evening _____ our next summer holiday.',1),(114,3,2,'Can you hear those people? What ____ about?',1),(115,3,2,'There is a shortage of water ______ there has been very little rain recently.',1),(116,3,2,'There was a sad expression ______ his face.',1),(117,3,2,'It\'s warm here. Take your coat ____.',1),(118,3,2,'I _____ the weather in this country.',1),(119,3,3,'They’ll give you plenty of _____ information.',1),(120,3,3,'Tom _____ by car.',1),(121,3,3,'_____ speak?',1),(122,3,3,'She said that her children ______ in the garden.',1),(123,3,3,'I didn’t realise that our conversation _____.',1),(124,3,3,'Look! It hasn’t stopped ______ yet.',1),(125,3,3,'I didn’t enjoy the book. It was _____ stupid story.',1),(126,3,3,'She went to work _________.',1),(127,3,3,'The sun rises at 06:23 and ____ at 17:03.',1),(128,3,3,'It took me a long time ______ wearing glasses.',1),(129,3,4,'The police _____ Tom.',1),(130,3,4,'I’m sorry I _______ able to see you yesterday.',1),(131,3,4,'This time tomorrow I’ll be _____ to Australia.',1),(132,3,4,'Nick, you _____ lend him some money, could you?',1),(133,3,4,'We couldn’t help ____ when he told us what had happened.',1),(134,3,4,'We ____ the newspapers and the magazines every day about eight o’clock in the morning.',1),(135,3,4,'Has it stopped _______?',1),(136,3,4,'Gemma looked ______ lonely.',1),(137,3,4,'The crane ____ the car out of the lake.',1),(138,3,4,'Helen is leaving Chicago ______.',1),(139,3,5,'Travelling by train is ____ flying.',1),(140,3,5,'The policeman read gentleman his rights after he ____ him.',1),(141,3,5,'You must ______.',1),(142,3,5,'We expect the booklet ____ in print soon.',1),(143,3,5,'Her new book will probably ___ into a number of foreign languages.',1),(144,3,5,'My bicycle isn’t here any more. Somebody _______ it.',1),(145,3,5,'Who is the _____ of the car?',1),(146,3,5,'Let’s ____ our glasses to your health!',1),(147,3,5,'I disagree with you ____ every point.',1),(148,3,5,'It was evident he was furious from the way he ____ at his visitor.',1),(500,8,3,'Дано $$A=C9_{16}$$ и $$B=334_{8}$$. Какое из чисел С записанных в двоичной системе отвечает условиям $$A<C<B$$',1),(501,8,3,'Азбука Морзе позволяет кодировать символы для радиосвязи, задавая комбинацию точек и тире. Сколько различных символов (цифр, букв, знаков пунктуации и т.д.) можно закодировать, используя код Морзе длиной не менее пяти и не более шести сигналов (точек и тире)?',1),(502,8,3,'Считая, что каждый символ кодируется двумя байтами, оцените информационный объем следующего предложения в кодировке Unicode, содержащего 32 символа: <B>«Один пуд – около 16,4 килограмм.»<B>',1),(503,8,3,'Вычислите сумму чисел x и y, при $$x = 1D_{16}$$, $$y = 72_8$$. \r\nРезультат представьте в двоичной системе счисления.',1),(504,8,3,'Определите значение целочисленных переменных a и b после выполнения фрагмента программы:\r\n<TABLE border=1>\r\n<TR><TD>Бейсик</TD><TD>Паскаль</TD><TD>Алгоритмический</TD></TR>\r\n<TR><TD>a=2468<BR>\r\nb=(a MOD 1000)*10<BR>\r\na=a\\1000+b<BR>\r\n\'\\ и MOD — операции, вычисляющие результат деления нацело первого аргумента на второй и остаток от деления соответственно</TD>\r\n<TD>a:=2468;<BR>\r\nb:=(a mod 1000)*10;<BR>\r\na:=a div 1000+b;<BR>\r\n{div и mod — операции, вычисляющие результат деления нацело первого аргумента на второй и остаток от деления соответственно}</TD>\r\n<TD>a:=2468<BR>\r\nb:=mod(a, 1000)*10<BR>\r\na:=div(a, 1000)+b<BR>\r\n|div и mod — функции, вычисляющие результат деления нацело первого аргумента на второй и остаток от деления соответственно|</TD></TR></TABLE>',1),(505,8,3,'Для какого из указанных значений числа X истинно высказывание: <BR>\r\n$$(X>4) \\lor \\left((X>1) \\rightarrow (X>4)\\right)$$?',1),(506,8,3,'Значения двумерного массива размера 7х7 задаются с помощью вложенного оператора цикла в представленном фрагменте программы\r\n<TABLE border=1><TR><TD>Бейсик</TD><TD>Паскаль</TD><TD>Алгоритмический</TD></TR><TR><TD>\r\nFOR n=1 TO 7<BR>\r\nFOR k=1 TO 7<BR>\r\nB(n, k)=k–n<BR>\r\nNEXT k<BR>\r\nNEXT n</TD>\r\n<TD>for n:=1 to 7 do<BR>\r\nfor k:=1 to 7 do<BR>\r\n   B[n, k]:=k–n;</TD>\r\n<TD>нц для n от 1 до 7<BR>\r\nнц для k от 1 до 7<BR>\r\n   B[n, k]=k–n<BR>\r\nкц<BR>\r\nкц</TD></TR></TABLE>\r\nСколько элементов массива будут иметь положительные значения?\r\n',1),(507,8,3,'Какое логическое выражение равносильно выражению $$\\neg \\left(\\neg A \\lor B) \\lor \\neg C$$?',1),(508,8,3,'Символом F обозначено одно из указанных ниже логических выражений от трех аргументов: X, Y, Z.\r\nДан фрагмент таблицы истинности выражения F:\r\n<TABLE border=1>\r\n<TR>\r\n<TD>X</TD>\r\n<TD>Y</TD>\r\n<TD>Z</TD>\r\n<TD>F</TD></TR>\r\n<TR><TD>0</TD>\r\n<TD>0</TD>\r\n<TD>0</TD>\r\n<TD>0</TD></TR>\r\n<TR><TD>1</TD>\r\n<TD>1</TD><TD>0</TD><TD>1</TD></TR>\r\n<TR><TD>1</TD><TD>0</TD><TD>0</TD><TD>1</TD></TR></TABLE>\r\n\r\nКакое выражение соответствует F?\r\n',1),(509,8,3,'Для составления цепочек используются бусины, помеченные буквами: M, N, O, P, S.  В середине цепочки стоит одна из бусин M, O, S. На третьем – любая гласная, если первая буква согласная, и любая согласная, если первая гласная. На первом месте – одна из бусин O, P, S, не стоящая в цепочке в середине.\r\nКакая из перечисленных цепочек создана по этому правилу?',1),(510,8,3,'В таблице приведена стоимость перевозок между соседними железнодорожными станциями. Укажите схему, соответствующую таблице.\r\n<TABLE border=1>\r\n<TR><TD></TD><TD>A</TD><TD>B</TD><TD>C</TD><TD>D</TD><TD>Е</TD></TR>\r\n\r\n<TR><TD>A</TD><TD BGCOLOR=\"#bbbbbb\"></TD><TD>1</TD><TD>4</TD><TD></TD><TD>1</TD></TR>\r\n\r\n<TR><TD>B</TD><TD>1</TD><TD BGCOLOR=\"#bbbbbb\"></TD><TD></TD><TD>3</TD><TD></TD></TR>\r\n\r\n<TR><TD>C</TD><TD>4</TD><TD></TD><TD BGCOLOR=\"#bbbbbb\"></TD><TD></TD><TD>2</TD></TR>\r\n\r\n<TR><TD>D</TD><TD></TD><TD>3</TD><TD></TD><TD BGCOLOR=\"#bbbbbb\"></TD><TD></TD></TR>\r\n\r\n<TR><TD>Е</TD><TD>1</TD><TD></TD><TD>2</TD><TD></TD><TD BGCOLOR=\"#bbbbbb\"></TD></TR>\r\n</TABLE>',1),(511,8,3,'Для 5 букв русского алфавита заданы их двоичные коды (для некоторых букв   из двух бит, для некоторых – из трех). Эти  коды представлены в таблице:\r\n\r\n<TABLE border=1>\r\n<TR><TD>В</TD><TD>К</TD><TD>А</TD><TD>Р</TD><TD>Д</TD></TR>\r\n<TR><TD>000</TD><TD>11</TD><TD>01</TD><TD>001</TD><TD>10</TD></TR>\r\n</TABLE>\r\nИз четырех  полученных сообщений в этой кодировке, только одно прошло без ошибки и может быть корректно декодировано. Найдите его:\r\n',1),(512,8,3,'При работе с электронной таблицей в ячейке A1 записана формула \r\n= D1-$D2. Какой вид приобретет формула, после того как ячейку A1 скопируют в ячейку B1?\r\n<BR><I>Примечание: символ $ в формуле обозначает абсолютную адресацию.</I>',1),(513,8,3,'В некотором каталоге хранился файл <B>Дневник.txt</B>. После того, как в этом каталоге создали подкаталог и переместили в созданный подкаталог файл <B>Дневник.txt</B>, полное имя файла стало \r\n<B>A:\\SCHOOL\\USER\\TXT\\MAY\\Дневник.txt</B>. \r\n<BR>Каково полное имя каталога, в котором хранился файл до перемещения?',1),(514,8,3,'Ниже в табличной форме представлен фрагмент базы данных о результатах тестирования учащихся (используется стобалльная шкала):\r\n\r\n<TABLE border=1 class=\\\"test\\\">\r\n<TR><TD>Фамилия</TD><TD>Пол</TD><TD>Математика</TD><TD>Русский язык</TD><TD>Химия</TD><TD>Информатика</TD><TD>Биология</TR></TR>\r\n<TR><TD>Аганян</TD><TD>ж</TD><TD>82</TD><TD>56</TD><TD>46</TD><TD>32</TD><TD>70</TD></TR>\r\n<TR><TD>Воронин</TD><TD>м</TD><TD>43</TD><TD>62</TD><TD>45</TD><TD>74</TD><TD>23</TD></TR>\r\n<TR><TD>Григорчук</TD><TD>м</TD><TD>54</TD><TD>74</TD><TD>68</TD><TD>75</TD><TD>83</TD></TR>\r\n<TR><TD>Роднина</TD><TD>ж</TD><TD>71</TD><TD>63</TD><TD>56</TD><TD>82</TD><TD>79</TD></TR>\r\n<TR><TD>Сергеенко</TD><TD>ж</TD><TD>33</TD><TD>25</TD><TD>74</TD><TD>38</TD><TD>46</TD></TR>\r\n<TR><TD>Черепанова</TD><TD>ж</TD><TD>18</TD><TD>92</TD><TD>83</TD><TD>28</TD><TD>61</TD></TR></TABLE>\r\nСколько записей в данном фрагменте удовлетворяют условию\r\n«Пол=’м’ ИЛИ Химия>Биология»?\r\n',1),(515,8,3,'Дан фрагмент электронной таблицы:\r\n<TABLE border=1 class=\\\"test\\\">\r\n<TR><TD></TD><TD>А</TD><TD>В</TD></TR>\r\n<TR><TD>1</TD><TD>=B1+1</TD><TD>1</TD></TR>\r\n<TR><TD>2</TD><TD>=A1+2</TD><TD>2</TD></TR>\r\n<TR><TD>3</TD><TD>=B2–1</TD><TD></TD></TR>\r\n<TR><TD>4</TD><TD>=A3</TD><TD></TD></TR></TABLE>\r\nПосле выполнения вычислений, была построена диаграмма  по значениям диапазона ячеек A1:A4. Укажите получившуюся диаграмму.\r\n',1),(516,8,3,'Исполнитель Черепашка перемещается на экране компьютера, оставляя след в виде линии. В каждый конкретный момент известно положение исполнителя и направление его движения. У исполнителя существуют две команды:<BR>\r\n<B>Вперед <I>n</I></B>, вызывающая передвижение Черепашки на <I>n</I> шагов в направлении движения.<BR>\r\n<B>Направо <I>m</I></B>, вызывающая изменение направления движения на m градусов по часовой стрелке.    (Вместо  <I>n</I>  и  <I>m</I>  должны стоять целые числа).\r\nЗапись:<BR>\r\n<B>Повтори 5 [Команда1 Команда2]</B>\r\nозначает, что последовательность команд в квадратных скобках повторится 5 раз.\r\nКакое число необходимо записать вместо <I>n</I> в следующем алгоритме:\r\n<B>Повтори 7 [Вперед 40 Направо <I>n</I>]</B>,\r\nчтобы на экране появился правильный шестиугольник?\r\n',1),(517,8,3,'Укажите минимальный объем памяти (в килобайтах), достаточный для хранения любого растрового изображения размером 64x64 пикселя, если известно, что в изображении используется палитра из 256 цветов. Саму палитру хранить не нужно.',1),(518,8,3,'В системе счисления с некоторым основанием число 17 записывается в виде 101. Укажите это основание.',3),(519,8,3,'Определите значение переменной с после выполнения фрагмента алгоритма:\r\n<DIV style=\"width:100%; text-align:center; padding: 10px\">[tex]\\tikzstyle{block} = [draw, fill=blue!20, rectangle, \r\n    minimum height=3em, minimum width=6em,text width=5em, text centered]\r\n\\tikzstyle{output} = [coordinate]\r\n\\tikzstyle{ifblock} = [draw, fill=blue!20, diamond, \r\n    minimum height=3em, minimum width=6em]\r\n\r\n\r\n\\begin{tikzpicture}[auto, node distance=2cm,>=latex\']\r\n    \\node [block] (start) {b:=0\\\\\r\nc:=0};\r\n    \\node [ifblock, below of=start] (system) {b=11};\r\n    \\node [block, below of=system] (calc) {c:=c+b\\\\\r\nb:=b+1};\r\n\r\n    \\draw [->] (system) -- node[name=u, near start] {$нет$} (calc);\r\n    \\node [output, right of=calc] (output) {};\r\n    \\node [output, below of=output, node distance=1cm] (output2) {};\r\n\\node [output, left of=output2] (output3) {};\r\n\\node [output, left of=output3] (output4) {};\r\n \r\n    \\draw [->] (start) -- node[name=ue] {} (system);\r\n    \\draw [->] (system) -| node[name=d, near start] {$да$} (output2);\r\n\r\n\\draw [-] (calc) |- (output4);\r\n\\draw [->] (output4) |- (ue);\r\n\r\n\\end{tikzpicture}[/tex]</DIV>\r\nПримечание: знаком := обозначена операция присваивания.',3),(520,8,3,'Количество значащих нулей в двоичной записи десятичного числа 126 равно',3),(521,8,3,'Укажите значения логических переменных K, L, M, N, при которых логическое выражение [tex]\\left(K \\lor M\\right)\\rightarrow\\left(M \\lor  \\neg L \\lor N\\right)[/tex] <I>ложно</I>.\r\nОтвет запишите в виде строки из четырех символов: значений переменных K, L, M и N (в указанном порядке). Так, например, строка 0101 соответствует тому, что K=0, L=1, M=0, N=1. \r\n',3),(522,8,3,'Исполнитель Робот действует на клетчатой доске, между соседними клетками которой могут стоять стены. Робот передвигается по клеткам доски  и может выполнять команды 1 (вверх), 2 (вниз), 3 (вправо), 4 (влево), переходя на соседнюю клетку в направлении, указанном в скобках. Если в этом направлении между клетками стоит стена, то Робот разрушается. Робот успешно выполнил программу\r\n<I>3233241</I>.\r\nКакую последовательность из трех команд должен выполнить Робот, чтобы вернуться в ту клетку, где он был перед началом выполнения программы, и не разрушиться вне зависимости от того, какие стены стоят на поле?\r\n',3),(523,8,3,'Три школьника, Миша (М), Коля (К) и Сергей (С), остававшиеся в классе на перемене, были вызваны к директору по поводу разбитого в это время окна в кабинете. На вопрос директора о том, кто это сделал, мальчики ответили следующее:\r\nМиша: «Я не бил окно, и Коля тоже…»\r\nКоля: «Миша не разбивал окно, это Сергей разбил футбольным мячом!»\r\nСергей: «Я не делал этого, стекло разбил Миша». \r\nСтало известно, что один из ребят сказал чистую правду, второй в одной части заявления соврал, а другое его высказывание истинно, а третий оба факта исказил. Зная это, директор смог докопаться до истины.\r\nКто разбил стекло в классе? В ответе запишите только первую букву имени. ',3),(524,8,3,'Модему, передающему сообщения со скоростью 28 800 бит/сек., для передачи 100 страниц текста в 30 строк по 60 символов каждая в кодировке ASCII потребуется     ______секунд(-ы).',3),(525,8,3,'Цепочки символов (строки) создаются по следующему правилу.\r\nПервая строка состоит из одного символа – цифры «1». \r\nКаждая из последующих цепочек создается такими действиями: в очередную строку дважды записывается цепочка цифр из предыдущей строки (одна за другой, подряд), а в конец приписывается еще одно число – номер строки по порядку (на i-м шаге дописывается число «i»).\r\nВот первые 4 строки, созданные по этому правилу:\r\n<TABLE border=0><TBODY style=\"border: none;\">\r\n<TR><TD>(1)</TD><TD>1</TD></TR>\r\n<TR><TD>(2)</TD><TD>112</TD></TR>\r\n<TR><TD>(3)</TD><TD>1121123</TD></TR>\r\n<TR><TD>(4)</TD><TD>112112311211234</TD></TR></TBODY></TABLE>\r\n\r\nКакая цифра стоит в седьмой строке на 120-м месте (считая слева направо)? \r\n',3),(526,8,3,'Доступ к файлу www.txt, находящемуся на сервере ftp.net, осуществляется по протоколу http. В таблице фрагменты адреса файла закодированы буквами от А  до Ж. Запишите последовательность этих букв, кодирующую адрес указанного файла.\r\n<TABLE border=1>\r\n<TR><TD>A</TD><TD>.txt</TD></TR>\r\n<TR><TD>Б</TD><TD>http</TD></TR>\r\n<TR><TD>В</TD><TD>/</TD></TR>\r\n<TR><TD>Г</TD><TD>://</TD></TR>\r\n<TR><TD>Д</TD><TD>.net</TD></TR>\r\n<TR><TD>Е</TD><TD>www</TD></TR>\r\n<TR><TD>Ж</TD><TD>ftp</TD></TR></TABLE>\r\n',3),(527,8,3,'В таблице приведены запросы к поисковому серверу. Расположите обозначения запросов в порядке возрастания количества страниц, которые найдет поисковый сервер по  каждому запросу. \r\nДля обозначения логической операции “ИЛИ” в запросе используется символ |, а для логической операции “И” – символ &.\r\n<TABLE border=1>\r\n<TR><TD>А</TD><TD>разведение & содержание & меченосцы & сомики</TD></TR>\r\n<TR><TD>Б</TD><TD>содержание & меченосцы</TD></TR>\r\n<TR><TD>В</TD><TD>(содержание & меченосцы) | сомики</TD></TR>\r\n<TR><TD>Г</TD><TD>содержание & меченосцы & сомики</TD></TR>\r\n</TABLE>\r\n',3);
/*!40000 ALTER TABLE `reg_test_questions` ENABLE KEYS */;
UNLOCK TABLES;

--
-- Table structure for table `specialties`
--

DROP TABLE IF EXISTS `specialties`;
/*!40101 SET @saved_cs_client     = @@character_set_client */;
/*!40101 SET character_set_client = utf8 */;
CREATE TABLE `specialties` (
  `id` int(4) unsigned NOT NULL AUTO_INCREMENT,
  `department` int(3) unsigned NOT NULL COMMENT 'Выпускающая кафедра',
  `name` char(150) NOT NULL DEFAULT '' COMMENT 'специальность',
  `spec_code` char(12) DEFAULT '' COMMENT 'код специальности',
  `qualify` char(60) NOT NULL DEFAULT '' COMMENT 'квалификация',
  `shortname` varchar(6) NOT NULL COMMENT 'Короткое название специальности',
  `code` varchar(8) NOT NULL,
  PRIMARY KEY (`id`),
  KEY `department` (`department`),
  CONSTRAINT `specialties_ibfk_1` FOREIGN KEY (`department`) REFERENCES `universities_departments` (`id`) ON DELETE CASCADE ON UPDATE CASCADE
) ENGINE=InnoDB AUTO_INCREMENT=52 DEFAULT CHARSET=utf8;
/*!40101 SET character_set_client = @saved_cs_client */;

--
-- Dumping data for table `specialties`
--

LOCK TABLES `specialties` WRITE;
/*!40000 ALTER TABLE `specialties` DISABLE KEYS */;
INSERT INTO `specialties` VALUES (1,1,'Дизайн','070601.65','дизайнер','',''),(2,1,'Автомобиле- и тракторостроение','190201.65','инженер','',''),(3,1,'Сервис транспортных и технологических машин и оборудования','190603.65','инженер','СТМДО',''),(4,2,'Управление и информатика в технических системах','220201.65','инженер','УИТДО',''),(5,2,'Автоматизация технологических процессов и производств','220301.65','инженер','',''),(6,2,'Информационные системы и технологии','230201.65','инженер','ИСТДО',''),(7,2,'Проектирование технических и технологических комплексов','150401.65','инженер','',''),(8,2,'Информационные системы','230200.62','бакалавр информационных систем','ИСДО',''),(9,2,'Автоматизация и управление','220200.62','бакалавр техники и технологии','',''),(10,3,'Машины и технология литейного производства','150204.65','инженер','',''),(11,3,'Машины и технология обработки металлов давлением','150201.65','инженер','',''),(12,3,'Технология художественной обработки материалов','261001.65','инженер-технолог','',''),(13,3,'Инженерная защита окружающей среды','280202.65','инженер-эколог','',''),(14,4,'Стандартизация и сертификация','200503.65','инженер','',''),(15,4,'Технология машиностроения','151001.65','инженер','',''),(16,4,'Металлообрабатывающие станки и комплексы','151002.65','инженер','',''),(17,4,'Машины и технология высокоэффективных процессов обработки материалов','150206.65','инженер','',''),(19,4,'Технологическое образование','050500.62','бакалавр технологического образования','',''),(20,5,'Динамика и прочность машин','150301.65','инженер','',''),(21,5,'Двигатели внутреннего сгорания','140501.65','инженер','',''),(22,5,'Газотурбинные, паротурбинные установки и двигатели','140503.65','инженер','',''),(23,5,'Электрооборудование автомобилей и тракторов','140607.65','инженер','',''),(24,6,'Экономика и управление на предприятии (машиностроение)','080502.65','экономист-менеджер','ЭДО',''),(25,6,'Менеджмент организации','080507.65','менеджер','МОДО',''),(26,6,'Маркетинг','080111.65','маркетолог','МкДО',''),(27,6,'Антикризисное управление','080503.65','экономист-менеджер','АкУДО',''),(28,6,'Социально-культурный сервис и туризм','100103.65','специалист по сервису и туризму','СкСДО',''),(30,6,'Сервис','100101.65','специалист по сервису','',''),(32,6,'Менеджмент','080500.62','бакалавр менеджмента','',''),(33,23,'Юриспруденция','030501.65','юрист','',''),(34,23,'Юриспруденция','030500.62','бакалавр юриспруденции','',''),(36,25,'Бухгалтерский учет, анализ и аудит','080109.65','экономист','',''),(37,26,'Финансы и кредит','060400.65','экономист','',''),(38,27,'Юриспруденция (гражданско-правовая специализация)','021100.65','юрист','',''),(39,28,'Менеджмент (ср. проф.)','080501.51','менеджер','',''),(40,28,'Экономика и бухгалтерский учет','080110.51','бухгалтер','',''),(42,22,'Информационные системы и технологии','230400.62','бакалавр','','09.03.02'),(43,2,'Менеджмент','080200.62','бакалавр','','38.03.02'),(44,1,'Экономика','080100.62','бакалавр','','38.03.01'),(45,6,'Наземные транспортно-технологические комплексы','190100.62','бакалавр','','23.03.02'),(46,6,'Эксплуатация транспортно-технологических машин и комплексов','190600.62','бакалавр','','23.03.03'),(47,21,'Управление в технических системах','220400.62','бакалавр','','27.03.04'),(48,18,'Техносферная безопасность','280700.62','бакалавр','','20.03.01'),(49,6,'Сервис','100100.62','бакалавр','','43.03.01'),(50,6,'Туризм','100400.62','бакалавр','','43.03.02'),(51,29,'Электроэнергетика и электротехника',NULL,'бакалавр','','13.03.02');
/*!40000 ALTER TABLE `specialties` ENABLE KEYS */;
UNLOCK TABLES;

--
-- Table structure for table `specialties_profiles`
--

DROP TABLE IF EXISTS `specialties_profiles`;
/*!40101 SET @saved_cs_client     = @@character_set_client */;
/*!40101 SET character_set_client = utf8 */;
CREATE TABLE `specialties_profiles` (
  `id` int(2) unsigned NOT NULL AUTO_INCREMENT,
  `specialty` int(4) unsigned NOT NULL,
  `name` varchar(120) NOT NULL,
  `internet` tinyint(1) NOT NULL DEFAULT '1',
  PRIMARY KEY (`id`)
) ENGINE=InnoDB AUTO_INCREMENT=24 DEFAULT CHARSET=utf8;
/*!40101 SET character_set_client = @saved_cs_client */;

--
-- Dumping data for table `specialties_profiles`
--

LOCK TABLES `specialties_profiles` WRITE;
/*!40000 ALTER TABLE `specialties_profiles` DISABLE KEYS */;
INSERT INTO `specialties_profiles` VALUES (1,44,'экономика предприятий высокотехнологичных производств',1),(2,44,'внешнеэкономическая деятельность предприятий высокотехнологичных производств',1),(6,43,'экономика и управление на предприятии (машиностроение)',1),(7,43,'управление инновационными проектами',1),(8,43,'управление логистическими процессами на предприятиях высокотехнологичных производств',1),(9,43,'менеджмент персонала промышленных предприятий',1),(10,43,'управление рекламной деятельностью машиностроительных предприятий',1),(11,43,'финансовый менеджмент на предприятиях высокотехнологичных производств',1),(12,42,'информационные системы и технологии',1),(13,45,'автомобили',0),(14,46,'автомобильный сервис',1),(15,47,'управление в технических системах',0),(16,48,'защита окружающей среды',0),(17,49,'сервис транспортных средств',1),(18,50,'технология и организация туроператорских и турагентских услуг в автомобильном туризме',1),(19,44,'бухгалтерский учет, анализ и аудит',1),(20,51,'диагностика и эксплуатация электрического и электронного оборудования автомобилей',0),(21,44,'экономика предприятий и организаций (металлургия)',0),(22,44,'экономика предприятий и организаций (нефтяная и газовая промышленность)',0),(23,44,'экономика предприятий и организаций (химическая и нефтехимическая промышленность)',0);
/*!40000 ALTER TABLE `specialties_profiles` ENABLE KEYS */;
UNLOCK TABLES;

--
-- Table structure for table `specialty_subjects`
--

DROP TABLE IF EXISTS `specialty_subjects`;
/*!40101 SET @saved_cs_client     = @@character_set_client */;
/*!40101 SET character_set_client = utf8 */;
CREATE TABLE `specialty_subjects` (
  `specialty` int(4) unsigned NOT NULL AUTO_INCREMENT,
  `subject1` int(2) unsigned DEFAULT '1',
  `subject2` int(2) unsigned DEFAULT '2',
  `subject3` int(2) unsigned DEFAULT NULL,
  KEY `FK_specialty_subjects_reg_subjects` (`subject1`),
  KEY `FK_specialty_subjects_reg_subjects_2` (`subject2`),
  KEY `FK_specialty_subjects_reg_subjects_3` (`subject3`),
  KEY `FK_specialty_subjects_specialties` (`specialty`),
  CONSTRAINT `FK_specialty_subjects_reg_subjects` FOREIGN KEY (`subject1`) REFERENCES `reg_subjects` (`id`),
  CONSTRAINT `FK_specialty_subjects_reg_subjects_2` FOREIGN KEY (`subject2`) REFERENCES `reg_subjects` (`id`),
  CONSTRAINT `FK_specialty_subjects_reg_subjects_3` FOREIGN KEY (`subject3`) REFERENCES `reg_subjects` (`id`),
  CONSTRAINT `FK_specialty_subjects_specialties` FOREIGN KEY (`specialty`) REFERENCES `specialties` (`id`)
) ENGINE=InnoDB AUTO_INCREMENT=52 DEFAULT CHARSET=utf8 COMMENT='Предметы, сдаваемые при поступлении на дисциплину';
/*!40101 SET character_set_client = @saved_cs_client */;

--
-- Dumping data for table `specialty_subjects`
--

LOCK TABLES `specialty_subjects` WRITE;
/*!40000 ALTER TABLE `specialty_subjects` DISABLE KEYS */;
INSERT INTO `specialty_subjects` VALUES (42,1,2,8),(43,1,2,7),(48,1,2,4),(51,1,2,4),(44,1,2,7),(50,1,3,5),(46,1,2,4);
/*!40000 ALTER TABLE `specialty_subjects` ENABLE KEYS */;
UNLOCK TABLES;

--
-- Table structure for table `teachers`
--

DROP TABLE IF EXISTS `teachers`;
/*!40101 SET @saved_cs_client     = @@character_set_client */;
/*!40101 SET character_set_client = utf8 */;
CREATE TABLE `teachers` (
  `id` int(2) NOT NULL AUTO_INCREMENT COMMENT 'id преподавателя',
  `surname` text NOT NULL COMMENT 'фамилия',
  `name` text NOT NULL COMMENT 'имя',
  `second_name` text NOT NULL COMMENT 'отчество',
  PRIMARY KEY (`id`)
) ENGINE=InnoDB AUTO_INCREMENT=9 DEFAULT CHARSET=utf8 COMMENT='Преподаватели';
/*!40101 SET character_set_client = @saved_cs_client */;

--
-- Dumping data for table `teachers`
--

LOCK TABLES `teachers` WRITE;
/*!40000 ALTER TABLE `teachers` DISABLE KEYS */;
INSERT INTO `teachers` VALUES (1,'Зубков','Виктор','Георгиевич'),(2,'Зубков','Владимир','Георгиевич'),(3,'Хитрова','Алла','Луспароновна'),(4,'Нехорошев','Сергей','Александрович'),(5,'Суслина','Наталья','Николаевна'),(6,'Виноградова','Ирина','Александровна'),(7,'Сащенко','Юрий','Васильевич'),(8,'Смирнов','Владимир','Геннадиевич');
/*!40000 ALTER TABLE `teachers` ENABLE KEYS */;
UNLOCK TABLES;

--
-- Table structure for table `universities`
--

DROP TABLE IF EXISTS `universities`;
/*!40101 SET @saved_cs_client     = @@character_set_client */;
/*!40101 SET character_set_client = utf8 */;
CREATE TABLE `universities` (
  `id` int(2) unsigned NOT NULL AUTO_INCREMENT COMMENT 'Идентификатор университета',
  `name` char(120) NOT NULL COMMENT 'Наименование ВУЗА',
  `abbreviation` varchar(35) NOT NULL COMMENT 'Краткое название',
  `type` varchar(10) NOT NULL DEFAULT 'ГОУ ВПО',
  `longtype` varchar(200) NOT NULL,
  `rsurname` varchar(20) NOT NULL,
  `rname` varchar(20) NOT NULL,
  `rsecond_name` varchar(20) NOT NULL,
  `rsurname_rp` varchar(20) NOT NULL,
  `rname_rp` varchar(20) NOT NULL,
  `rsecond_name_rp` varchar(20) NOT NULL,
  `abbreviation2` varchar(6) NOT NULL,
  PRIMARY KEY (`id`)
) ENGINE=InnoDB AUTO_INCREMENT=6 DEFAULT CHARSET=utf8 COMMENT='ВУЗы';
/*!40101 SET character_set_client = @saved_cs_client */;

--
-- Dumping data for table `universities`
--

LOCK TABLES `universities` WRITE;
/*!40000 ALTER TABLE `universities` DISABLE KEYS */;
INSERT INTO `universities` VALUES (1,'Московский государственный машиностроительный университет (МАМИ)','Университет машиностроения','ФГБОУ ВПО','Федеральное государственное бюджетное образовательное учреждение высшего профессионального образования','Николаенко','Андрей','Владимирович','Николаенко','Андрею','Владимировичу','МАМИ'),(2,'Московский институт экономики, менеджмента и права','МИЭМП','ГОУ ВПО','','','','','','','',''),(3,'Московский государственный гуманитарный университет имени М.А. Шолохова','МГГУШ','ГОУ ВПО','','Нечаев','Владимир','Дмитриевич','Нечаеву','Владимиру','Дмитриевичу',''),(4,'Российский государственный институт интеллектуальной собственности','РГИИС','ГОУ ВПО','','Близнец','Иван','Анатольевич','Близнецу','Ивану','Анатольевичу',''),(5,'Политехнический колледж №31','ПК 31','ГОУ CПО','','','','','','','','');
/*!40000 ALTER TABLE `universities` ENABLE KEYS */;
UNLOCK TABLES;

--
-- Table structure for table `universities_departments`
--

DROP TABLE IF EXISTS `universities_departments`;
/*!40101 SET @saved_cs_client     = @@character_set_client */;
/*!40101 SET character_set_client = utf8 */;
CREATE TABLE `universities_departments` (
  `id` int(3) unsigned NOT NULL AUTO_INCREMENT,
  `faculty` int(3) unsigned NOT NULL,
  `name` varchar(90) NOT NULL,
  `chief` varchar(90) DEFAULT NULL,
  PRIMARY KEY (`id`),
  KEY `faculty` (`faculty`),
  CONSTRAINT `universities_departments_ibfk_1` FOREIGN KEY (`faculty`) REFERENCES `universities_faculties` (`id`) ON DELETE CASCADE ON UPDATE CASCADE
) ENGINE=InnoDB AUTO_INCREMENT=30 DEFAULT CHARSET=utf8 COMMENT='Список кафедр по факультетам';
/*!40101 SET character_set_client = @saved_cs_client */;

--
-- Dumping data for table `universities_departments`
--

LOCK TABLES `universities_departments` WRITE;
/*!40000 ALTER TABLE `universities_departments` DISABLE KEYS */;
INSERT INTO `universities_departments` VALUES (1,6,'Экономики и организации производства','Секерин Владимир Дмитриевич'),(2,6,'Менеджмента','Аленина Елена Эдуардовна'),(3,5,'Русский язык',NULL),(4,2,'Философия и психология',NULL),(5,6,'Бухгалтерский учет и финансы предприятия',NULL),(6,1,'Автомобили','Фридлянов'),(7,4,'Стандартизация, метрология и сертификация',NULL),(8,6,'Правоведение',NULL),(9,2,'Высшая математика',NULL),(10,2,'Иностранные языки',NULL),(11,6,'Информационные технологии в экономике',NULL),(12,1,'Начертательная геометрия и черчение',NULL),(13,2,'Прикладная и вычислительная математика',NULL),(14,4,'Технология конструкционных материалов',NULL),(15,5,'Физика',NULL),(16,3,'Химия',NULL),(17,6,'Экономическая теория',NULL),(18,3,'Экология и БЖД',NULL),(19,4,'Автоматизированные станочные системы и инструменты',NULL),(20,4,'Технология машиностроения',NULL),(21,2,'Автоматика и процессы управления','Харитонов Валерий Иванович'),(22,2,'Информационных систем и дистанционных технологий','Колтунов Игорь Ильич'),(23,8,'Авторского права, смежных прав и частноправовых дисциплин','Близнец Иван Анатольевич'),(24,9,'Управление инновациями и коммерциализация интеллектуальной собственности','Королева Елена Владимировна'),(25,10,'Бухгалтерский учет и аудит','Лущик Ирина Викторовна'),(26,10,'Финансы и кредит','Продченко Игорь Анатольевич'),(27,12,'Гражданско-правовые дисциплины','Ситдикова Любовь Борисовна'),(28,13,'ПК 31',NULL),(29,1,'Автотракторное электрооборудование','Акимов Андрей Валентинович');
/*!40000 ALTER TABLE `universities_departments` ENABLE KEYS */;
UNLOCK TABLES;

--
-- Table structure for table `universities_faculties`
--

DROP TABLE IF EXISTS `universities_faculties`;
/*!40101 SET @saved_cs_client     = @@character_set_client */;
/*!40101 SET character_set_client = utf8 */;
CREATE TABLE `universities_faculties` (
  `id` int(3) unsigned NOT NULL AUTO_INCREMENT,
  `university` int(2) unsigned NOT NULL COMMENT 'ВУЗ',
  `name` char(50) NOT NULL DEFAULT '' COMMENT 'факультет',
  `short` char(10) NOT NULL COMMENT 'Короткое название факультета',
  PRIMARY KEY (`id`),
  KEY `university` (`university`),
  CONSTRAINT `universities_faculties_ibfk_1` FOREIGN KEY (`university`) REFERENCES `universities` (`id`) ON DELETE CASCADE ON UPDATE CASCADE
) ENGINE=InnoDB AUTO_INCREMENT=14 DEFAULT CHARSET=utf8 COMMENT='Список факультетов по института';
/*!40101 SET character_set_client = @saved_cs_client */;

--
-- Dumping data for table `universities_faculties`
--

LOCK TABLES `universities_faculties` WRITE;
/*!40000 ALTER TABLE `universities_faculties` DISABLE KEYS */;
INSERT INTO `universities_faculties` VALUES (1,1,'Автомобили и тракторы','АТ'),(2,1,'Автоматизация и управление','АиУ'),(3,1,'Конструкторско-технологический','КТ'),(4,1,'Механико-технологический','МТ'),(5,1,'Энергомашиностроение и приборостроение','ЭМиП'),(6,1,'Экономический','ЭФ'),(7,1,'Центр информационных технологий в образовании','ЦИТО'),(8,4,'Юридический',''),(9,4,'Управления интеллектуальной собственностью',''),(10,2,'Экономики и финансов',''),(11,2,'Управления',''),(12,2,'Юридический',''),(13,5,'ПК 31','');
/*!40000 ALTER TABLE `universities_faculties` ENABLE KEYS */;
UNLOCK TABLES;

--
-- Table structure for table `users`
--

DROP TABLE IF EXISTS `users`;
/*!40101 SET @saved_cs_client     = @@character_set_client */;
/*!40101 SET character_set_client = utf8 */;
CREATE TABLE `users` (
  `id` int(2) unsigned NOT NULL AUTO_INCREMENT COMMENT 'id пользователя',
  `surname` char(30) NOT NULL COMMENT 'фамилия',
  `name` char(30) NOT NULL COMMENT 'имя',
  `second_name` char(30) NOT NULL COMMENT 'отчество',
  `e-mail` varchar(50) NOT NULL COMMENT 'Электронная почта',
  `passwd` tinytext NOT NULL COMMENT 'Пароль',
  `rights` int(1) unsigned NOT NULL COMMENT 'права доступа',
  `notify` tinyint(1) NOT NULL DEFAULT '0' COMMENT 'Уведомления',
  `university` int(2) unsigned NOT NULL,
  PRIMARY KEY (`id`)
) ENGINE=MyISAM AUTO_INCREMENT=10 DEFAULT CHARSET=utf8 COMMENT='Привелегированные пользователи';
/*!40101 SET character_set_client = @saved_cs_client */;

--
-- Dumping data for table `users`
--

LOCK TABLES `users` WRITE;
/*!40000 ALTER TABLE `users` DISABLE KEYS */;
INSERT INTO `users` VALUES (1,'Смирнов','Владимир','Геннадиевич','smirnov@ins-iit.ru','859ddcc3ff38c78e7843eba10699a082',1,1,0),(2,'Мудракова','Елена','Викторовна','mudrakova@ins-iit.ru','43b877b916142a357167824ddcc5280c',1,1,0),(3,'Зубков','Георгий','Викторович','gzubkov@gmail.com','f562ff787bd421d9911bdf70bb00085d',1,1,0),(4,'Акимов','Андрей','Валентинович','akimov@mami.ru','129a56ee2b7430c8c195d0cede8add36',0,0,1),(5,'Инякина','Ирина','Викторовна','inyakina@ins-iit.ru','ca241f653ab2a921125332b374727185',1,1,0),(6,'Анисимов','Никита','Юрьевич','nikanis@mail.ru','e0f143e08ac6f1617dc83b019a2caabd',0,0,1),(7,'Сащенко','Юрий','Васильевич','saschenko@ins-iit.ru','184f33356b91eba1c331054b582c5ab8',1,0,0),(8,'Венедиктова','Вера','Павловна','cpp@mami.ru','2bc453907ba57164697d09d59abf5449',0,0,1),(9,'Зайцев','Сергей','Алексеевич','saz@mami.ru','e6a94cdebb1015e762c25fcf5e474844',0,0,1);
/*!40000 ALTER TABLE `users` ENABLE KEYS */;
UNLOCK TABLES;

--
-- Dumping routines for database 'admission'
--
/*!40103 SET TIME_ZONE=@OLD_TIME_ZONE */;

/*!40101 SET SQL_MODE=@OLD_SQL_MODE */;
/*!40014 SET FOREIGN_KEY_CHECKS=@OLD_FOREIGN_KEY_CHECKS */;
/*!40014 SET UNIQUE_CHECKS=@OLD_UNIQUE_CHECKS */;
/*!40101 SET CHARACTER_SET_CLIENT=@OLD_CHARACTER_SET_CLIENT */;
/*!40101 SET CHARACTER_SET_RESULTS=@OLD_CHARACTER_SET_RESULTS */;
/*!40101 SET COLLATION_CONNECTION=@OLD_COLLATION_CONNECTION */;
/*!40111 SET SQL_NOTES=@OLD_SQL_NOTES */;

-- Dump completed on 2014-10-31 13:31:26
